k,omega
2.70291838404,4.465542318331444
3.52780289787,5.6793823701534061
2.82199960324,4.6242672288140358
3.37769020281,5.4225187609878924
3.36500155747,5.4684832762213418
3.65550857084,5.8115828567673704
2.74557064913,4.5422324415403743
3.43183277276,5.5383655358062072
2.73929767383,4.4831818987697911
2.4884812544,4.1834970710520265
3.25892546546,5.2832515540255969
2.74749135615,4.5090538302903056
2.57956575033,4.299987026840034
2.35792151006,3.9884854329612214
2.72656273493,4.5135532999509564
2.95558038971,4.8622213229255449
2.94988455539,4.8224458918490871
2.74063462947,4.5190094954106215
2.38330954317,4.0761264540711881
3.60123391277,5.6745345292622016
3.24700124714,5.1866753423609291
2.77975445263,4.6267085347988983
2.78445609482,4.6059560819477969
3.5583248734,5.6675429670616193
3.00755988308,4.9191450293202248
3.23733745642,5.1887079846275475
2.88343972464,4.8154694806594645
3.35326493267,5.385253051981949
2.91993897799,4.7335778358866527
2.99086070616,4.9490300123719155
2.59554052178,4.2965852675846854
3.2656459722,5.2586335417640457
3.76249615843,6.0001778827383854
3.45920813693,5.5084865304866355
2.69145019431,4.4667316529993073
2.34821483153,3.99505003985553
3.26139178442,5.1111246132771555
3.21970385403,5.2673130660554666
3.4973865076,5.6291580832419603
3.40697630824,5.4881078560231416
3.50741369973,5.5516691089195476
3.41666858108,5.5040221518963319
3.06629592812,4.9690640575297644
2.39820745811,4.1213725256223137
3.57587163632,5.6867878186047438
3.1447862636,5.1560792811534331
2.58694567569,4.3047974291310558
3.00650318541,4.8863801446771769
2.6729369472,4.470490633844781
2.54202451267,4.3447488385671056
2.71473390715,4.5384609007689729
2.97203711667,4.8632418502431154
3.42445498672,5.4897273713566888
2.57986530502,4.3885473117098472
3.16415910947,5.0564612023555799
3.24574450835,5.3157829787396231
3.31162289306,5.3019366545314046
2.44939463417,4.1874380098195116
3.13500324802,5.1335722646973192
2.90110314867,4.7329837049075172
3.49414095379,5.5586112486444481
3.58624082574,5.7373975507918331
2.94675668572,4.8794546452553709
3.37929302326,5.4923700375714697
2.82331912022,4.6134808425317066
2.73702985766,4.5869770418199511
3.76722937123,5.8857407571179206
3.24649182507,5.2374181915014004
2.38164690919,4.1284584406303066
3.71009511391,5.8668176108959944
3.29906116512,5.3118311657138966
2.43893997792,4.1475594884360456
2.8595565542,4.6425689962737771
2.56723138941,4.2623884150089451
3.1438075203,5.1598560886701907
2.44418574582,4.1507389599814655
3.23391924544,5.2012701443406648
2.80048007,4.6278355993289022
3.54913824843,5.5850038835381346
2.6758751355,4.3590230047582894
3.69184677363,5.8221554702707685
3.37603260671,5.4699856768597606
2.99543594862,4.8230911058131793
3.55304191698,5.6607440036846777
3.536100613,5.641595571910206
2.41792615469,4.1412564735647788
2.54096087429,4.1837360991844577
3.07392203478,5.0410484542107534
2.39790870455,4.0061153608153637
3.02305316494,4.9804483197526244
2.98323201428,4.8257556706257372
3.37616268842,5.3597471676163178
3.34493387529,5.3850643084207537
2.41220175134,4.1504971235320482
2.56465376791,4.3727483271255156
2.65445295477,4.4233012072869409
2.70712265777,4.5232297211998116
3.59795043697,5.6456580661208235
2.49831832575,4.1024191096699179
2.85299933893,4.7053926289646979
2.82551467553,4.6331292587406558
3.76319656323,5.969039058359729
2.70980667117,4.5246743271182774
3.1370354726,5.0491460490961364
3.42555500802,5.4494708191904593
2.93282079851,4.8766417499707941
2.86129318836,4.7261998954633562
3.62193536929,5.8463797092463716
3.16182298087,5.1202614483517097
2.56263342571,4.2860938308368111
3.36639614773,5.4512739954895091
3.00154940094,4.9424739395862787
2.40635828475,4.0953745734096074
2.83092282866,4.6736761855702307
3.35026354889,5.4449993855547207
2.34084775128,4.0039830590450816
3.74013429006,5.9244842412162084
2.63465290256,4.4504775372605803
3.69148909411,5.8529921237947118
3.23651569322,5.2119967817519814
3.66921012625,5.7159382144156199
3.71120913874,5.8670286609430446
2.84808491336,4.6823773428292332
2.41728928553,4.1324914737800871
3.25417897758,5.3080049927638635
2.96755772042,4.8651812258836902
2.86350836555,4.7229957477614093
3.7185985735,5.950768764902902
2.40435433775,4.1693575229329713
3.61630239671,5.7457328263430334
3.41228616952,5.4532122154448688
3.35160179356,5.3962626483325735
3.35008807997,5.4772395952018256
2.48543481833,4.1494628574248242
2.67625889499,4.4627219036751047
3.23027669603,5.1967469647307611
2.35396360614,4.0208118222945455
2.44302172931,4.2190483462276456
3.05459336714,5.0330506577699241
2.51606676222,4.2555222083410174
3.65976407983,5.7492237390369816
3.37782259745,5.4488249219359739
2.43433215774,4.1459277315387597
2.46251339166,4.0627905351397331
2.83445657315,4.6400720300871532
2.48113096244,4.2475006486231868
3.10700185139,5.0300888547336582
3.16291807017,5.1355348723219425
2.94306754891,4.8244777732050963
2.87776431165,4.7567563749243984
2.69109375484,4.5066760326205504
2.71938946146,4.5391291064645873
3.33458030772,5.3575395978376879
2.57937194069,4.3270762231841049
3.68041506578,5.9327138591445419
3.0441869734,4.9297406295422803
2.72892337312,4.5571315449643732
2.65267962031,4.4690585048476912
3.61453723284,5.6814902499820654
3.48397162591,5.445530965768441
2.94733172585,4.759342243748109
3.57281193593,5.6107569373487225
3.54155694621,5.6374770702584796
3.21734231318,5.1840692905874466
2.96624808086,4.8616472162782269
3.26287697211,5.2728131494009975
3.44409872023,5.5618354175254598
2.98720237199,4.9583402153949852
3.57871826836,5.6181851712190296
2.5191767431,4.2562115015003563
2.47243332662,4.1369977463787935
2.69630343745,4.5504648316929215
2.50958070546,4.2963393473186793
3.50100023281,5.5781246039768888
3.32179130876,5.3232618696679488
3.27185690098,5.3520158550778625
3.20971772425,5.2728084721489328
2.5242566644,4.1976688642034778
3.48400336805,5.5624545113108219
3.33667727849,5.3468241601180688
3.69486777753,5.6396439030136829
3.36898863634,5.3756493814886914
3.38196262157,5.319976399050379
3.76881038289,5.9224930448239634
2.76065048972,4.5783463905810411
3.12015643396,5.0297563101336928
3.10135608184,4.9718895388824969
2.57017592825,4.2739462921590379
3.62531686172,5.8404962316289213
2.47636584477,4.2132248455360504
3.08810768975,5.0714228407018647
3.26085870496,5.3227772119914718
2.72569101362,4.5592786571962742
2.95775853199,4.8818608346352681
3.11387870288,5.0335617991140023
2.67521666534,4.454952060992281
3.55065793162,5.5933096795223864
3.7790398128,5.9511173522574836
3.68835681779,5.8535379854742651
3.6477791972,5.8163670936510963
3.76277723279,5.8982361770140228
2.55163748153,4.2992568582897359
2.57182135407,4.3693371690356786
3.01567148194,4.9839494302252261
3.29106719344,5.255746333707819
3.37004616946,5.3663476466351483
3.34304914547,5.3777676326102277
2.57646851618,4.3473500211013336
2.73255073037,4.5046446346523759
3.37094918242,5.4746395632972176
2.85388807148,4.6408165932710173
3.40751643749,5.5284630738384832
3.35153239524,5.3994454162850642
3.10319574425,5.1111029216228081
3.24993154962,5.1912224391187172
3.2938273229,5.2746838336229347
2.66848167179,4.4566557603937005
3.18822566038,5.1780253865406651
2.61701637066,4.3942900672125873
3.67252561415,5.813179457533983
3.5601303056,5.7116112467744653
3.31476216778,5.3142706643495972
3.72787841377,5.8879385666117399
2.41584566547,4.0560781859186079
2.35831622398,4.0739725119599592
3.37418245105,5.3542203328103346
3.25424745742,5.2007560006065505
3.62965254017,5.7475000671268974
2.71090751524,4.5183795106819566
2.90649334646,4.7386629512256118
3.55637616544,5.7488793936434739
2.97945488026,4.9341699134387076
3.17015313481,5.1326633888845183
2.68984246004,4.4139643464794691
3.4110669851,5.4582280967689059
2.66493362581,4.5253255474279968
3.6157130454,5.817052627998101
3.52130694339,5.6186691240818609
2.69590689148,4.5169551785620046
2.45124694649,4.1458194104047497
2.75668124164,4.5098946596258278
3.42308600482,5.5001866546588891
2.53597168151,4.2756225130623351
2.53526288007,4.2237157371671792
3.59085177844,5.7407088121856793
3.25874946467,5.3509449659830732
2.89050572985,4.7587442733495671
2.7097508283,4.4554289557922093
3.61209801019,5.8298597676083803
3.31796388143,5.3476993344940595
2.70556030924,4.5783072688612352
3.17136283295,5.1189975894814772
2.63970271163,4.4494426583257543
3.75395349592,6.0369768074370604
2.85922424312,4.6680437034014206
3.52523319854,5.5816243577322009
3.76683818138,6.0169050668272881
3.69152489337,5.8719925925214822
2.74653385058,4.4634298889203592
3.76294160273,5.8814788200662358
2.49477887503,4.1575329120899207
2.51508056911,4.2514819606258882
3.06096892938,5.0179543261600443
2.50761645727,4.2276416317941647
3.22702954445,5.1422673218955204
2.45849626262,4.1709828628168424
3.27955437877,5.3931539468350662
2.58671535273,4.2832020173575795
3.3306867929,5.3637152967479613
2.82660817059,4.6342247757305941
3.67954215287,5.8384799331641233
3.70266315742,5.88468021083
3.43504757715,5.5115310762426608
2.99993414661,4.9225380954877851
2.46742949885,4.1888173812210177
2.63513411776,4.3675366199041346
2.63568518787,4.4682146558810016
2.47432500241,4.3165016217078929
3.24761265393,5.2071884761150535
3.63474689997,5.8609110121938572
3.43914092748,5.5746735554959272
3.00461492032,4.8962135524873123
3.64901764099,5.8436183310023972
3.03730581094,4.7954950015636877
2.94613489311,4.7931162178739832
2.82034606547,4.6526226573353595
2.34650725053,4.0020069857424634
3.69444312141,5.8660277411991251
2.5042096876,4.1446059908718427
2.47865176235,4.2550820187589569
2.87393073672,4.6278504823250239
2.66539152741,4.4798798456178996
2.86177997631,4.7128137140898101
3.60258133458,5.7851358659835084
2.78751630891,4.6780470270346592
3.45147544264,5.528383546236789
3.39189508065,5.3830822815529142
3.61530297717,5.764972578718405
2.76358027668,4.5170178677440909
3.10034750398,4.9751309633207077
3.37046415841,5.3803566910694549
2.90011269639,4.7350391165828469
2.93733939913,4.8409414114811913
2.75652193535,4.5329546546543735
3.31508617288,5.2843374952695772
2.53713038206,4.3056491659857068
2.71352988698,4.4997508624123981
3.18550861014,5.136590443907286
3.6247371803,5.721009839181292
3.59195207744,5.6276096480213118
3.36001759771,5.4249307773335333
3.4709385439,5.6401815194060116
3.25021926802,5.2224503499505053
3.51223623936,5.5972262444445393
3.24350880026,5.2568096032602254
2.37480154839,4.1017185885598755
2.45106234512,4.1570354276927315
3.17883263206,5.1827523512070126
2.85200810552,4.659842209224867
3.45595082686,5.5252084243519137
3.62329980579,5.8199197039301662
2.96427353586,4.7697339180640839
3.72919502795,5.9926579069390211
2.47093114533,4.1542643442940355
2.65031569499,4.4185003451398943
3.76491884376,6.0118263471979478
3.36215120169,5.5112758932513399
3.441222276,5.5431039930436805
2.85803563026,4.6917558684334892
3.23011132623,5.2513143809152973
2.84123081454,4.6911016740019011
3.62064350047,5.7800694794070289
3.693693004,5.8706456107451661
2.49265319246,4.198030699150971
2.41444712936,4.1369616106242129
3.18841596983,5.0925742613385125
3.7716182681,5.9529065837083035
2.51040407426,4.1901877089143769
3.57612581247,5.636160006726552
2.57619385,4.3053728246085541
2.60364322064,4.3896404723471178
2.60717805296,4.3119914577682854
3.45027750552,5.5387567828471402
3.01284670772,4.9292662733877428
2.69386172283,4.4990754280843923
2.47944433261,4.192261266617904
2.88297425787,4.7229662861241328
3.07833075561,4.9755898189231385
2.60679180088,4.2929528197153584
2.77360709688,4.6043644495764742
3.64712740411,5.9271099342447391
2.42088902934,4.1459128452724689
2.9150291709,4.6441693473153451
3.09672055398,4.9710551977219248
3.00923999385,4.8451560424846605
2.84683648112,4.7190844799014915
2.73815437566,4.5611399679285167
3.68761826404,5.94368664409898
2.82439299458,4.60638977817095
3.67070810404,5.7377148788603494
2.35442578568,3.9623392661048502
2.55502796077,4.287536732949496
2.63227417595,4.459787097392117
3.14322939715,5.1436789190342411
2.9436801966,4.8643464627575224
3.29031331376,5.3129668593314623
2.84345515108,4.6097123421990922
2.56477853579,4.3041432003117404
3.51715854941,5.5986126666584077
3.33551285,5.3508049847185344
2.47822407169,4.2427842103529327
2.85634868041,4.7785510545992906
3.00816228966,4.9904035640730475
2.72409015722,4.5648863137943669
3.471965167,5.6057387450046825
3.15842306034,5.0713069322916571
2.88214962854,4.7043073302109875
2.6347163476,4.3887470349888345
2.61055735783,4.3909739251055493
2.70581047409,4.4900304515515312
3.00898754517,4.9335407661209922
3.43009592768,5.5783151078247712
3.35127981034,5.4303444165215655
2.75925963315,4.5542242429185542
2.97678616345,4.8610483016716639
2.41253734399,4.0811050923906764
3.29956632116,5.2840220506912843
2.45037213023,4.1241469892199349
3.48031028103,5.5573475201968554
3.61741946446,5.7460777675193171
3.57668749868,5.7361901858038618
2.66963120965,4.4340485045696632
3.6698846461,5.839144995186885
3.60700710434,5.744310816262816
3.21110743899,5.2163604779289958
2.469591724,4.1745218817788858
2.6684841891,4.4649697207008368
3.77756325285,6.0044908607039416
3.26074427327,5.2830786783377386
3.68273088594,5.8780931097673728
2.42738739324,4.1338825775114598
3.04799973494,4.9573743036209637
3.72116925774,5.912415841546439
3.17067174189,5.056773157837954
2.4001570095,4.1479355007020651
3.55797577122,5.6494703727602706
3.77375656301,5.9792530489918869
2.5930060521,4.4465939109684962
2.97282154551,4.8171717332737298
3.62414855313,5.8031742619180191
2.50219950055,4.2139944459354108
3.36214191622,5.376535477392939
3.33614852078,5.3392212639128189
2.63403111138,4.3601565555358546
3.05524578935,4.9394758353220567
3.77189770733,6.1304081251765199
3.39877917927,5.5205639028029747
3.13114670796,4.9726603732971473
3.62567501165,5.7698430143248212
2.6008851244,4.3130089392565685
2.50808745694,4.2960052024212461
2.43835397561,4.1399093494243644
2.82548378766,4.6391404477011928
3.35726871521,5.349835572073304
2.81396510191,4.6396572656431205
3.73836794912,5.8860977951645088
2.5337778614,4.2769014308964941
3.54595592539,5.7000486778280557
2.92360283426,4.7492628362087235
3.17663981613,5.1880580560917871
2.59025915271,4.3581111801923846
2.83257400937,4.6051978341332358
3.2794371412,5.1962711170305322
3.33332938314,5.3947407452082157
2.64199946397,4.3728196190873678
2.98700473725,4.8882328041448293
2.5148775354,4.2799654721189722
3.31314096162,5.3765302593840048
2.93134244707,4.8279498528448253
3.36256164962,5.3808008887088077
2.93800207274,4.7879904497336785
2.76625755457,4.6594544455983078
3.43646477861,5.4690534093552827
3.10831408112,5.1146983061082194
2.62298872443,4.413420913335206
3.57733049738,5.6690432500289116
2.72459148165,4.5407859219512554
3.20111439828,5.2696187555769756
2.69220568313,4.5044538485462757
3.36234329441,5.3758448529871128
2.61275162737,4.3304624130255629
3.42109740989,5.4273160794333597
2.69205682623,4.4442105108324546
2.67428040725,4.5337734808033465
3.27210905586,5.2108644868470968
2.79203472738,4.6563825149964622
3.22214745911,5.1333906110371421
2.57270186542,4.3946203647916784
3.38610477719,5.5500658761090662
2.75736529273,4.5340302260900565
2.3450266814,4.0482807585528118
2.36584912484,4.0759854683422647
3.67406488913,5.9236324250723973
2.59648761861,4.3365469403788754
2.97784895928,4.953420999228789
3.73686500185,6.0043119108689726
3.66007588887,5.8462961278032077
2.80100091404,4.5986370026437324
2.36503888694,4.0358177596033693
3.518149614,5.6765832827976634
2.52648539112,4.262085141689365
2.71277753011,4.5938623483006342
2.91978507977,4.7868173293111491
3.67698150917,5.8553411595765406
3.07382393668,4.9438383804879598
3.31144861673,5.258841574207084
3.49774680996,5.5945717669552266
3.09937149812,4.9974635260595894
2.61738839915,4.3361651582283383
3.01597250041,5.0055860069471327
3.18842976018,5.1664006423269981
3.01409206409,4.8305790173050118
3.26750544573,5.2916209208344034
2.66858320776,4.442601989864766
2.64610781394,4.4368568440404772
3.21304787222,5.1484353435655361
3.70317231725,5.8158743907371377
2.89208545764,4.737254944313869
3.16971242042,5.180494605393279
3.75940402535,5.978670511515964
3.32473709786,5.4099400802596165
2.78063112015,4.602530456857977
3.74416885328,5.9525254398000023
3.47078550642,5.5547514279691246
3.35760132355,5.3407719795408246
3.22305292795,5.3022559378998251
2.90641608851,4.703764136656984
3.55417512079,5.637362530861183
2.41358327754,4.1241761726599888
3.43928111753,5.4890052540803831
2.37951232146,4.0757718291527878
3.30448963142,5.3246217926444217
2.77919393466,4.5880150856702251
3.73860951574,5.8385527933983941
2.92881918746,4.8703100044338949
3.50615980145,5.5929711858959772
3.34361470529,5.3169475339956502
2.64742415528,4.4279681518432072
2.50594778637,4.1876861719419507
3.02533642607,4.9470144370566445
2.43297853645,4.1689216963346958
2.84640977405,4.7572299609577602
3.00088287566,4.9025875830956958
3.20343449516,5.1148749432288474
3.33235388918,5.3741266222555657
2.56153015043,4.1784564816956582
2.68153127516,4.5121644878877998
2.57450701642,4.3253043960921049
3.17572777847,5.1037532071690812
3.06607175245,5.0877506261277965
3.57463098262,5.7054322744023347
2.76751833127,4.4899363072063654
3.66952391207,5.9192849051517333
2.40208828529,4.1279532497804761
2.56050720455,4.3591677471101962
3.23763207135,5.3178596032464789
3.44139069602,5.4268754850637277
3.21895908596,5.211878202875436
3.40234225595,5.497810735617775
2.86995286894,4.811579238358286
3.78566560397,5.9597693568767154
3.74322834633,6.0160708504741578
2.48023400217,4.1590152861383691
3.19036960725,5.0533430700858286
3.56218941115,5.6247582518911061
3.71973109192,5.8583893156975426
3.11493927515,5.0687329876207716
2.96404194355,4.8347891023132181
3.03264534717,4.9374659336145701
3.63552965607,5.7588222969348477
2.88101881443,4.80390505343341
2.83055961485,4.5932006908261851
2.68738058599,4.4840983250713018
2.87960797591,4.7881981396950675
2.7358221594,4.5949864345506528
2.45649652709,4.1965770122092332
3.74016446793,5.8632792644364047
2.84550198892,4.6515723380692542
3.03747246272,4.953225222347724
3.53629425475,5.6956924590109503
3.29769115152,5.3255244228496794
3.23646809546,5.2220467127153105
2.44323516752,4.1265148977963646
2.95662500329,4.9016417814529571
3.38081854919,5.422234565006872
3.22286633837,5.2759882623964582
3.32987619999,5.4400060144737754
2.70195592566,4.4623428109548282
2.48908027207,4.1532600711243157
2.57572209944,4.3470819918724812
3.25494861063,5.2175801827435606
2.72960961838,4.5800108924628224
2.85945719328,4.7911658526227052
3.42761769363,5.4057466924755708
2.79280582528,4.6333865239924972
2.92921774973,4.863121252549127
3.31331878609,5.3164021319167567
3.55287750477,5.6414339944507752
3.23011427815,5.2138265069279761
2.94958180824,4.7909683936972751
3.28784820609,5.3003100872773103
3.71635624945,5.9600281138320819
3.29502265435,5.2300534683640221
3.51038867934,5.7249991628350045
2.60507589937,4.3724651472290743
2.38658115554,4.0578662884551955
2.59760213673,4.3691375835275759
2.43301977711,4.1304272371330004
3.70520684889,5.9047376173426587
3.14460948648,5.1351651332386616
2.56884971232,4.2952192127822029
2.50887115224,4.2231272382747918
3.38190889596,5.3674645290931604
2.92017135332,4.9094933708366524
2.80404837492,4.5764712681352657
3.33489713292,5.3141333953772678
2.9328974655,4.7793141640300068
2.46157120297,4.1968507281613192
3.39671897663,5.4540213958260795
2.56394547038,4.3281372368939657
3.72540310035,5.8869899966573378
2.51152653472,4.2087690089578995
2.38857232157,4.0694402131288889
2.35042065621,3.9982346134014883
2.760170511,4.6022348235957056
2.90107165449,4.7955311050305758
3.74076358757,5.8708469933403409
3.72295884632,5.8692417667902657
3.60678073478,5.6875482859649464
2.97174516367,4.7747909292030952
2.91797240846,4.7778395252226495
3.05256293617,4.9566636922244589
3.39138933498,5.4958344808581421
3.33631895855,5.3908692983198705
3.1231328277,5.1206535367520676
2.74567382018,4.5631539636958482
3.7806032049,5.9639796050935932
3.25354060406,5.2708949778114436
2.3810872288,3.9367483126539793
3.65804136354,5.8735337865377177
3.35549915869,5.4338829408775382
2.70586175871,4.536988922370246
3.71421142073,5.9766479047452439
3.74794370008,6.0277654139003225
2.95963689089,4.8436046885761854
3.34381526884,5.3373067446142182
2.60758729968,4.3710905036599161
2.42629433564,4.1089846054669845
3.70056447051,5.8883925035451528
3.25697155936,5.2009825925616795
3.37888828227,5.4872383553769888
2.58368477672,4.279722681661787
3.45220191248,5.4990324193151725
2.63075326494,4.3718498741700209
3.30137483166,5.266872426571803
2.43443331158,4.1103035204715903
2.40561022081,4.0343565792718961
2.44481603046,4.0929371267582271
2.33390082946,3.9892843683826351
2.90172572838,4.8500386584467012
3.43109831421,5.4429183394726888
3.07285614998,4.9495641603109402
3.55067964833,5.7601445630190877
3.76960833009,5.9866589301855706
2.62672357833,4.3260046851965841
3.57227359298,5.6192704200315058
3.55190119538,5.59432128817497
3.73582750392,5.8109851760282574
2.42399519859,4.1293775897308036
3.40562417453,5.4498134482174878
3.1784553851,5.1888005134521649
2.57511562083,4.2027532234591627
3.02779474362,4.8542559005350734
3.19433057056,5.1459267305524596
3.34633266227,5.416437513040437
2.38333732875,4.0450821648533131
2.71174380481,4.5218532139427303
3.08781145427,5.027758335057209
3.13408137027,5.1116310905495057
2.98475275702,4.8479116472999619
3.71043967781,5.912565437036049
2.68466546808,4.4531746544886195
2.55067967442,4.2824654830753959
3.73844906606,5.9601032643658538
3.02336517649,4.8923981412727198
2.69299462757,4.5293010367293958
2.37683547105,4.0539154369166557
2.93266263438,4.7862853697259053
2.78254255703,4.6519961867778488
3.67950457686,5.8427553068888605
3.44861964932,5.5904667550636429
2.95863191762,4.904678008700059
3.03379000533,4.9045325746586776
3.2723468395,5.3058173903773103
2.81725720661,4.6815141009779211
2.36288139613,4.0558004164390535
3.31219859113,5.3235274715320955
3.02962008025,4.9394104605785332
3.2095514378,5.2266754231961547
2.86144704185,4.7263623894660105
3.36454402665,5.4426280339171136
2.82675734357,4.6549087330917445
2.53043491566,4.2493844945154464
3.5228992015,5.6377344288522719
3.16671889365,5.1421778353864562
3.39627805519,5.3992968098351959
3.53865560838,5.5496060529312752
3.08232816118,5.0013563316752974
3.12336430091,5.0181924542064476
3.50516834806,5.5113527617556501
2.84877739002,4.6330525920323931
2.79271394773,4.6042011715220603
2.40079706337,4.05528726773648
3.6251502279,5.7866674410441474
3.10522612115,5.0717025273271741
2.68859571406,4.4825371742828128
2.89027640826,4.6456851955605734
2.98238739301,4.9730517204173825
3.01191707852,4.9212332864358599
3.69508138015,5.8326131177598315
3.06395730694,5.0033925454079453
3.76247961253,6.0336627073969584
2.77880207137,4.5582106987777591
2.96151467678,4.7685759738192601
2.84078438111,4.6649146929693481
2.56113493061,4.3474348775436287
3.298134198,5.382639450527031
3.42303374077,5.4469795062134949
3.24749442919,5.2002607773787366
3.2780393342,5.2356803572008159
2.81957430944,4.6569750812017139
2.96514976276,4.8150684555547247
2.71679931182,4.5895479356305433
3.56867592536,5.7692392370456789
2.89405903406,4.7400900740725795
3.21054086307,5.1272621466229271
3.49815548071,5.6502767498868591
3.45696857143,5.6569791922278876
2.89221445266,4.81283027954031
3.54840331995,5.6347566239303637
2.67376440552,4.5215678998677964
2.44287139809,4.112822291652332
3.25502461696,5.273978341892124
2.41568182908,4.1179603799814295
3.45004723617,5.4326098197415309
3.65704551304,5.7882307319654647
2.62134071259,4.3955685919834808
2.62036019181,4.4138636836573566
2.8196068517,4.6475191186100444
3.68877115258,5.8840328313601713
2.94233966464,4.8741360016383455
3.08117869485,5.0407396278444647
3.76873605084,5.9576600650075111
2.94030310414,4.8195921610809354
3.49925939999,5.4756965051816477
3.51502688532,5.609654859625639
2.91220182595,4.825520145188043
3.71635622515,5.8696456766090686
2.87125126123,4.7539072308865773
2.374690792,4.0724845349937482
3.40301168178,5.5212071460566685
2.68627418319,4.4195213569690157
2.64530319325,4.4799407822261603
3.59726723107,5.7517293598226038
2.59061670869,4.334437070528228
3.39734030955,5.4830671059433236
3.09177673363,5.0735383937180858
3.36029875416,5.2989941630827211
3.31286902966,5.3134741257423341
3.17527961667,5.1745591157743194
3.75561898241,6.0013350770874165
2.62576472355,4.3635115319969229
2.44916303789,4.1744913295759352
3.06821844156,4.9801152590518143
2.51243327067,4.2502646528565053
3.62842778082,5.6663531551225947
3.73724779265,5.964417180258839
3.41528863063,5.5480560436691251
2.92503419411,4.7497273910186815
2.45517989776,4.1946532092345175
2.55523447784,4.3729730408339318
3.30866366445,5.3977976618287347
3.62456599831,5.7570976610887792
2.63605312404,4.3905648942530791
2.61377355608,4.4626700411453122
3.1777820082,5.1851186027521505
3.00301520349,4.9356309054698668
3.42815500079,5.5727425969953348
3.46109756754,5.4864524032211612
2.59699925103,4.2774674981555165
3.33453130876,5.4717341499649184
3.15985090189,5.0381912914559424
2.42595321471,4.1482383701603203
2.53801289023,4.2476676086003549
3.33814901727,5.326782210249779
3.57281339223,5.6376223088193109
2.33774717684,3.9761892412820332
2.6537100089,4.3807523399535855
3.07142659176,5.0543191767319033
3.05739530477,5.0241000264590605
2.89346068189,4.7522256206318438
2.3919606034,4.0958343684477168
2.77583153079,4.6015019046620784
3.57681147179,5.7084005970416314
3.24396268192,5.2312602893927451
3.0255432345,4.9059611039380888
3.24476699106,5.2014655887514838
3.34348050638,5.4249219546404062
3.43844984849,5.4443413955008886
3.04971720114,4.9165041128316638
2.90150744307,4.6094897823792653
3.13998698579,5.075017119993543
3.46161467762,5.4906208348460774
3.15310054699,5.1209722628467151
3.59320026018,5.6730879242554044
2.80207948976,4.5766697822139824
3.30092295247,5.2935396036011158
2.98260287903,4.9807507513017217
2.59034800803,4.3462966098514659
3.2325254068,5.2688164541583618
2.66188819031,4.422509164165648
2.52114536489,4.2812733147124664
2.67103995853,4.4026300961487559
2.85790268715,4.6645414951022346
2.36451589249,3.9847110023916326
3.36394079843,5.4150090761066574
2.97323948503,4.9269541147490639
2.48170120327,4.1844602132466635
3.69055223936,5.9085108820886427
2.87589191451,4.8713152737407661
2.71947478584,4.4803933027733516
3.07029432033,4.9399700442357668
3.63456945724,5.8099658774674721
2.5297009876,4.2440800757985091
2.84674643665,4.6979462091787703
2.34172277012,4.0057341369082087
2.53887771612,4.2487657986328458
2.79430025571,4.671689007968963
3.38181888565,5.3641822558013352
2.80554420009,4.5812735343600588
2.70164252211,4.4787462562460751
3.3528350774,5.3881206697315154
3.2986180806,5.3340186370096827
2.46494910918,4.1344728161154682
3.58935170489,5.6840116354068178
3.67837812592,5.8583732924329039
3.66315860264,5.9180654448456966
3.20553060155,5.1674797544479976
3.31346080971,5.3057538696148372
3.05985517782,4.977080334077467
2.4204713113,4.1475195388928796
3.16341030371,5.1217772795002521
3.32982155868,5.4402187758887415
3.6881508622,5.893790013966103
2.51610084561,4.2918017115229068
2.38915628317,4.0295018004502712
3.30849160269,5.3801712476773345
2.9531368093,4.8447568232668683
3.43528898168,5.4681365328841203
3.41294570973,5.3999675675784884
2.88500142858,4.7252420999080362
2.5891742466,4.3864986239137087
2.38747031592,4.0487003786576272
2.34322330761,4.0006455771746392
2.7332144438,4.4888975661834749
2.42097725884,4.0593956821289217
2.37805300032,4.0347697939886968
3.74455813141,5.9194636245605903
3.5263447647,5.7067731502681394
3.29286049418,5.3787303292294819
3.66310186138,5.8456016378958644
2.33953998859,3.9830171385017534
2.85085442725,4.6597794258530536
3.27888033624,5.2332631312838807
3.67337639016,5.830781807093679
2.74514303932,4.5123363274540109
2.81009450328,4.7150712573481259
2.63116643278,4.3609280971549627
2.48916696407,4.1778977409914528
3.41345363015,5.4367013967872264
3.28418710681,5.2381855795202732
2.47211114232,4.1597410745630077
2.85263515529,4.7046256126584618
3.128943537,5.1133108768215205
3.64199291386,5.8181460254333208
3.01946555086,4.8709227280741993
3.16794895178,5.0982097876328698
2.88525688513,4.7973324454264885
2.60452658455,4.4027417738471151
3.36735968918,5.4128570051350842
2.86232662837,4.8282825231722466
3.03230931907,4.9442143713711069
2.33855314267,3.985605941084069
3.73884750621,5.8621981722499905
3.36099033116,5.3296675140379914
3.77791777084,5.9254771291601704
3.14194174606,5.1094460846463257
3.27573504334,5.293470794717912
2.3846748977,4.077206429642132
2.78074116298,4.6200916020588263
3.3082188283,5.3998364427004688
3.2357678017,5.2650944016617167
3.56934750777,5.6778707385639988
3.75837893808,5.8544713395641841
3.72832201805,5.943027487236181
3.64279530643,5.8313032654570209
2.40106684799,4.1598527699654699
2.49304942658,4.2537089123158252
2.64061387173,4.4118265554287808
3.73956616844,5.960122372368839
3.58479193029,5.7485361795240948
2.93825638342,4.8018736066383294
2.77684634613,4.6100051050823465
3.67790461106,5.8675552268132654
3.07119249934,4.9991628753625523
3.35377336163,5.3803903022436472
2.60645614959,4.3057302100470798
2.36057533317,4.0781262856530178
3.18639093439,5.1633190262814406
2.64041765221,4.4483595427481983
3.46823114151,5.5471835681523878
3.12707311796,5.0086404536424558
3.69922666529,5.940779195988382
3.18991644943,5.2053703297841993
2.36533018837,4.0536034503718241
2.66318871782,4.3952361183872064
3.45936576352,5.5170139691157214
3.64299045727,5.7872584982690478
3.73372252614,5.9958049270061489
3.34089302773,5.3102647682314243
2.69808833149,4.4577654603349037
3.23323933424,5.1971588888528828
3.01953191265,4.9292470237960471
2.42923007963,4.1171823159529115
2.84951494508,4.6589719147204853
3.36396826022,5.3844472155170866
3.12834151726,5.0636331035611519
2.66818052183,4.4074092586295919
3.30440619823,5.2408267770115531
3.68476518609,5.8553452139712201
3.50492728544,5.6023331085493018
2.64219607876,4.375841938673017
2.61473008671,4.3691884649193868
2.57974276476,4.2537962686851865
2.49510536914,4.1970196256408494
2.49208224919,4.2087673272420512
3.6785634784,5.9602154537069065
2.71465914233,4.4444778767102848
3.40544532567,5.3996592567087047
3.21040755814,5.1763830088691805
2.38914949216,4.0589007454961168
2.78165805402,4.6342432194296181
2.47940985003,4.269705947790893
3.47588578213,5.5415376349322907
3.3067310608,5.2947746583193407
3.25772195608,5.2526200619999956
3.7782933925,6.0356553054583539
3.35499164325,5.2925589404292239
3.05996184267,4.9719866735308953
3.16614876623,5.1000546580751811
2.90497737123,4.776164765225916
3.52975536839,5.7325662388671867
2.73754532347,4.5405024603426112
2.50724345178,4.2034926797363807
3.39257876155,5.5609955400614304
3.01142710717,4.8735012598510332
3.6024184103,5.7436642040511048
3.11856703973,4.9586264712467552
3.42442556656,5.4831447668742328
3.40148089507,5.6132758196110331
2.40659151174,4.1274920777639643
3.57272182673,5.7227279549089367
3.40152189683,5.4483216596630157
3.71035360783,5.8564409305547214
3.6410405793,5.8665907102723072
3.51013905227,5.6228481067378704
3.59835814607,5.7771222667292994
3.34952570012,5.4103076482024379
2.73257687921,4.5444755208542089
2.97222011501,4.9354432142930484
3.12524895256,5.1213337918358297
3.65152534717,5.7520036523417355
2.56058581221,4.4253495331880774
2.78599406181,4.6364550629983796
2.75183870569,4.5773854820481681
2.39834608707,4.0685237252768927
2.62184989514,4.3101234511418118
2.72336404968,4.5437690682609944
2.65941867539,4.4665406379747079
2.97781202775,4.8437038718568814
3.24108675425,5.2043971552324022
3.76939860819,6.0196825001849028
2.88825250766,4.6775752397499915
2.34192112869,4.0124865376941026
3.35170858013,5.3647724070550886
2.64537700537,4.5431423311089567
3.13746603538,5.0164720497169908
2.34875182,4.0211195028604241
3.54871926308,5.7249450280430674
2.58165077096,4.2988293358944336
3.12793016318,5.0488138973684231
2.9882243907,4.9670022400620928
3.32624917731,5.2747485964051171
3.70064126279,5.9344418919140196
3.3410783148,5.3449663389687467
2.3863420834,4.0686657397254988
3.65316848142,5.8525513632736104
3.45634740738,5.5922301874064066
3.04630134733,4.9831266453634955
3.37528938829,5.4279165544588288
3.52204441544,5.709076295208134
3.02005662238,4.8893802148247705
3.36322638262,5.4560168263568949
3.73223492934,5.8986478886787665
2.50611150469,4.1824191258619621
3.22900673392,5.1603941608138557
3.62095423218,5.6650919961968649
3.17659616383,5.1499630084531001
2.48534537445,4.2967773914764598
2.85490285771,4.6825043145909415
2.47988009208,4.1917124984484309
3.74100450431,6.0241793917121385
3.66575298861,5.7730155691402567
2.9508516881,4.8128805371973336
3.47030481648,5.5765276884553838
2.50869846672,4.140883067695639
3.54958929658,5.6568362124562368
3.00377296011,4.8859171360991462
3.36474788352,5.3866704250847368
2.87588887412,4.8580016534163528
2.91274577736,4.8142345844206389
3.49298267934,5.6325761682173772
2.45220198379,4.2288339002291728
3.56439672667,5.6851888772561248
2.63293099951,4.3720665121355831
3.20152385925,5.2065442591930005
2.60235691731,4.3665291636536754
2.70501717453,4.4986407774911514
2.74104207389,4.5522466107478747
2.94704084584,4.8783101496978007
3.51817312153,5.7052276463289315
2.68273075679,4.4971374799730253
3.10570619739,5.1287670106138004
2.85869892521,4.7296775522047971
2.48892702157,4.2099455384632236
3.29165403422,5.341758622849925
3.54022542158,5.6616936375302833
2.50445239194,4.2087065040058826
2.77058401541,4.6541174566124388
3.08958038514,4.9783801095766167
3.43555351088,5.4201978960358161
3.15492240315,5.1514955509561204
3.60717098958,5.7340591438455073
2.63538101394,4.3970266295663567
2.43366105026,4.0929408871267503
2.84705409108,4.6564270582637795
3.74395088323,5.9816928281732649
2.81217615449,4.6677440803712926
3.45727510775,5.5066903135008429
2.53061565183,4.2732475861867378
2.85872684348,4.7925327396673678
2.50787478887,4.2717629939349422
2.78250078463,4.6620168715734041
2.48100168747,4.2049734339075231
2.63103671871,4.3420949797282615
2.5179593006,4.1808066697396873
3.13372107567,5.0080856238884968
2.41146506422,4.0990536656784826
3.24497362679,5.2346251227916119
3.04082160797,4.9639582359873158
3.67022462877,5.7777603435172988
3.03307673972,5.0065389279342307
2.36457733324,4.045503329612675
2.80045289996,4.5788807970587708
2.72798741714,4.4914609195331323
3.3037128711,5.3788873589168444
2.33410864448,4.0033495071994114
3.54660890182,5.6824711194950828
3.66370743958,5.8505971645781241
2.50923155792,4.231092553569038
2.51699338108,4.1895884584457086
3.54501273687,5.6937059732663196
2.91018651913,4.7674020415787881
3.07976542762,5.0306215413680695
2.66037051915,4.4555654177063202
3.20482485223,5.2380689722660909
3.52487893881,5.6064418533241192
2.55262916028,4.3030147180311591
3.08156864937,5.0483067369629433
3.34612060438,5.415788736032126
3.31968029298,5.3491342726411073
2.71486854686,4.452621440561586
2.54168891059,4.2900026763595429
2.56427458463,4.3198971188665238
3.67720029356,5.7971069674275144
3.2721784237,5.2404411845329584
3.46103266674,5.5392224833811019
3.34414127904,5.4192908880022985
3.28311268505,5.3787386715401571
3.54668513504,5.5925368259488488
2.92370893557,4.7684944203496791
3.03651453724,4.977247610761772
3.46642403359,5.5675977314943035
3.3697358734,5.3652854702485433
3.44728790684,5.5618837423607408
3.61286220393,5.7506398008756436
3.2984738296,5.3284559150195472
2.63803591861,4.4550858585601949
3.05546436261,4.9459756790779643
2.58463836116,4.3979592926978803
2.44643371576,4.1515509043882624
3.42967936512,5.4591562524459851
3.42730377237,5.4838703171873346
3.75936649774,5.9206095995682775
3.24226031883,5.2111745466712724
2.840630538,4.734182706131862
2.6622791743,4.4322406246516302
2.56717258757,4.3922894853177965
3.31277828451,5.3320004111240342
3.51144703442,5.5923211364252889
3.63252307444,5.7939617219122441
2.77069173574,4.5680929666030634
3.61006943426,5.7672653407748928
2.73222046115,4.5503282841694839
2.84128267004,4.7672361320417043
2.81034818348,4.6577780155228208
3.01033736801,4.84902597616838
3.13515696743,5.1197330460115538
2.52014695044,4.2540830746355365
3.76780813436,6.0053976523892452
3.2677707599,5.2023386966095551
2.50361426483,4.1849853865875346
3.63878959431,5.8520550484000822
3.06938482619,4.9663498203917502
3.37396128015,5.4010487175504931
3.33136772198,5.3277460430768722
2.7307348376,4.4980524400485278
2.40348774002,4.0897001856016439
3.73164783777,5.9274303923685441
2.96454100421,4.9314906975942945
3.18499764165,5.149588651974307
2.89784453127,4.7563987731068682
3.09753846714,5.0064008134394786
3.64216375671,5.7508951909678077
3.65595307048,5.8385245963853309
3.63345721403,5.8464611447693464
3.06048496074,4.8648307072295234
2.86051787488,4.6920671297619263
3.32611681601,5.3332091848178722
2.84261082535,4.653075093666299
2.7882422999,4.598739880825212
3.53390765052,5.6556439474792093
2.52419978346,4.2271043770694803
3.74074164435,5.9307616240882606
2.45566506018,4.1426245011210421
2.37982961782,4.0856508210827629
3.50269949565,5.5749041098750558
2.9920147635,4.8701630750361398
3.57924964527,5.7210379726064042
2.42620227766,4.1225735553242151
3.04292319169,4.9547490107694019
3.73323075566,5.9097136875042944
3.42549663218,5.4435799613263844
3.5853139067,5.6967025634541582
3.72389326568,6.0120383649393085
3.21880882603,5.173883597830347
3.38101864893,5.5581307673793177
3.52484252659,5.6430515421323824
2.44223789089,4.1440406759642574
3.34776429573,5.3356971365690491
3.02557031851,4.9545438918768578
2.4698785945,4.182205391391582
2.76017813231,4.6253986769071078
3.24348066918,5.2677011306324291
2.88622162679,4.695268382851908
3.21764080186,5.1546404364788465
3.29412240404,5.2438994131647885
2.71499766371,4.507993084811492
3.08594861911,5.0264310088135877
2.41400717317,4.1674858164341009
3.57260974792,5.7631660383176717
2.88030682629,4.778657668866173
3.11109767989,5.0181914439774635
2.82400923557,4.6392494262412267
3.57647116695,5.6950391012962305
2.47368933835,4.145568063192882
3.0480759424,4.9176421519452207
2.7190581613,4.4888517394135832
2.41009080443,4.1164498856329699
2.77042318298,4.646040729182177
3.58272214379,5.7315437340673867
2.87766254825,4.7565303978037514
2.87194999671,4.736366145503327
2.96966766664,4.7384177069074092
3.27660846378,5.2341959379220953
3.55886419638,5.7304768868545493
2.36169062031,3.9238011951926142
2.34068324209,4.0367019378403795
3.69789845826,5.8346366545859265
3.59185688054,5.714671857226401
2.73192634596,4.522732309888041
3.19549981527,5.2430451810072745
2.68888788169,4.5081032410964728
2.8925930563,4.7098151056466255
3.48916017461,5.5653716799540209
2.39531963774,4.0467254792731007
2.33498764621,4.018948633992375
2.59747428963,4.3797731925877192
3.02218511207,4.9524597864727147
2.55636259291,4.3244432323037376
3.43854425725,5.4945332093388588
3.58294817254,5.6951744668418698
3.62350693832,5.7900618564390411
2.83791286556,4.710257072132034
3.2859625921,5.2681390485020012
3.06787710306,4.9291756218658653
3.423818416,5.4558484423714138
3.2108998451,5.1760468397249992
2.45356538383,4.1793828158731632
2.46150854006,4.1795611447364847
2.67912600363,4.4454473960638845
2.98957589498,4.8835012515053675
3.45414701138,5.4779525266783162
3.56083021004,5.5648090114696114
2.3468900408,3.9834770884405439
2.85917622599,4.7084610633110771
3.00318862528,4.8940647724879742
2.45521298905,4.1844459705496293
3.04563325102,4.9122973231736564
3.15385962842,5.1873612125278239
2.81342476489,4.6230665027027671
3.32358602835,5.3648439434569699
3.55959842294,5.6721358299528992
3.15257887376,5.1117474155891838
2.77874539679,4.6031552141242784
2.65730433514,4.327078291253315
3.61571125257,5.8433756434929611
3.06885760048,4.9724837767211989
3.37629579467,5.3820107749727413
3.0476512233,5.0308729691400265
3.41245650493,5.3969868673196819
2.6008799312,4.2883124028917274
2.73346015151,4.5081705808257988
3.25997978066,5.3094339858568755
3.54718248593,5.6860926621395551
2.53006415673,4.2696985565400301
3.70393029187,5.8112837373111796
3.53229781417,5.6233520317634884
3.57670181836,5.6810695309702117
3.1204174712,5.0005657602720204
2.98644763686,4.9377674832430332
2.71460355602,4.5540431552112395
2.63916259613,4.4192653812979694
3.10681765787,5.1057802785763533
3.02440942269,4.8800235231522224
3.49103771588,5.5468352137297625
2.41196045206,4.0977684921031816
2.64144837708,4.3518924598465754
3.15060261203,5.1602525741231888
3.71220816129,5.9275735987975819
2.81792381782,4.67903099358338
2.45513921452,4.1594531132222876
2.39694275385,4.0332380854943084
3.39745936307,5.4177271577908765
2.36453080861,4.0872659570591443
2.86946495156,4.7589937655942061
2.37336829581,4.0289030655306624
3.26668792014,5.2222297188760063
2.82124973919,4.6847595700371345
3.5237496902,5.6567209822148827
2.85900462247,4.6903307101123763
2.69502464611,4.4869195481230246
2.78055345104,4.6361354506950931
3.03820866306,4.9996295446399381
3.37987365252,5.4576628392031576
2.64891919904,4.3436033654132586
2.84350741347,4.6361245272585467
2.53407558456,4.2804434388740988
3.09498003636,4.9952800668579478
3.26010117265,5.2566919471005749
2.52339419465,4.2411731301815605
3.45072156541,5.4580149110826044
2.87896307248,4.729810857868828
2.36570908818,4.0303003538995554
2.63094038679,4.4122800380884533
2.79005640789,4.6534521753806732
2.6422635572,4.4425775259681455
3.72088369666,5.955610421686055
3.77362647182,6.0652332495634882
2.95019790418,4.8036535436041179
2.66210806107,4.4055208938671582
2.74346688187,4.5038313482038381
3.24128948268,5.2992224351211767
3.75242171941,6.0115527767122101
3.33783022823,5.5269496259216693
2.88790693185,4.8551651935003637
3.62974968855,5.8104483239275799
3.3814802618,5.4099067352286481
3.04565465104,5.0026330014728595
3.73795503558,5.9146713599721954
3.72223978883,5.9612637781205686
3.78087397554,6.0449749623412066
2.86458556566,4.7008732663895456
2.80235559582,4.6455072680633069
2.93795439821,4.810901384112233
3.35332668859,5.356328162367185
2.47870674349,4.2032611316216846
2.60284125442,4.3249400840348819
2.36505206784,4.0676076130919352
3.03980125414,4.9087256852225076
3.3263951282,5.3911565290382883
2.86331097807,4.7009594299644197
2.43789802298,4.142791574642434
2.77637569309,4.6689589247611387
2.84628590993,4.6943823622633545
3.45387111087,5.5168926032522441
3.45807504686,5.5258215030368918
3.08501034949,4.9813863171862627
2.84692083153,4.7255695889007994
2.41200226607,4.0686263243277399
2.88606215761,4.724633934532843
3.22586025161,5.1608411079104526
3.73720405158,5.964289322372573
2.3984987456,4.1610121881188631
3.61317544712,5.6327908642000235
3.66300917957,5.7317220570713241
2.72951025143,4.5570595895378379
2.46475671513,4.094446019480765
2.49987039191,4.2596792885638335
3.49805533217,5.6966984933063003
2.8551802847,4.7358929032403738
3.49383395632,5.5177891625196995
3.35476689263,5.3231561030037886
2.66730872808,4.4819095036152952
3.5960831308,5.747632721073316
3.03278187411,4.9331627230964266
3.44127459761,5.4684170540967463
3.23483862735,5.1662060618927956
2.65527672394,4.5094624124013922
2.36080039936,4.0224274122185806
2.70851118896,4.476203427376471
3.35051246812,5.3177188192440736
2.67426184633,4.4904540765310346
3.60133999447,5.7260803037009405
3.48066327167,5.6360849186275441
2.34252311634,3.9756533787318351
3.38171311937,5.3877102703366004
3.38482229238,5.447602105959386
2.69088746851,4.5140723887431315
2.99311713547,4.9155744641037504
3.3077492459,5.3602960985677512
2.67928636104,4.452334888296317
3.36496581181,5.4363737045063409
3.75613138797,5.9318699844410467
3.31091872446,5.3303555796065618
2.6031209804,4.3814165161891845
2.59013047312,4.3126679191513713
3.61422189384,5.7695012512422252
2.90784067886,4.79426304384421
2.67464400155,4.4213672184928861
2.39943914846,4.1033175813570839
3.67003418463,5.8294621324042311
3.08401915608,5.0585756544177949
2.64338221664,4.4364406559545264
3.14247769848,5.1228750095377071
2.36336664318,3.970258980951558
3.49833565775,5.616811667627668
2.66270403383,4.4918307605503829
3.39736137051,5.4597433478477795
3.41991401378,5.4919142872396005
3.18124560105,5.071766705392017
2.43354581099,4.0810049820814758
3.4928307539,5.4964007858412662
2.46231357685,4.0441838294859682
3.33580205513,5.3801201936676231
3.49149399658,5.4841393382391503
2.59397046343,4.3252797864109169
2.84543735813,4.6439422601699958
2.53233238897,4.2789885808255397
2.34683783532,4.0389296817232001
2.55328221357,4.2923173974964044
3.05732316454,5.0380332974892061
3.72362426681,5.9549491516514008
2.41023706881,4.0922078626234937
3.58520773708,5.6836167783921852
2.76948105511,4.5240301805882845
2.51328124522,4.252302474152569
2.53660083779,4.2834860854773593
3.55421282096,5.6711428482739752
3.202878892,5.1487603849474786
3.25210760658,5.2751447720456808
3.62249512059,5.6980164493868219
2.88009953916,4.7186755349700418
3.12971624931,5.0381509003062908
2.43126632788,4.157670508501675
3.15567997395,5.1919933173132717
2.65960961165,4.5220282271080272
3.61959677389,5.7911204727236791
2.69832354706,4.483967074929609
2.43087161518,4.1309392300564571
3.37801490968,5.383419437326677
3.34238420981,5.5090178572815756
2.58938422295,4.2380719542112297
3.41200712303,5.3604041570942158
3.378103578,5.4473685775237657
3.44430003321,5.5188169233484032
3.18105557449,5.1780145465852421
3.41199594921,5.5788847557215817
2.92512445277,4.7546863546584959
3.62908514281,5.7937399106507019
3.16318067341,5.0905254497941606
3.20144681519,5.1024621011879221
2.50933520938,4.246483483011553
2.47267473149,4.2352918375737998
3.57874554866,5.859999219414707
2.59776661101,4.3494175689666221
2.62997322052,4.3743263611882863
3.26316521515,5.2861883450520093
3.6261901518,5.8706005761780933
2.79957976782,4.6301243125387277
2.39790106662,4.1228932336002977
2.74768923328,4.6168974021590987
2.44058931363,4.130350582453147
2.83082915347,4.7326795823358063
3.08781514505,5.0221512697061916
3.77286231614,6.0122873838896682
3.25734009617,5.1769510195248607
2.91168340468,4.6809853920214914
3.10220416699,5.0459125834830276
2.84628508612,4.7441495016822364
3.27970733908,5.2737586111266745
2.96203879477,4.8152169730373284
3.47452367277,5.5659373672330181
2.85714411358,4.6787479136324492
2.56937826988,4.3314093913762282
3.67203522092,5.842197393292845
3.67675286501,5.8651685480465865
3.26717594013,5.2109258342563596
3.29251002718,5.3015218386948808
3.58284953962,5.7528744083211913
3.14709246241,5.0217888830097932
2.34368140149,4.0183260574595856
3.03442260861,4.9908598310632923
3.36969841142,5.3701654668677223
2.34680266079,4.0104344994079648
3.7654624913,5.9412389386084756
3.7031910127,5.8762845542690183
3.21398921073,5.1602849221390894
2.78218796775,4.5572952693626281
3.29787213462,5.3258580475503932
2.57617551921,4.4069550059247105
3.64483009491,5.7842449093743609
2.97211761831,4.8891227020549906
3.19014924646,5.1019607140871184
2.67696041406,4.4522823645045744
3.01438869112,4.9171706636060284
3.10641400233,5.0667253615421979
3.02107690146,4.9447966211308056
3.3468666121,5.3226540480011639
3.45977499478,5.5645976553418128
2.9181906881,4.8246190496192662
2.36354568587,4.0537248040914573
2.746659001,4.5627623000352209
2.54137359833,4.2338056013903529
3.72811753043,5.8829876097057774
2.35587225799,4.0082800421366418
2.74935783012,4.5800679487186802
2.51446267477,4.2300491473764881
3.31582597324,5.2843745668968536
2.55544504558,4.2969807924784869
3.45751407869,5.5336026695071672
3.77683911378,5.8846159312327364
3.65556376015,5.8095486222870143
2.60879928416,4.3184143865863662
3.10370781405,5.1168075219107774
2.58690947521,4.3301173359432275
3.6007437677,5.6757004776336597
2.39623867467,4.0507399748900736
2.82342119387,4.6065012640719312
3.49286709105,5.5396523161574214
2.46304787272,4.1624111940213364
2.57647250007,4.2506986484975808
3.47477225623,5.5999680117952861
3.70826737302,5.8373848608031889
2.88511210081,4.6916671843408277
3.12545971363,5.0512677735506726
3.59582005249,5.723801091358629
2.76527650811,4.5077580483233746
2.61936792881,4.4330071611804218
3.56506714774,5.6668091951947286
2.53393321344,4.3166217384493155
2.95398227261,4.773486275825725
3.15046217836,5.2088010511973337
3.14635362783,5.0958260216564435
3.23347034889,5.2963695709828675
2.78348673621,4.5116615129380326
3.68976211941,5.8438771105892986
3.49138257084,5.5651274826224171
3.58975841475,5.6953053334310946
3.1239441799,5.0500938372900066
3.47401599746,5.516969872321118
2.53037474401,4.2666165251803321
3.01507280672,4.9233311789267065
3.06000960144,4.9570557381022855
3.6585146358,5.9003638078709137
3.27569008985,5.2539643357788837
3.61285481657,5.7658208898258803
2.71702789228,4.5062490298415421
2.90455284868,4.8247411016477901
2.77421550238,4.5224002926028133
2.64393721888,4.3807155128109336
3.35611681242,5.4012066606225391
3.10077032645,5.0120247656773067
2.60861678496,4.407754036396657
3.54729031034,5.7302741911415085
3.02274976846,4.8208553182412892
2.37762517625,4.049457330675506
3.23633267459,5.1631283632947715
2.37337253178,4.0937472988918158
2.46498620492,4.145761723843969
2.60858593623,4.3416506734374654
3.35549409275,5.4491731708492077
2.72375056743,4.5320182825993296
2.3343836698,4.0051074918804863
3.47788613006,5.6005114184387121
2.86557981291,4.763851520669351
3.50097231956,5.634019393495338
2.76483035317,4.6162961669531422
3.34824767397,5.3796571681282659
2.80228771025,4.6277644666356146
2.67658041334,4.4435489388887515
3.21143498409,5.2047748199519335
3.65642332956,5.7870840702309376
2.75290164492,4.5955338548486626
3.07200590487,4.9572031268527255
3.22235441485,5.3106676865414881
3.75747345158,5.9081100886505045
2.8812073718,4.8457517515835953
3.32872489154,5.3311970747816471
3.1229375076,5.0973323169893705
2.71908860635,4.4413526883834438
3.58279303425,5.7358205853613971
2.51003718294,4.2443660712829807
3.70805412397,5.8645865322957569
2.57828687792,4.3207945094145463
2.87416141552,4.6902940259694574
2.73320285999,4.4584365790461504
3.59908003092,5.6931396670750036
2.76380184257,4.5375551120077953
3.01867354294,4.8528788876587345
2.87557440295,4.712083375858211
3.72752806855,5.9859144788810292
2.77825483562,4.5495904076127704
2.52722251325,4.2345687164281767
2.570513304,4.3588303647237563
3.39640654732,5.4691673730285695
2.97282815711,4.8541953403875642
2.84780981503,4.6918243129294464
2.33434434644,3.998315900547714
3.63964168297,5.7111044946753724
2.84422638509,4.7503202475400421
3.1550921075,5.1851127918437054
3.6475470028,5.8511879567959904
2.7057607272,4.4714240482971404
3.69750643405,5.8296084407493485
2.48724186487,4.1285482904380011
2.86711222314,4.6720294749235327
3.11492166485,4.9680821044374204
2.46389108142,4.1950907148020899
3.76586122397,5.9361731719003705
2.7359311664,4.5022417825881389
3.51417987002,5.6019363146235781
2.91442174895,4.7630720869952761
3.64828327309,5.8295141296680759
3.24331475817,5.274129987241662
3.0256088099,4.8801783449971685
2.50974844159,4.2027460873807216
2.41307930735,4.0631864686729848
3.55752056498,5.7577733791193548
3.03661792661,4.9565832148461482
3.08161078532,4.974198164018433
2.56822640052,4.2933159176156064
2.75581431854,4.5248757514635489
2.53658133134,4.2464477787204773
3.50586024587,5.5492231486678039
2.86801080207,4.7244112463860626
3.13726361553,5.1194368200959444
3.45440452477,5.5329328734388739
2.68704310935,4.4365754467367706
3.58439662993,5.8136205161047023
2.6916626184,4.4795001947082866
2.65557124159,4.4185183360194253
2.49948380129,4.1828016407970905
2.43051293158,4.1123505297102705
3.43937270962,5.5061894077161702
3.40101235561,5.420299248449763
2.9374484057,4.7859027933865743
3.15787725733,5.1683307042910878
2.76432150167,4.5886837261768463
2.6671040025,4.3768157849132292
2.90629216797,4.7997508903398378
3.68694284932,5.8914135766788664
3.16413817636,5.1483048881961073
3.32207530752,5.3749748817950964
3.24370599667,5.2257349396107076
2.64296571126,4.3880708457112334
2.89577524691,4.7513114726054306
2.87327139242,4.6384045714970252
2.71274322808,4.5114907878853652
3.19292866271,5.1506166201857715
3.19929404005,5.2787402125164782
2.3670587575,4.0110929843892134
3.61894642519,5.8116474516699075
3.06718533456,4.9654753540189915
2.46882191059,4.2031888234750836
3.56608801799,5.7169862065107191
3.18602923303,5.0824343682156172
3.72816919312,5.9112330061171185
2.92750337589,4.787065610744615
3.64602200634,5.7634292025727678
2.76420999791,4.6177564664567123
2.37890326056,4.0809733801430772
2.46932213126,4.2523722482444208
2.69823655774,4.4881827606549933
3.58999076347,5.7176724996211847
2.95026957298,4.8761303774425988
3.047109495,4.9537876573004462
3.70984317201,5.8702386952939882
3.25148251531,5.3738739505739197
3.23524252628,5.3306768446545094
3.59160609525,5.7198794856966266
2.81272100622,4.6862581004852419
3.16493976418,5.116578123625489
2.9137166886,4.7463398655915459
3.00066069492,4.9190634165391138
3.04306427895,4.8818063681587658
3.39403038848,5.4946966651639881
3.28099378871,5.2338280497016063
3.59923857284,5.7798388625907489
3.12651913626,5.0590557209657296
3.56052532472,5.7264476128215387
3.21798373352,5.2188702652603292
3.45924321913,5.6204274131090441
2.7637681865,4.5366858939569354
2.41487197399,4.1085764799321067
3.52893999234,5.6916977895078578
2.94970154524,4.7373199032639919
2.65537496565,4.4732777435696978
3.00716214062,4.9515263614278657
3.10196315999,5.0134187944214696
2.39454545213,4.142390325053757
2.55946574369,4.2517242802991033
3.09769449571,5.1622935217399695
2.85812120186,4.7088164896920413
2.44762604494,4.1003818704042088
2.66577581404,4.4386992603580655
3.04937861445,5.0348105337861444
3.43949841715,5.5810791498510541
2.81550508926,4.6792651033422921
3.2112786244,5.2154501977897985
2.50805010702,4.2490259316765311
3.54690154183,5.6744165110678804
3.54383038229,5.6326286845655673
2.96732205633,4.8305459416759842
3.32697234367,5.3941089146718655
2.54876553473,4.3419438942116519
2.63385845966,4.4784845806769011
3.52920159502,5.6074545071101509
3.61789780612,5.7272714819509094
2.92539277328,4.7990416492771102
2.78236101307,4.6365635775856555
3.73093979863,5.9138496906198981
3.77370576335,5.9780959306610848
3.32721876574,5.3554810402139248
2.49580286069,4.1993582624394898
3.75162105393,5.8567695501798536
2.80599278298,4.700452930625632
3.48764122005,5.5500194496239041
3.24613944892,5.2542289475569612
2.33483135473,4.0747244253146375
3.57323386561,5.7038327209868758
3.34952218881,5.4986590841809919
2.86199854714,4.6919075650250779
2.73162730921,4.5062300016808656
2.56932234591,4.2720548767033293
3.47795095581,5.5110487384158588
3.75529270533,6.0593074412761254
3.35690370077,5.3104987794260081
3.14087780954,5.1617952148615451
2.47527397972,4.1938201590042246
3.51627610403,5.5506437461755693
2.5267192012,4.304124371232569
2.98996241744,4.8893643055756044
2.81521165457,4.670695888762995
3.21218497224,5.189251753727377
2.60320955977,4.3725788523397133
3.56257135634,5.5460463187077558
2.91668172726,4.849959945992131
2.99890580046,4.9075757617435514
2.63510200919,4.3241257986464738
2.50245405045,4.1938336579611333
3.60291780356,5.7435440121415073
3.52245171517,5.5462194719324671
2.87839630823,4.7319032688204201
3.4191370453,5.4076299809640211
3.41084773864,5.4245491486189614
3.31389200085,5.3181008958646725
3.43379218382,5.398186843144769
2.47907024966,4.2153365149185031
3.09165545282,5.0582116431618438
2.80113642402,4.5510969839779687
2.8551524666,4.7010283600829901
2.34918459555,4.0094283993626263
3.05856670683,4.9478035551211201
2.76990023231,4.5808166991666495
3.64024321304,5.907707914228042
2.48707335492,4.2172558943575051
3.57780018934,5.5948674266514837
2.86229792729,4.7041386965553
3.48920261534,5.584986362381378
3.31618470544,5.2885152335084351
3.52693913569,5.7056017240168382
3.76492494884,6.0100917630312658
2.61449070615,4.3651427219779464
3.36783858495,5.3865733685377393
3.12992985531,5.1051055337571922
2.34786886304,4.0070675936380979
3.27417670873,5.352306667305788
3.12212573897,5.0257776471009654
3.11326792523,5.0061737151697976
3.72164062892,5.9066986936039552
3.29758512756,5.249975190151285
3.13518839469,5.1579395029283583
3.3337196577,5.3571306959065286
3.68341392393,5.7721745617182592
2.97712500836,4.9631923156236537
3.31824344784,5.3040980197507777
2.33747128737,4.0111712382317002
3.38512330402,5.3816973319696588
2.92880088199,4.840344136141975
3.66785311848,5.8748140173440069
2.46400711214,4.0959085413537597
2.64647050628,4.4256969710922807
2.40080749812,4.1468427532510201
2.7682757657,4.5294843351463445
3.3560717004,5.4343229728292757
3.16805653035,5.0959120499924495
3.05530460692,4.913757959699943
3.71658932066,5.8853602090245465
3.57091725206,5.6843132245970764
2.74775856577,4.5363007709324856
3.60766438304,5.7329428848437534
2.84455492717,4.7538232335840265
3.6121411874,5.7282825780340456
3.27740448144,5.3303071346004094
3.0142980841,4.8583988250687122
2.37127792468,4.0412280188325225
2.70251742764,4.4753098928677844
3.09579820145,5.0521813821882109
3.67972127049,5.834021893625585
3.63344992732,5.7903051919476107
2.89445712091,4.8218050517965549
3.67937895236,5.8350160147776613
3.24241320442,5.2175002200982554
3.21734227427,5.1806506272458357
2.9816488698,4.86153860648185
3.51792255918,5.5934061022368926
2.66594354015,4.4312743392014786
2.35713667673,4.0963256663290846
3.07209001258,5.0124461546834276
2.61451874023,4.3761474368188047
3.76442548851,6.0009300511675834
3.21453310077,5.2274105215151279
2.53663729197,4.2825540624187237
2.78552908816,4.5909070219998247
2.52111323701,4.2616845435760231
3.36969443645,5.4390003274752114
3.0343116836,4.9893485451561022
3.24060057732,5.1030700199158545
3.03955516451,4.9370778269336082
3.28288342769,5.3333192819077189
2.74526565667,4.5520100544571589
2.38920352672,4.0905121785722063
2.5329550483,4.2522977360023209
3.35623662806,5.3385642470161248
3.32772994869,5.3918526545841488
2.86327371471,4.7031752267173514
3.72348024015,5.8994586447875594
3.08639200539,4.9660396129362443
3.03986774558,4.8172958700001658
2.71989350126,4.5197190070884714
2.66598829829,4.5047881135155983
2.39962885253,4.1050198909668989
2.59854374955,4.3828464100801448
2.63169029337,4.3091038997065327
2.46496264587,4.2265257741698896
3.54810661573,5.6943411337420171
3.25687652437,5.3564176226455489
2.67014378588,4.4742572321036773
2.48435447864,4.0898745192461874
2.92610764363,4.7624688663405879
2.47943574794,4.1604071122986976
3.39822278565,5.4991729665528091
2.95018079357,4.9388059734760166
3.55219336439,5.6204948510707169
2.7588376005,4.4971025313695998
3.70262105426,5.8812569795532355
3.65642611449,5.8969992742279169
3.68079271578,5.9421491761558531
2.71277519441,4.485972361139015
3.34305105685,5.4328022161192129
3.441509679,5.4610657491131649
3.43075073453,5.5222977276437843
2.57763572486,4.4082237203608594
2.76729072268,4.5490661518094946
3.21751014689,5.1696275969763459
2.75986764781,4.5719834237558352
2.91475857957,4.8450736252607589
2.84428752699,4.6850063704499032
2.90890836687,4.7981476479862568
2.41852315377,4.12254493048966
2.81328650345,4.5564573782182363
2.96465373014,4.8266040789225144
3.7491964208,5.931841815561202
2.69897714758,4.5269022980190865
3.14766051164,5.0775745569824888
2.43697735631,4.101980346781601
2.75325178796,4.5372200181484947
2.37308877151,4.0469910054722069
2.90906627676,4.7750495457809539
3.04644123905,4.9978939072667448
3.1191639508,5.0119465999012096
3.08776218855,4.9794877113417044
3.76461927138,6.0019212231901236
2.57201204806,4.3633560451519671
2.55191305832,4.2878788999078141
2.71344006936,4.5158588664078394
2.54997989812,4.2818596185177098
3.26272970474,5.2487355532025779
3.21755182054,5.2929632112999334
3.0051268247,4.9405645132069562
2.3647360946,4.0435906656391039
2.952857273,4.8581282272510125
2.36408640353,3.9800934655811551
3.14770634984,5.1288703909675393
3.21742519399,5.1658785296543437
3.05538823267,4.9559722027817186
2.63561908525,4.4149438060345449
3.2542531859,5.1173354779603368
2.97164598595,4.941133568410061
2.85866796962,4.7971142235057362
3.19908611446,4.9907607145537778
2.99346074672,4.9192164436574046
3.59986197052,5.7552119839760829
3.07395241098,5.0253725382063896
2.98197996964,4.8079480676695319
2.64972611545,4.4476016336781319
3.49877770609,5.596454101931271
3.09746802217,5.1079869146744139
2.65779988563,4.3824871025080165
3.52203310542,5.6156139816681581
3.33130272566,5.4704582028314821
2.36400011224,4.013955384120683
3.40303652536,5.4074463208305659
3.10548546892,5.12450185928442
2.6403805303,4.3881461306527507
3.02515298692,4.9618784956262578
2.91787780057,4.7406535742518239
2.53118950686,4.2919451826154713
3.02667725285,4.9796833994406828
3.38239427539,5.4007821139982353
3.28015513053,5.3236895302191005
2.73436074332,4.5142647480000075
3.6785942555,5.8966397184226595
2.74588733386,4.5614724559704101
3.12006115705,5.0105115620865783
3.56688184983,5.6878289039450598
3.24805997836,5.2033872918364281
2.59715948649,4.3142881299889861
2.35869209043,4.0085019902810037
3.75621231565,5.9821303696777415
2.41344718626,4.1033562235412617
3.67408871263,5.9410420421554111
3.51974232331,5.6388204941688853
2.35913941055,4.0995898482118891
2.93452188931,4.666018786842983
2.54740053285,4.2494687904336823
3.40501309986,5.494340701995343
2.74244693623,4.4902215972186159
2.9634284253,4.8868856956546143
2.74007616099,4.5234811772860848
3.07282252655,5.0194794399246216
3.55552550665,5.7588759653626509
2.70727380644,4.5702483500549933
2.6149487759,4.2969574301567937
3.11230405928,5.0335513086383035
3.67929207825,5.7084177113633352
2.63445138716,4.4184946274969672
3.51780371153,5.7130676928365149
3.16519119844,5.1073977128397656
3.61298861405,5.8356482961798184
2.53216127596,4.2998689860726174
3.59311201825,5.7702177612839369
2.43653593692,4.1468686640449839
3.21777682233,5.1700618469961039
2.68916707471,4.3944486157546283
3.37996893005,5.420485135070428
2.53679393999,4.3067268107674126
2.39118649618,4.1402714247301331
2.81605404206,4.755869077340388
3.33221482547,5.4317467976768441
3.77792610615,5.9619411356988197
2.59077279808,4.3737660414436634
2.65338927579,4.4153646560436197
3.16607937273,5.14701426456595
2.45016461755,4.1322500480062088
3.26578526965,5.1991070281435379
3.02323259661,4.9297415790415453
3.47240076937,5.6140151102158891
3.0320691521,4.9724303392357205
2.46121786833,4.208460932883427
2.71501640621,4.549409065191143
3.63377132852,5.7392223634258528
3.55833820992,5.6285421412684995
3.46610768971,5.5520134060766519
3.34592914381,5.4058205003200381
2.75089221911,4.5409403046983963
3.69793676713,5.8465513078204916
2.38454206006,4.0613223775257525
2.35914657749,4.0442789035931286
2.52285051324,4.2124917118640361
3.50453683075,5.6170333557349581
3.24629468076,5.1225463495970835
2.93520673158,4.8155593993551244
2.80074341988,4.5662465236668153
2.5233509615,4.2657104117304057
3.36655374764,5.465649777976517
3.35114725649,5.4904515294162497
2.60473637141,4.3776702963670537
2.46140768925,4.1621198748622747
3.31492699505,5.3333742471958718
2.52619629212,4.2799629524422933
3.08134361942,4.9551545490263305
3.29381374553,5.2591277515557149
3.0060553962,4.9150422421506557
3.56832102277,5.7083709699516891
2.71938706328,4.4719074440728175
3.01531802108,4.9512116023456825
2.82573113302,4.5838645082911675
2.85541314662,4.7024237181354138
2.81732873132,4.6873083700307729
2.45033770133,4.1351193977446368
2.94268741533,4.8163760790935521
2.56403328963,4.3330163253650502
2.72208908319,4.5186675027796976
2.78295992042,4.5674383930789659
3.59179955878,5.7438179640833731
2.56868573789,4.3201955845358766
2.96443680969,4.8122111892353727
2.55592126632,4.2425759467773965
3.16452771077,5.0577732562954951
3.16283969498,5.1412558834972346
3.16937402372,5.1060515106769184
3.3397734555,5.38775804726908
3.05099046994,4.8876991398599765
3.29845961831,5.3073735496120271
3.67919848215,5.8137978160827197
2.34236708436,4.017669222542958
3.3139745792,5.3165211804335293
3.15939726822,5.1080451249806567
3.5549771009,5.6452077219645576
3.55491224514,5.6027837473046471
3.77097777906,6.1223396497031501
2.69796785151,4.5244827890754493
3.69843501776,5.9485800237292654
3.71380068397,5.8220383362743764
3.5527055526,5.7649986827805799
2.97163140705,4.9623528572094031
3.35937546685,5.3425587416907749
2.48724227967,4.1630792349935559
2.72735076167,4.4990119209202941
2.62400290907,4.3891007945268674
3.52383059471,5.6739025019759968
2.45545026102,4.1456143474152309
2.92290915703,4.7741547006897491
3.05635622613,4.9453556043303175
3.42930865576,5.3651923300009186
3.42305779228,5.4906808128196714
3.70886499634,5.908960091641287
3.2696210912,5.2697199217508111
3.36210273518,5.4731539517230097
2.35557847715,4.03743391099664
2.83404092333,4.6855916568806073
3.38827558442,5.4687109308053099
3.69189895186,5.8091068234553429
3.19006721654,5.1502218538463564
3.23121547465,5.1925601921552431
2.37769488233,4.0857612012047397
3.72094852377,5.8166354075150331
3.41339247322,5.4300440615802783
3.66583984845,5.8585181366505257
2.8565718289,4.6781848066346896
3.72728429723,5.8527886464532184
2.60192431938,4.3831899633308513
3.71617254016,5.9777266513408751
3.68521937159,5.9058151890392674
2.67790613056,4.5176456381772798
2.56196734988,4.2777032329241518
3.43907907997,5.4899986066507918
2.64170619433,4.4307823952469301
2.33941497325,4.0611895016920689
3.71519324361,5.8426934720534494
3.38851051626,5.5283643705322554
3.09500531723,5.0061380156440425
3.14525075542,5.1017792301929674
3.44191009702,5.60575727897118
2.4252612686,4.1298824869296462
2.37539781663,4.0197464832805974
3.67204297871,5.8291548851050052
3.54019970973,5.6758255797752071
2.75958400631,4.659107853674457
2.53271700928,4.2957627957391926
3.72707815886,5.8546793064683511
3.47991489189,5.6639155146842288
3.75518089512,6.0659688522572655
2.53072643788,4.2644008664254125
3.20808865195,5.2599833972227472
3.32882858038,5.3798385483589577
3.14351051864,5.0543772774354547
2.3728774458,4.0819872007278395
3.05039550409,4.8635420435140944
3.34663280026,5.3624806413131534
2.48406716259,4.2093250161823192
2.81364021991,4.6674226156297651
3.7073184434,5.857002165316632
2.48642544928,4.2196036918075173
3.08383138159,5.0086183173577536
2.4159894365,4.0988741982814441
2.74417137566,4.5074890925639366
2.82713364372,4.6438121107922905
3.02241668415,4.9529141605280804
3.40071430619,5.3980065949507479
2.36943650476,4.0586692618312057
2.93362493267,4.7737599032312792
3.58732507233,5.6965114367969898
3.69592732181,5.8981111959019472
3.18940800552,5.0349034877640078
2.597193497,4.3901560270226785
3.68541552537,5.9967733310738298
3.48324030029,5.6028525241129286
3.42144060934,5.4957165970111843
3.47041653356,5.5758313075337087
2.48509773313,4.2048498128605907
3.7557593532,5.9003824994905614
3.37283824876,5.3657151242671679
3.20388720641,5.198741937421393
3.34496385021,5.3371978168997503
3.64640902169,5.7644637020544884
2.76788146284,4.558975388592498
2.5160989381,4.2200410791914225
2.43401956592,4.1143535556216859
2.69649521663,4.5698770757719345
2.37217171165,4.0504583215674241
3.75637137058,5.9630549641460435
2.69643882958,4.5169903868475449
3.00599879029,4.9507570183207408
3.6323443592,5.7320364987505759
2.70504811443,4.5487906767085828
3.29197428528,5.2867585438635363
2.48241925507,4.2127740382893739
2.65113561558,4.4744495408361278
3.07628331846,4.9628823762930567
3.40343354731,5.4532524000803262
2.64672559165,4.4355624593770546
3.1070288677,5.0303648201270157
3.48629876745,5.5938295968885194
2.47090749751,4.1772042130362825
2.76869302064,4.5925910387947892
3.34938737402,5.423822196659585
2.72485881775,4.5909982469719726
3.46248667326,5.6338071528336799
3.65717607187,5.9334622161834734
3.19100488991,5.1400091080947004
3.23755120858,5.289136197708781
2.58726096111,4.4189445593974908
3.43069968428,5.4278272287031166
2.77631734771,4.5632006718609182
2.71823926353,4.5730203658288708
2.41763809631,4.1638394463518917
3.31661242895,5.3495375249683246
3.00722242335,4.9435296687998465
3.06500501362,5.0614740290341462
2.47053108932,4.1419819880392135
2.56567439989,4.2553894860392383
3.23081648415,5.1140651283991785
2.94768622763,4.832292107438751
2.43132008443,4.0546798429956645
3.03489041793,4.9875942866283207
3.6192521345,5.7483903490018244
2.57673498778,4.3086243546082725
3.69985228171,5.8758109227801265
2.53536089122,4.2389485201930386
3.53561984687,5.7122260333383785
3.41954736637,5.4664240688382986
2.86495422009,4.7112600639647413
2.7903655992,4.6308213713860091
3.19170827896,5.1909824104030529
3.51583320581,5.5422762047627616
3.41622542124,5.4099118374948976
3.08590954873,5.063947314016791
3.745217802,5.9906626927752624
2.8398761088,4.6469710185132769
2.59952216816,4.3187042724737106
3.2852290627,5.2855311427748939
2.726363904,4.4863762877863049
2.47991635311,4.2019551679761786
2.45123948592,4.0928909936200668
2.49730249538,4.1971396881871117
2.41187897184,4.0488541062508245
2.97835386146,4.9313308698109948
2.52102769633,4.2781623693716542
3.42041431575,5.469852221187689
2.58171041613,4.3873158715178304
3.5946326917,5.7020233579025819
2.48127749997,4.1427388623218473
2.68069118324,4.5085644463925263
2.56521595537,4.3318394476049225
3.56111359745,5.8117844297383163
3.38684123259,5.4681849220376932
2.57851395094,4.3138762480781168
3.05953726892,4.9053180866286414
3.3817085026,5.5092665174202278
3.19157146677,5.1939511443208959
3.64497180577,5.8743399682982309
3.16093109427,5.1750309133255161
3.35416049018,5.3998028783715002
2.60083194319,4.4092705959044451
3.09643229755,5.1798855452663286
2.72707530916,4.5035965227779364
3.50176962409,5.6273600091185205
2.62370113456,4.3288020400690987
2.50167252042,4.2485801874634941
2.3885113469,4.1081461656498295
3.22579943806,5.2102175345542392
3.21434830765,5.2095586855778979
2.60814175806,4.3488356804590058
2.91967102283,4.8040553681728477
2.57778978671,4.3609347492665123
3.4947182227,5.6183867231850133
3.56310532182,5.6209766589879999
3.45940824034,5.4328850143592424
3.77283976132,5.945068756681291
3.74815555737,5.9921778570023791
2.46881409665,4.199726678547262
2.70158831571,4.4754487242347745
3.72191334991,5.9305903195246845
2.7793301312,4.6827053662899596
2.37781304809,3.9913010395235773
2.33659622654,4.0258883162755241
2.82204326223,4.6895565661561074
2.99175107592,4.8323804668587576
3.74558588021,5.9542999807012587
2.93021510855,4.7793706004373124
2.49553549049,4.1616162410401412
3.41353775077,5.4872472037996429
2.43704684912,4.1443122329774935
2.71589341537,4.5329919029257653
2.80174320086,4.6898249169117445
2.94430460314,4.7866608599593015
2.76529320206,4.6496359096077606
2.77906918865,4.6113267521451853
3.71189460331,5.8986612635543896
3.13297451833,5.0960564897071334
3.71938015651,6.0349138946358822
2.67378701606,4.461537782011197
2.42333586134,4.1783621386264507
2.78819559011,4.5402528387287946
2.3705074633,4.1687521928777258
3.47082190387,5.5346346818394148
2.94785131557,4.8094536647217607
2.4134145689,4.1703059568034337
2.56822123071,4.3020965831540874
3.07045176326,5.0035674529877108
2.60951158481,4.399930097678789
3.1209116231,5.0606254423580816
3.26913544367,5.2806720841075618
3.07141802857,5.0996847364997908
2.39235074407,4.0129528943160793
3.7690353684,5.9566560956538517
3.53401596185,5.6109666864564511
3.13599611503,5.1528306231422798
3.01602026026,4.9271599337358847
3.46215997622,5.5170231659207047
3.49372222694,5.4597957517134814
3.54230692242,5.6802102186985914
3.35881170349,5.3315168454691451
2.96674762442,4.8910109900810488
3.48147516517,5.4928412078091977
3.34016028773,5.3554404238171269
2.47822630134,4.1631780340638009
3.31895125487,5.3035932713883112
2.54816138202,4.1899701774828122
3.72864369127,5.8893120265262056
2.90377243284,4.7719063149932968
3.00680536264,4.9614578249867227
3.22080849805,5.1981635563288071
3.39012047876,5.4325418189085619
2.39245874841,4.0659784910438592
2.37684993209,4.0780256408228972
2.76139341146,4.5780608740965683
2.51153698805,4.2453668796849948
3.48145732349,5.652398789232068
3.34015628744,5.3761794859604857
3.346801491,5.2415115115672446
3.7690991203,6.0110495026598185
3.0448153889,5.0258855430579157
3.18199389937,5.1467299806281543
3.38309716479,5.4695714439013559
2.97240345692,4.920615073219377
3.54927259653,5.6852565576836129
3.68430336705,5.7989665755123641
3.47401335318,5.5353267388894229
2.62378768516,4.4217375358406468
3.24362139021,5.2310239266836094
3.4311186429,5.6182478885415845
2.86855388663,4.7296403047920927
3.31023827448,5.3876467988881052
3.32982361971,5.3661145379602875
2.95285642877,4.8236966285171228
2.33442045556,3.9975021334762131
2.49836901548,4.2410063200250319
3.34097204651,5.3445383583807402
2.87588279312,4.6616386689465275
2.75423743092,4.5402797389730605
3.43788792028,5.5167243156676919
2.54480159767,4.2830294279204839
3.06196896315,4.9942415668760134
3.16734045942,5.0765565404392659
2.49360430127,4.2292003270013572
2.90652387027,4.8242699330231877
3.58921592434,5.6368288837567304
3.59169661621,5.7386760417889073
3.58136196073,5.7157728819888733
2.94971559382,4.8879931434245076
3.15143075368,5.0633745928777216
2.94882788904,4.8647222674745247
3.5945772749,5.6966617898072807
3.52938455828,5.6456220300292737
3.47218825976,5.4692830809329527
3.39200975317,5.4095064903154624
2.65631065287,4.5122423553129281
2.84446644269,4.67937333431711
3.52415715181,5.6788948028535637
3.27818982252,5.322630407457007
3.04901121984,4.9949300910508443
3.4920604886,5.6320876944288791
3.11103670022,5.1497090739596736
2.56422186199,4.2786974850709374
3.59263431772,5.7767409109170638
3.076400477,5.0688473034330812
2.99089352533,4.9434815581322598
2.3363636503,4.0165842011395174
2.46093243577,4.2646606834696552
2.66268847315,4.4306645190940275
2.44755086279,4.1853614070135823
3.3020215843,5.2679635037245314
3.21662816252,5.1413124018947993
3.69020945681,5.7523942552547043
2.48029420568,4.1136985724378112
3.01150493975,4.9553725742995871
3.08614663693,5.0193748021092777
3.13662061645,5.0474110783070678
2.97304310409,4.8657596628204463
3.71221720167,5.9170291351510427
3.3851407269,5.4072216635098354
3.09364368796,5.1307851097158688
2.92846207692,4.7592649360991723
2.35671399335,4.0375668182018369
2.43041863935,4.1935779130273341
3.344120252,5.4980687953699734
3.56059114333,5.6445724581544328
2.45767695044,4.1469933594581931
3.11213110258,5.118551428701168
3.41948942074,5.5105466502785969
3.43335745107,5.4881073474423063
2.48106929409,4.1994235822420798
3.07200908117,5.049607490161562
2.45819101977,4.1535554793870668
2.54647945357,4.2972901409921418
2.70840386045,4.4396434692366684
2.54717756584,4.2721445984495556
3.16120249602,5.0211935905630485
2.86265753191,4.7235434527086841
2.88099862644,4.8018947672912642
2.67065851069,4.5236059601080427
3.77096106074,5.9845223066733588
3.06137629701,4.9500551375365465
2.47330530091,4.1871504260408443
2.59959717522,4.393416917363778
3.73152750728,5.9721314090730138
3.24729361425,5.2398003458947873
3.55714168036,5.6981500527832498
3.37580008185,5.4239255189481845
3.13228938469,5.0249116618800764
3.43273345659,5.4948962209955781
3.27319031465,5.3196130020919883
2.4145943149,4.0898383177822035
3.0457203233,4.9784795060622509
2.58476402035,4.3219200892792031
2.74953312072,4.5843658663837648
3.009393589,4.939162115062496
2.36897050326,4.0211692583589871
2.35811342938,4.0329074977029133
2.68750644921,4.4911486512933481
2.37164960431,4.0672176705696215
2.4773732336,4.176494193714209
3.61765579848,5.7603610088814445
3.76555979756,5.9640590871436974
3.38313589629,5.4408379149701105
2.36195898638,4.043517116865571
2.56340338436,4.2544467660834648
3.74939803303,5.9349995943313445
2.62675387586,4.4186199364271381
2.53526676833,4.3084690413442726
2.48962739904,4.233080008405266
2.7922151603,4.5493747093770303
2.60936789411,4.3726824335312706
2.92199567608,4.8244894756500569
3.36072573207,5.3849697876632021
2.93201811363,4.8530369667217297
2.85287929388,4.6889146031944602
3.17439578567,5.1827616928025488
3.04923491704,4.9468339470793632
3.5362511361,5.6099302848386117
2.7623285639,4.6127018938581079
3.17993670267,5.1690011981829951
3.66994517349,5.8957466580626701
2.86554655183,4.6517394769833524
2.59611776344,4.3225045827876292
2.62705533284,4.4837795355250183
2.97531376693,4.8500147255045158
3.63629183663,5.8194908504879557
2.36560340681,4.0384502633944885
3.12849973447,5.0558417332574077
2.68351175547,4.4584727042901973
3.11621941987,5.1310908151602881
3.63184222033,5.6838257270722341
2.88764245418,4.7913201722684429
2.83459704395,4.7477077324085819
2.7665930294,4.6011908738719187
3.27700658318,5.2800809409028879
3.58119806435,5.6598848983819154
2.86573187914,4.6822879253457241
2.50786686656,4.2317202558281153
2.61723404992,4.4102197566013572
2.59600106729,4.2119359443434172
3.01662205925,4.9367888336154886
3.33930536871,5.3387499301239174
2.91071705713,4.7143791503508696
2.5769735734,4.2822170255193059
2.45161003389,4.167789297999307
2.70020334522,4.537020648866263
2.66103719234,4.3903690364852297
2.83795960607,4.7389294380875748
2.75315926228,4.4840811372981895
3.12340322562,5.1211287775627028
2.96871149213,4.870360746893077
3.20904392914,5.1154200069224762
3.76826834563,5.9423696982776324
3.42482332331,5.4960975028469621
2.74754647641,4.549957344525712
3.39714975948,5.4232327318730231
2.93718596079,4.7913034585227781
2.53748331974,4.2113019671492875
2.60329135229,4.3777421125799441
3.60588744007,5.7220171220459628
2.34390239975,4.0246219957780616
2.51140255677,4.2521011961490798
3.67178585953,5.8030354337266905
3.44096033654,5.4703963874374315
3.46512578454,5.580022775727655
2.92715680816,4.8047834818533071
2.9076285808,4.8169667036433825
3.2501539038,5.2854287572753487
3.3760932656,5.4453905980029971
2.70581451905,4.4122187386541816
3.22147181677,5.2718023610058964
3.07559776481,4.9771102024902376
2.80331404947,4.6055188036391712
3.14211240863,5.0416504303542879
3.1394545314,5.146913934043174
2.56486236762,4.207118837208669
2.42509352193,4.131620442510183
3.45866385911,5.6138207423457755
2.46444156258,4.1988569715244415
2.40261798482,4.1197325094757185
3.40122288965,5.3684458705397677
2.53117618406,4.2928831621722212
3.74236287649,5.8612558636609497
3.40695998088,5.3738595068317005
2.87046199932,4.7010476002157651
2.66092802807,4.4319143577450761
2.51476228179,4.2110206219744413
3.61286946071,5.8161349699266598
2.49659215129,4.2982581582162185
3.30991101212,5.250494365269903
3.10057854064,5.0458581065989332
3.08114253152,5.0527063432235986
3.38024220282,5.4055346267938527
3.57818420028,5.6191447495385169
2.52867818204,4.1608582458747296
2.76488236585,4.5299082351952622
3.55944531652,5.5829466800574004
2.51596280452,4.2255144056233753
2.54017520249,4.2657100069591865
2.3782823661,4.0130148630629749
3.64352407422,5.690224705766191
3.33689442534,5.3952273385580307
3.09830144676,5.1270562227232661
2.70850009074,4.4832376844077748
3.09471781812,5.0128022673558279
3.17190034537,5.1862868956595314
3.6063664901,5.7690313194778238
3.65639381338,5.8300151610778261
3.64602509365,5.8479556056612525
3.39070702795,5.4111281832675795
2.3692220805,3.9770873394652737
3.52759080109,5.6636755880222243
2.98711068928,4.9042156158396599
2.60984640321,4.3273452662702629
2.40374307823,4.0886882045258304
3.10920091046,5.1332304574478149
3.29213195314,5.2395421317033026
2.54771691737,4.2905608472630092
2.55716463459,4.2502475543745124
3.04337609428,4.8516944112312874
2.95603872214,4.8622369433490054
2.48862430466,4.211205511384132
3.3108483787,5.3956899006287564
2.53538157486,4.3159586765272291
2.55529259251,4.3022242427693254
3.20049531645,5.190656747112274
3.16106715977,5.1538243418680976
3.00206479347,4.8933925631539683
2.46782509532,4.2221440102504193
3.77516639284,6.0030250631054516
3.38061246705,5.4334953166068809
3.13030411973,5.0566172122767004
3.21617705948,5.237631462484921
3.14190475153,5.1926971707983736
2.43615545965,4.097189875954963
3.59685868183,5.8389286603106418
2.9534892849,4.9072036715310512
2.77891739243,4.6298968667875737
3.01449980591,4.9624680825604468
3.44463856566,5.4775132431616731
3.26409345017,5.2117694501003005
2.65045902559,4.3930406265162736
3.38139244122,5.3879795309921645
2.41800283377,4.1131594411129511
3.21336325534,5.2082000536901454
3.6554381906,5.8586717435571778
2.69486058787,4.5311826256442416
2.54110804662,4.2707107036319121
2.44271400529,4.1392517450505268
2.99239426771,4.9843036119199011
3.51741751466,5.6990210600011535
3.32450383742,5.3865032991243247
3.11353665101,5.0841781277017342
3.71063386704,5.8533126601265986
3.51616478917,5.5507244592972889
3.42141360147,5.4569684475098557
3.54177955228,5.5805195372414218
2.41413267961,4.1248501556372394
2.42222690241,4.0949283530834144
2.66907969626,4.4441787312336096
2.80552936851,4.6671361288730067
3.22851748275,5.1901757521926353
3.40290848951,5.4229052311557373
2.70719806781,4.5246191981430552
2.62354388544,4.3772953855944223
2.4001398101,4.0549519630478006
2.38228673127,4.0606682707551576
3.43760619554,5.432744251377879
3.30061424034,5.3583791047094218
2.95272906447,4.7871549169186887
3.61285160917,5.862844823377718
2.89398845105,4.7016504685495724
3.12685891123,5.1277530927819974
3.39349300712,5.4063689991614892
3.48547387977,5.5700869152928218
3.11223694623,5.0903575364248086
3.49619851851,5.624450271597266
3.3032470361,5.3414260224918007
2.59544311694,4.3346606324298866
2.35506136557,3.967711308814637
2.77637231895,4.6021949831956492
3.60994753826,5.6947983752705413
2.5872496931,4.37333829281883
2.81322054183,4.6340775729528385
2.4376720982,4.0791394358894584
3.32193142407,5.337004828574706
3.51858743736,5.633772784903905
3.62671162046,5.7690843671489187
3.49931549536,5.6494781564108232
3.78464664996,5.8982745635075293
2.65936984002,4.4181292663133469
2.64182116347,4.453653371301681
2.33901869325,3.9391946200574615
3.72377357419,5.8883108867883234
2.66120312179,4.4453393695646293
2.6941220728,4.5157306360254861
2.57449153822,4.3430466277756175
2.42111078391,4.1464273658937332
3.78431763869,6.013488696905843
3.73846790801,5.892458337733995
3.11766072789,5.0115221330951645
2.4274762699,4.0441721081625195
2.58418554865,4.2876634282571722
2.99838183344,4.9272710681282428
3.44271386234,5.4452207931406935
3.39863875829,5.3827880461755084
3.72270516381,5.9033236886902456
3.2946727301,5.2726797894140178
2.38855112914,4.034474075272839
3.38474005308,5.4336639599977508
3.14929562307,5.0590941926335065
2.44444094118,4.1845297998651132
2.45270635307,4.183640811285473
3.69367809896,5.869284514125594
2.43798656255,4.1366606711636598
2.60445766096,4.3396740339531776
3.4674670208,5.5700951639600476
2.35326918709,4.0062038534145366
2.54702638667,4.3750212055822724
3.27429249715,5.3393378763756223
3.74933626028,5.8563861772873818
3.33186508216,5.3933311896415095
2.59032629943,4.3377079031531833
2.37177717308,4.0202340573792323
3.51517789249,5.7927736626217543
3.73549781347,5.8047370533537954
2.78801668039,4.6818293530369139
2.40641716658,4.0596707590009444
2.66431187913,4.3650337490128992
3.573281545,5.7112863086960033
2.33529288746,4.0121622472603145
2.51222629025,4.2897958777556982
3.52779284442,5.630603989669785
2.84148148361,4.6279500399920019
3.75835574688,5.9492588858113828
2.94063030735,4.7887555209894463
3.00523074103,4.9298629001842889
3.2684546342,5.2113567344571923
3.51647600134,5.6755115193804686
3.54540665584,5.7413052183702469
2.5608909583,4.2934846208407365
3.37401885149,5.3881324558737695
3.32037193433,5.3904906157546044
2.77295962659,4.5797729225245227
2.67394306873,4.4702202617424041
3.32338506576,5.3328878280525478
2.37008045878,4.1114099602154504
2.8191905259,4.5686389522291586
3.3262271621,5.1930569511546789
3.1179564191,5.0984881290641368
3.67291516918,5.8521554366695696
3.73723270916,5.9947284600587896
2.38931288848,3.9642316262126474
3.17323974886,5.1537628577331569
3.34500989465,5.348724067796387
2.82107521494,4.6125477427846873
2.82253769896,4.6087810875029529
3.30135703421,5.3286584174458911
3.05125565796,5.0257194312509981
2.80495470665,4.6553956335595652
3.12192720009,5.1344090678340155
2.86544160519,4.706787589655935
2.5326312149,4.1989248036691844
3.32063697989,5.3582141112526456
2.79076712984,4.630490112937359
3.44286412536,5.5397812588056983
3.33915658426,5.4075766319206782
2.57405805534,4.322812561933941
2.92069933348,4.7571561787883327
2.4328775094,4.1589457106155923
3.3648663166,5.448940887030326
3.56566707381,5.7395371133503241
2.39346735155,4.0794607842255628
3.36420232754,5.4279932590541025
3.20367459613,5.1897962652203633
3.03324252001,4.9665281193930362
3.74990120993,5.7385847359882023
2.81438435753,4.685109017200606
3.42375971354,5.5162125354247378
3.04397989339,4.9599891670119316
3.53013947669,5.6703684941505701
3.27954737058,5.3175438325688997
2.87580437301,4.6926476157307553
2.52632585719,4.2486629284867643
3.47621212799,5.5298402914102596
2.75247818782,4.5221725785217597
2.90833015117,4.690512530765349
2.4281754505,4.1281287521456216
2.55102462621,4.2946653258990297
2.97317802156,4.9243550501810001
3.59951153077,5.7367134790854868
3.06245135337,4.9892567533994594
3.62301382445,5.8898430186724458
3.53041992,5.646568245583671
2.94896110354,4.800868926993382
2.48359532606,4.2645542779315351
3.15289575381,5.0612607435807302
2.45062496588,4.2239527181774523
3.08241563031,5.0373972982610056
3.44634470515,5.5523602168483253
3.24231426474,5.2588646641673238
2.95235504911,4.7445382364357309
2.43530820084,4.1041212668893658
2.41977719816,4.1457290554554813
2.48102255176,4.1140551108597441
3.49646808434,5.7143731312643702
3.43019456533,5.4560062188057801
2.45340352322,4.1381122778136987
3.60969941892,5.7801548384584889
3.31915800553,5.3758530356216525
2.55797301575,4.3372055195927786
2.8804616979,4.8072141348973751
3.34144307405,5.4040793858897676
3.08909682535,5.0055556788437832
3.32199551872,5.3337240329908404
3.54229034588,5.6746099378480146
3.04359598045,4.9328392911357044
3.52940941771,5.5894381129769988
3.23143749931,5.1712433454759577
2.78967624577,4.5695857599400389
3.02057508455,4.9260278109040163
2.78653906317,4.6241983743136901
3.20613621283,5.1679163308224618
2.57039112669,4.2919899619861361
2.92485300924,4.7556248459854737
2.35777173994,3.9506594515627973
3.73804921538,5.9001671994210731
3.00587095732,4.9412572694733807
2.49954600957,4.1517162317164198
3.07827696443,4.9895849167014541
2.39660460816,4.076371166846914
3.07425885396,4.9089802946242198
3.31650778323,5.4263921592394899
3.41163269675,5.3889358239876959
3.30460644796,5.3255093894564762
2.96510982381,4.8831868446901616
3.14186632621,5.0642956093520217
2.46133986343,4.1514777781433683
3.43807161106,5.4216475764615515
3.35737963763,5.3597384394553949
2.74371823203,4.4632726001271319
3.01129289467,4.8705612691006079
3.4166619449,5.4830154080207185
2.46879251046,4.1970860468262945
2.80065592871,4.6363746624115478
2.71150570657,4.553916463338548
2.60342321466,4.3198227429528311
2.83706422156,4.6971251903799001
2.8576105837,4.7077713736360076
2.42449497313,4.1128457243356609
2.981757455,4.8262330214758018
3.1439515764,5.126418771587919
2.55758423804,4.3016870404461676
2.61704631377,4.394131686754835
2.74524464202,4.5797736939909326
3.16670437742,5.0983741604444974
2.93643488879,4.7669952200722658
2.44550957371,4.1555401971611614
2.46314339181,4.2308631145426654
2.82469412132,4.7060736233630971
2.52800395858,4.3190518884810851
3.26995395545,5.3501717643325799
3.23511816692,5.2009475058027554
3.2654347608,5.2154393084995938
2.48003431529,4.203015198636848
3.12533307133,5.0885706388137484
3.58065110979,5.699356430694861
2.43151201056,4.2226434091096596
2.95148160773,4.8044095416468444
2.6163879044,4.3277298313223378
3.58355461419,5.643614418908772
2.93704665268,4.7860717523113196
2.45240794004,4.2077248439487782
3.44677743296,5.5044958442513146
2.49675827356,4.2385670047888437
2.81288199881,4.6064910626065165
2.44730942175,4.1993763347251578
3.30690553672,5.3617995292313454
2.59432213289,4.2836726180159053
3.20019996602,5.1224304558627809
2.63004840034,4.3418802837992843
3.13760617636,5.1097537673850155
3.49244646572,5.4714207612468115
2.82930520868,4.6718702224464419
2.46472424456,4.1388306567911073
3.73330916326,6.0160294818458073
2.36533157514,4.0625579787115056
2.96166192444,4.8482984555054278
2.91240435421,4.7958293513259607
2.94951733109,4.7702020874085322
3.6439091745,5.7231220614809333
2.94202840074,4.8467983055420598
2.92688466176,4.878608516216338
3.57817426164,5.7439512124496481
3.72701319146,5.8047622061251536
2.87623567303,4.7608696776102404
2.49026044595,4.2053564611659944
2.65270782939,4.5123719671515978
2.56721684796,4.2809050138262412
2.61005148539,4.3877545112266763
3.51062244048,5.666255346481206
2.98077241848,4.8064089009609265
2.37900114543,4.0488518849821276
3.76065318098,5.9004741549562434
3.66998334582,5.8893012768738942
2.93598808405,4.7756700979710134
3.15291624796,5.134391277665193
2.70363985157,4.5281159857223034
3.39790064447,5.5188847497078655
3.44496009429,5.4345083105784555
2.96773974303,4.858205029516764
3.70232835221,5.8404033733710436
3.46336439756,5.505607635713468
3.32143464103,5.3303798854875382
3.46500571375,5.5132535016409419
2.68841909017,4.5142432726275317
3.21236240264,5.1959390531443796
3.22316328254,5.1912449332269901
2.71650990234,4.5068858866854393
3.66854131039,5.7711499229948062
3.24655475844,5.2083107405998286
2.81938886218,4.6870529569139752
3.02216700645,4.9859321581359408
2.66272845972,4.4574477484798134
3.20298699596,5.2486673807104465
3.29019575401,5.1893948781416954
3.14885479955,5.1579727426565896
2.55643990198,4.3563598217189901
2.94606155887,4.8339352141592045
2.66987491669,4.4193683488116582
3.40543414279,5.559746561869253
2.56370823035,4.3598614278727688
3.54197374035,5.7404575609257451
2.77269694357,4.5421644093364515
2.98445700948,4.8732966936319801
3.46232778346,5.4739118180469495
2.9885631496,4.838974148718119
3.36640241304,5.3970828009183602
3.78309449434,5.9788702918614502
2.59218916188,4.3557912068712348
3.46590473004,5.5197306673846969
3.60007883586,5.7789362932297683
3.30389542716,5.325058015194184
2.57754689143,4.268083716948273
3.19725248458,5.1278381166528391
3.32619735132,5.3889134774138068
2.92284849975,4.7608009969285163
3.4774766467,5.5855457544577547
2.45379665165,4.151238876691913
2.691729833,4.4255533311808639
3.55890563848,5.6291891430589134
2.52512922295,4.3542499976015883
3.09860914673,5.0710914955094468
2.84002676768,4.6413243629931005
2.62543553252,4.3985456926342978
2.69954018125,4.507188106538532
3.24386600744,5.2407593136098996
3.76314459476,5.9619232081630624
2.34598325104,4.0336695866970507
3.26308701519,5.272926268126775
3.42881470997,5.5262744825780592
2.37821273731,4.0636493896353745
3.53826623129,5.6945620135097146
2.94942624608,4.8880529350799398
2.5659052382,4.3106918317083514
3.48489677498,5.5533277289422687
3.40271685594,5.4222283024350642
2.47108260843,4.2083358776093363
2.50695449006,4.274930302430203
3.46459597149,5.6337622671398444
2.47185239895,4.1703713208313182
2.74538540528,4.5142730641631141
3.66034419981,5.8142450115845454
3.46631094634,5.4977176812825226
3.01246578006,4.9459832765740215
2.57621581768,4.2843497612777393
2.72542403638,4.5518464641964327
3.62563899452,5.816958489668087
2.68872528269,4.4338710787153435
2.64915534213,4.4018228387858729
2.40984038119,4.1139399635287655
2.38991746161,4.0582489406058437
3.36893838171,5.4773059275577207
3.75837513797,5.940674802628819
3.11030910573,5.0927341406033619
2.99815887053,4.9709641852180644
3.10574541603,5.0601187596810444
2.89200553968,4.7046617089840801
3.14505318447,5.1535548105753151
2.88596391432,4.7986693152063298
3.53298291207,5.5450891686109332
2.87487799466,4.757771323707801
2.89625088833,4.8409267771202202
3.43515188808,5.4852453346609344
3.32165484426,5.2613210508229455
2.81728396258,4.6714896629589369
3.62389287714,5.7649415632008569
3.44429763166,5.5095747473535974
2.86894496654,4.7130324343354282
3.12862142713,5.0628837023177988
2.50317124741,4.2267963002389681
3.40762709306,5.4280007581448126
3.61665378082,5.6341163572817061
3.20813128032,5.1932240320087875
2.46817740604,4.1945902374250892
3.00353323001,4.8148332590552796
3.11751488642,5.0428128371874532
2.75109630582,4.5151654044207268
3.44870586699,5.5614064303422639
3.19356085109,5.1638041342817536
2.70249601633,4.4400245137423351
2.35824235677,3.9712246092255676
2.75640166589,4.4971737994476815
3.39435329677,5.4698632680670389
2.40633749697,4.0367167391673648
2.88307306205,4.7565875041587615
3.62079199377,5.6385308750609182
2.79658725803,4.6705928224395601
3.49198236912,5.4937280433068194
2.46759897098,4.1660499813388032
3.52628350648,5.6457667925100754
3.13374891493,5.0761544469762221
2.7878177026,4.5755881013708386
2.75530752692,4.6161814115034101
3.72745176372,6.003914724720433
3.72443229327,5.9910155016359026
2.97330153675,4.7910310913163796
2.88988010446,4.6991538721040049
3.15024815588,5.1007847474695955
2.72854323678,4.4365267402588087
3.42025490883,5.5103104009109538
2.54395104903,4.3019120412431304
3.25367376202,5.2589325671254095
3.11398283826,4.9878120712018079
2.56486530662,4.2608598156188799
2.70082360947,4.470434461369698
3.30905088643,5.2933104945958265
3.14181680165,5.1024878434131455
2.75784427231,4.5606846201012496
2.38149334238,4.0539956704620685
3.37871368535,5.3814836262446235
3.45232898412,5.4410428988326771
3.07504547678,5.0717858013407238
2.59078152381,4.2857922696689075
3.21626585255,5.2161064267384321
2.6976627648,4.4419380828505144
2.5068388637,4.1971667627104177
2.55657077932,4.3232761221689229
2.34059241306,4.011666920498965
3.55226017836,5.5638901605193771
2.33652743814,3.966896535727658
2.71341780977,4.4960359804827901
3.26317526672,5.1694474151414695
3.3261620864,5.2501146833337486
2.47637651726,4.175438985603833
2.78670694286,4.6956666731684535
2.67119674827,4.4632381884194894
3.41965122227,5.4725470874930231
3.29496229809,5.3168217988719313
3.18099529407,5.1651684923597614
2.49472901862,4.200951722250589
3.07755139119,5.0911141221262541
2.98490655227,4.8695453149069641
2.86807526097,4.7141416388448549
2.87563398625,4.7910947515536897
3.58676935232,5.7725602971073453
2.60857856066,4.3581463266231246
2.62482957462,4.3243737119432355
3.11321647936,5.0840554751290563
2.92881079747,4.8463633370534964
2.5693697887,4.2870206271144076
2.78735251059,4.5903338192736696
3.13063724447,5.097322856985425
2.65426097342,4.4324042709971012
2.56714296235,4.3162151019099779
2.69977729664,4.492960829203767
3.30557554611,5.3190664804397585
3.50792957587,5.5388946420364711
2.70692364702,4.5684701109979748
2.64357682043,4.4258736452346756
3.32908799432,5.3668700199073234
2.55581670923,4.2724204532081895
2.56685585323,4.2700883498916582
3.33754358741,5.3405044055984376
2.91082627291,4.6855981193128065
2.37862570485,4.0478873218800739
2.88530697889,4.7032163525881803
2.95938170704,4.8270635186245476
2.75984082988,4.5773002124767714
3.28115141304,5.2736945544089719
2.99366536213,4.9184723540605955
3.36187187116,5.3129109140241013
3.45377763099,5.5176372408127108
2.57629208043,4.3268304481242232
3.26519988544,5.2248300790379023
3.76558300182,5.9091811624875374
3.7805097959,5.9047178028422653
2.67676568872,4.4355032511067565
2.82395367192,4.5932673806903352
3.51285272922,5.4988264356344505
3.35759275934,5.3813204917005937
3.71714880327,5.8362712918045538
3.52202989556,5.5180545639596135
3.68136953117,5.8167152533109405
3.12244286297,5.0451293115374529
3.55034912761,5.6450843331692484
2.69859598529,4.4996759666127799
3.6142603668,5.6532901674257392
3.56993692948,5.7088964848816985
3.61855957653,5.74007611629896
3.61838031605,5.8246747298372252
3.13045230836,5.1704213202471205
2.49799933948,4.1599168192115821
3.41300910261,5.5258288491091747
3.19864556866,5.1567407080256071
2.52347951363,4.2088768995013108
3.10847522409,4.9920392102843252
2.36142395288,4.0243733717464432
3.65373608787,5.8818227586832137
3.69072416285,5.9344783905359009
3.64702324548,5.854969956708393
2.74350961549,4.512144759831048
2.70985180631,4.5979271189031863
3.1640596718,5.1081492678905702
2.67063234819,4.4950139627228909
3.36646110922,5.37039016597332
2.88376178116,4.7249875645387034
3.70841021824,5.8336572108575009
3.31728743698,5.2763377935431253
2.44804599762,4.1780026940659969
2.70116561183,4.4432620258128699
2.42077236233,4.1178170975151289
2.73733204567,4.6260198605471068
3.31003121866,5.3195364613426994
2.71458261102,4.4187687175206181
2.66079293467,4.4564325248542005
2.99297311772,4.9551808669466286
2.43404366441,4.0537785945770484
3.02294766065,4.9037284097358462
3.36048241435,5.3647272620233846
3.42200799566,5.5851031250460501
3.31451469529,5.351920187711146
3.33725351434,5.3154383377821404
2.64000849717,4.4031784877991669
3.52576650426,5.5879757417891858
3.49452927603,5.5515420740337555
3.43651290339,5.4839529795609829
3.59956400954,5.7058811169447905
3.3296410459,5.3469835316760266
3.15176858415,5.0963523840252059
3.12578141034,5.023056359319388
2.93857272902,4.8937223020029155
3.43579152319,5.5044067879019609
3.44278917303,5.5294027781906605
3.74247787365,5.963177560810327
2.94338470629,4.7828576776664269
2.99287063418,4.8756911837394572
3.08818032197,4.9749325655154788
2.69993326579,4.4710097571608323
3.65265731876,5.8170806434665661
2.58665817726,4.3203005219210455
3.74363377802,5.8507049485782474
2.78880152644,4.5726279600159998
3.62270069562,5.8166012896317678
3.64443735618,5.7317164884218226
2.98258424189,4.8287803220495915
3.23724563862,5.1445631401739123
2.53552208924,4.2465065994624034
2.61274340619,4.3150838984261801
3.6484707787,5.8275330761916289
3.52051776741,5.6134383409862201
3.26513074864,5.2068691438804739
3.46919577241,5.5307103273044067
3.72409789209,5.9033919970600612
2.64989475137,4.4006308471251501
2.5833039283,4.2991059522540649
3.26146266273,5.2524137790892915
3.02473329891,4.9817323735188905
2.91116405028,4.7444348079987613
3.65598796128,5.789895080201247
3.09536086373,5.0117201101075555
2.81094321603,4.6243335119495494
3.69197498122,5.8147997963832898
3.16402815699,5.1443624908847747
3.3686890081,5.3785354033907726
3.05806997821,5.0379469056948434
3.0632485094,4.9194149714036719
3.19317600718,5.1794405629328644
3.16337447,5.1209710637751362
3.61830872472,5.7537596499582833
2.75001214194,4.5770752443267355
3.64028723643,5.7595542258163714
3.57341726851,5.7004303313397848
2.92973937376,4.7832483279503295
3.23034195258,5.2117534037160329
3.54496233644,5.6648695061456511
2.85373593352,4.673019637098121
3.53956642709,5.6203049543320152
2.83209115412,4.7104855931174567
3.75258636003,5.8905521002171612
3.63592046111,5.8443020404081505
2.81981411304,4.5633038680601077
2.5499986307,4.3406130360828854
3.3657184271,5.3735032541369598
3.15179099954,5.0777343335865801
3.51051185533,5.5711334556027658
3.6174836017,5.7223546125723601
3.61953498025,5.7785145053548721
2.56385780792,4.3300776858250432
3.31283074795,5.356861761002512
3.68483830661,5.8308255231403914
3.49643918213,5.543263997501505
2.47671383385,4.2030181131075608
3.66221334311,5.7801785710471014
3.23812325451,5.2271732086647953
2.57005829043,4.3242597399767808
3.36940766583,5.3815935960926167
2.62337351171,4.3811640489368484
2.63765657269,4.4485966264362551
2.92161352573,4.7372791130816303
2.60847253498,4.3617403172027993
2.53391488565,4.2451116876869319
3.13780921035,5.1068587587629546
2.41373164072,4.0628799319334039
2.76201115574,4.526212751811566
2.6997320079,4.4814059953597543
3.46498170463,5.5074929079659114
2.84588676446,4.6322655215173176
2.69703096967,4.4994322199369599
2.81761552737,4.6229202825102229
2.5286216843,4.2260675624555635
2.67578686966,4.5233446851037744
2.73497974519,4.5036273361804975
2.46738540314,4.2155932791845823
3.09635278222,5.0666831467543956
2.78036253901,4.5696158063984331
3.66010084443,5.7944312163703033
3.57660074352,5.6554599870281157
2.74732767648,4.5858521216427199
3.78406714443,6.0447638109572068
2.48810994668,4.236908480028025
3.3822801378,5.482485754927918
2.43885076226,4.1131262124630936
3.05205467459,4.9824238176348263
3.26928529982,5.2579626634874632
3.06427471569,5.0368527254697533
3.37911044825,5.4896909150029307
2.35945370868,4.011925658841955
3.15407063959,5.136938422388484
2.59738971866,4.3045251592116429
2.99649164098,4.879548654621888
3.33006835198,5.3861675226579839
3.18910329464,5.2007850184111781
2.38778165224,4.1038276229440713
2.41756329232,4.1488552281986211
2.94217795501,4.8444502191663998
2.52925449261,4.2530368605332018
3.21249525789,5.2137378001421757
2.33401652219,4.065848661560171
3.0528545846,4.9647519180791786
3.05906316546,5.0361639370497571
3.7702677026,5.9615755141076363
2.71884626383,4.5760283825920762
3.25272192475,5.2520638806178743
2.72580404089,4.55775981450246
3.20555901335,5.1535399805498114
3.24910143393,5.2016963865590107
3.76605148182,5.931093867812498
2.83282550239,4.6197119222634697
3.68938920792,5.9119696866315028
3.09162999476,5.1120588640677358
2.99995574387,4.9867906891700278
3.20286192946,5.1429039225942912
2.38553410263,4.0625235627672138
2.41867256606,4.0733956118879382
2.72700266836,4.5008429004481245
3.44041379955,5.5205267302055896
2.73600875497,4.5295935285113531
3.05763268286,5.0377430492195003
3.21874152381,5.2573580802402384
2.36047435764,3.9312518329364976
2.83250442207,4.6988980969299448
2.71261579021,4.5075397751349735
3.46551322003,5.4848711936973462
3.75230768467,5.9693889442732928
3.65504908564,5.784726102350195
3.27767836426,5.2761600054179425
2.99021498082,4.9173589022277344
3.61535584484,5.6491225190781504
2.74522010353,4.5010820360154984
2.65250949831,4.4561515520955899
2.70112173077,4.6585032460343943
3.54564312188,5.7302828333725984
3.14484829736,5.1376313491274264
3.67659543927,5.7823081733785671
2.50488199561,4.2335662710562891
2.66498760236,4.3381552864717099
2.79874399839,4.6226128196623355
3.6699566965,5.7029802793183322
2.92800562211,4.8223296981568904
2.35263916223,4.0480160856732308
2.73074071643,4.5055346858726777
2.90498049977,4.7618862324086608
3.18220923459,5.1933796443037057
3.36369062062,5.5099974810873338
2.76760625678,4.6320753028228667
3.43569865359,5.5110316024426353
3.46875918878,5.559331698581385
2.33615950468,4.0477313562226369
2.69345529864,4.5276681977176629
3.55386610276,5.7109401913449389
3.49962892094,5.5477580793202472
2.53196270781,4.2284369353583813
3.52879061342,5.5164753194499019
2.48847231542,4.1907143755940712
2.40931757861,4.0713509104903913
3.09965085748,4.9847531606594213
3.62877985097,5.6779636225468089
3.51791322015,5.6481587957697172
3.42237813149,5.4752164708496629
3.6192784566,5.760617424198931
3.48721944516,5.5485831725148378
3.37468226344,5.4025911238248669
3.31273343634,5.3420928755517263
3.12491858608,5.129458531718976
2.3414543716,3.9532621991150134
3.19362344256,5.1565110279739494
2.567016272,4.2710563993307566
3.02238931809,4.9325599855588615
3.2561232059,5.14505057490332
2.88274451105,4.7391491076159582
3.52641133276,5.7043759333731039
3.69144457156,5.89041853948014
2.69749873935,4.4813213767482871
3.70915715485,5.8836953327053951
2.43672922621,4.2118548260160997
3.03952401458,4.9249896865923954
3.56422794121,5.7140225247045997
2.68619165996,4.5701986789839131
3.5353840552,5.687325436895736
3.44214564846,5.4710270600562687
3.7652890528,5.967731233560551
2.86178169893,4.6877563045666033
3.57095632132,5.7830491490870717
3.05229134294,4.9475604289149953
3.527859228,5.6136739799938447
2.40947642259,4.0851517173810139
3.1358349211,5.0615440804469616
3.74580253563,5.9433757358066703
2.53462531468,4.2579049341152873
3.01527176815,4.9322559045172696
3.55526582535,5.7320633998459956
3.56558006822,5.6866092663581593
3.431436315,5.4172771316994606
3.73034539517,5.8899597676751663
3.58049152891,5.7312518135562076
2.74605266626,4.5470123329524883
3.21784865776,5.1282193928915518
2.36093339332,4.044751068117038
3.32102487406,5.2848534418357991
2.84071869366,4.6639637946639159
2.88444973961,4.7705950140668607
3.44722639482,5.6336157916264238
2.34733892064,3.9453877432483067
2.63126327739,4.3373295780031169
3.19441224109,5.1662413517347643
3.06035385377,4.9502646018130472
3.77700656457,5.9709833716014886
2.34622238457,3.981162752181048
2.42632237938,4.1681760439580762
2.70650051643,4.4941720570766375
3.38467099156,5.4486650520944302
3.75984605177,5.963063102457606
2.72391520811,4.5498221031908885
3.14282831731,5.1128570307430818
2.67741265304,4.5196910812640976
3.77020112209,5.9253988539574918
3.01907144073,4.9344174866805215
2.88259437522,4.7633926193754048
3.56254781301,5.6267091440708112
3.49572284898,5.5300000124291957
2.56217730847,4.3377401650833498
2.73421939523,4.6058487062792342
2.49138649032,4.2235790921094631
3.30629978027,5.2574212133140756
2.56768079977,4.386921796016237
2.80149245287,4.6163723065580173
2.5013217514,4.2499221450618929
3.03806283569,4.9586940708942073
2.46536655484,4.2694943699376999
2.38152040465,4.1303920054732783
2.74538941548,4.562022944480872
2.60158204071,4.3550036841339175
2.99696254998,4.7983544991925893
3.62384914067,5.7587001870827015
3.67753735219,5.8866587136322615
3.27399826957,5.3918629347004412
2.70170676361,4.5142365894974406
3.19711294926,5.1930391780923291
2.84495070601,4.6978155793565328
2.71028761144,4.48986094656021
3.55837072797,5.6844102214311105
3.21907525359,5.1677079670170505
2.48432985795,4.1786673243386252
3.47846466962,5.4685728896322328
3.28060344133,5.312881181492358
3.70678516781,5.915478642218404
3.42522430827,5.3965516143224166
3.42696134914,5.4574677252241983
3.07547310264,5.0374872093377059
3.01845360818,4.9517934848533347
3.15329607567,5.1191809937994268
3.33412282421,5.249109078839215
2.98118560513,4.8185271134143814
3.37695486553,5.4609141254192579
2.79189001468,4.571570642507953
2.59299583786,4.3140612088344783
2.52666943816,4.3123031092919293
3.31738057243,5.2784087628741441
3.17590492239,5.0730637688053752
2.88766511812,4.6743568885422588
3.56459121311,5.6892221838980159
2.59320277205,4.3564104044649765
2.80627577804,4.6593208332749789
3.20574186352,5.1360076813201099
2.8816761033,4.7212735309159664
3.50929329201,5.6157571301750098
3.18739040526,5.1773082453273602
2.70315839267,4.5186445738342629
3.58646903847,5.6488873568097455
3.22661033281,5.1775864932374454
3.05950219552,4.9741998213842198
3.48322874445,5.5891172976947745
2.39577551282,4.0030227370306468
3.29150659812,5.309152388629764
2.39112344952,4.1827946510734417
2.86063226528,4.7308932945019562
3.10529339317,5.0176832895236805
3.50812524721,5.58162420941043
2.95359264203,4.8207217111153513
2.77517417663,4.6245810498787909
3.62639278516,5.6871650928358211
2.55155818754,4.320590693968323
3.07840155091,4.961524329538201
2.47476160652,4.1711775593241045
2.48769923412,4.2537427706561148
3.22488141071,5.2764639417122314
3.40091872385,5.4399243292651827
3.42049962553,5.4358665192267051
2.90110817757,4.7366294723479649
2.74405353364,4.5027579376040929
2.430766678,4.2309376146540574
3.35404051847,5.374715528849249
2.39641460997,4.0493479277699826
2.73161199063,4.5924187107760952
2.60822573669,4.4600299979527112
3.46182858483,5.5567391383045885
3.01511410003,4.9150480566130419
3.16131513455,5.138888317844609
2.40863412,4.0391292369426131
2.75423823331,4.5861289298101706
3.12761173385,5.1112050721819422
3.12417835429,5.100672281386756
3.25803508351,5.2735992386478223
3.30421626959,5.3274681989487576
2.90208071479,4.687853774225756
2.62923349451,4.3744364126568005
3.17742979036,5.1593437827665261
3.61768906498,5.7447044881928049
3.49395718009,5.6117493494810908
2.42350702467,4.1085621384401811
2.40315299091,4.0507830109010019
3.01524942907,4.894283706560639
2.4348469575,4.0916914769181529
3.49050243902,5.6187413397221899
3.35636263212,5.3171799345314028
2.36797872543,3.936400433602536
3.55137580162,5.6904061844524065
3.16566860181,5.1297371887714647
3.19831605134,5.1161505085233649
2.88135411555,4.696383267617751
2.50355897806,4.2646068304467031
2.37617671877,4.0424154063622151
3.23563752526,5.2649931086177686
2.52883173048,4.2133865379417248
2.9910087399,4.9088316420236122
2.96124125209,4.8711729314176191
3.50025805882,5.5513950199051711
3.35251200233,5.3340941799904176
3.38916819884,5.5396739818889156
2.89549095746,4.7273088000541748
2.33791503427,4.0279881347667121
2.94926692542,4.8259104566700302
2.73315675169,4.5189441551439415
2.63677601812,4.3934785715894957
2.85256141167,4.6755515943904582
3.69187618993,5.8457363921668017
2.85095814804,4.6920009359931916
3.39751689807,5.4294284539650972
2.62422882337,4.3731759562651895
2.98358163259,4.8474384986404369
3.52413540533,5.6905073388025436
3.11182781934,5.0401855592388118
3.02442443566,4.9680679421186991
3.46306732605,5.5405424739153029
2.46681042762,4.1520221407428366
3.01143649843,4.9596914992186996
3.00519683099,4.8963090827151143
3.62816644086,5.8997445206872428
3.0365783283,4.9681981797679642
3.5663817797,5.6819477673978378
3.75213629412,5.9734585174407506
3.20577534583,5.2395247886406091
3.5685007127,5.6339842592710898
3.42856652717,5.5257596819893804
3.54527662488,5.6988121951935042
2.52893216036,4.2349381295662534
3.54511112325,5.6493220180088777
3.45927389165,5.4685416356322536
3.44331729192,5.5986628349208063
2.82670625922,4.6071127394713374
3.77335861924,6.0084420300329811
3.37076900057,5.4419556230218804
2.67074121939,4.4163045082284782
2.58952678036,4.3152669118136027
3.3161462842,5.3619554468796498
3.4392657641,5.591891626718108
2.95198589585,4.8320314762173577
2.5734527609,4.3079880901465488
2.80830291772,4.5871506632618191
3.10223223608,5.0928149681795523
3.18447015434,5.1781111037801422
2.69533047057,4.4334895235327165
3.40728448209,5.5584439447172267
2.72489961099,4.5899615942617311
3.49456134722,5.506909941187395
3.09951861302,5.0303287824185476
3.06470183281,5.0027973520019602
3.43254313345,5.4802644692800619
2.58389095231,4.3132719093116743
2.9462581365,4.8990157473037561
3.59604131185,5.7495774292026516
2.43947710173,4.1642302946106904
2.5628884644,4.2225512151094051
2.37198134502,4.0960159863168348
3.04603604681,4.9180493253718529
2.57419495586,4.3661000053301171
3.73762691631,5.943147444726371
3.00761421692,4.9879948921389241
2.78183925825,4.6051762585797427
2.95815770326,4.9112802193049587
3.45255958015,5.5186647189114808
3.01237195347,4.9865513630149483
2.41221257252,4.0922005546414733
3.70237673822,5.8685631712925019
2.88742428118,4.6751137320331155
2.37516135165,4.0803836402321565
3.65653459044,5.8288587762695352
2.79733943025,4.6204669074190932
2.37335682956,4.0308468679239793
3.42880532036,5.4911948719843302
2.70119823009,4.5321782279431453
3.52400057098,5.6516913088515546
2.5858952706,4.3797270523137675
3.53119476003,5.6549381256944091
2.44404444238,4.16989184223881
2.73111998536,4.5307424428455594
3.18694823315,5.0816987406622198
2.83633291846,4.589832307331954
3.55659521534,5.7339680881858666
3.41434448006,5.5454900873752901
3.16860521424,5.0754070682335701
2.95203527043,4.8468258324606941
3.64826637728,5.8055077617438862
3.61945116844,5.7844826117929111
3.21972722509,5.1861094956523841
3.41107720629,5.4499618992412575
3.07863176069,4.9431757710312159
3.70762957539,5.826975946183957
2.47833772975,4.2569245590472944
3.75553704535,5.9665461167441984
2.40164556789,4.1227157912049845
3.62004808618,5.8941432098051649
3.5479224374,5.6713251347605125
3.08600486276,4.996198436323751
3.78045278078,5.9902331870019285
2.58490282467,4.3935506301561116
3.37838010491,5.4474186552387014
2.82192275738,4.748503455941079
2.59451297621,4.4224721853128326
3.11867367123,5.0924858837735929
2.89693587383,4.7116794886911118
3.33473539232,5.424786862683483
2.62743937247,4.3022360246032942
3.2692369204,5.3396188042640667
2.38548965541,4.0363931725760933
2.95120833071,4.8126897751734132
2.41159327432,4.1126722363973638
3.17298461245,5.1805855856535352
2.53329090906,4.2917217513375983
2.72282195165,4.5916746808390903
3.76541231303,5.9755848839994652
2.71195201559,4.5407400929577992
3.50717901424,5.5470857630202497
3.12953874042,4.9861350530932693
3.61583777482,5.73073732185411
3.30326267166,5.3071345701761317
2.91730996288,4.8408921020001694
3.71176789716,5.9933279953486842
2.34187127504,4.0785921190553731
3.16215158191,5.1175205375742303
2.73073121753,4.4833731099686451
3.39068190693,5.4333437849262607
3.14958430204,5.0617286073821308
3.23640485709,5.2609982886751867
3.68821952352,5.9402732372415494
3.38228931901,5.4834497161303242
2.57456335923,4.382211423278596
3.02505255795,4.828693807753405
3.69057112111,5.878071385917627
2.51577610471,4.2514165728358639
3.44152915706,5.4285069259134442
3.64397819138,5.9303469987258062
3.47436018026,5.6337754353835878
2.63799530078,4.4324998826078188
3.53707481155,5.6702931591313241
2.58096845179,4.3385169357905626
2.5539261725,4.2962481704286821
3.65823549649,5.7827944507859819
3.05392378397,4.934436566532943
3.21066404917,5.153994212217607
3.07799198664,5.0776311821723654
2.54897931372,4.2915733574233084
2.52952180752,4.2743328030480381
3.37691108099,5.4152714012539915
2.68601444564,4.4639727537043354
3.48726660417,5.5130026536040315
3.0964621485,5.0041838461593393
3.69393607188,5.8297960494570038
2.78137126835,4.6782675735545673
3.11673425278,5.0797182466891755
2.75626469099,4.5709956238284182
2.96405767828,4.8128028640209806
2.72632310178,4.5170945181318549
3.10281256199,5.0686554071499934
2.77103256364,4.6381511409265048
3.23206585585,5.162692441852994
3.05640650832,4.9891553695097111
2.69140429118,4.4640088122731694
2.87483295289,4.6960006538050116
3.17294065721,5.1277946395678065
2.68818483949,4.4332261010872092
2.5282718084,4.3072380480121408
3.2375793015,5.2081729266151946
2.65232455958,4.4225265493166148
2.6603053146,4.4145946752526539
3.15837211728,5.1424424039052949
3.75485397155,5.9533647777520997
2.71289821772,4.4627074599570156
2.93209369375,4.8852733050839241
2.77746517792,4.5062785320215699
3.73128180842,6.0113150875167758
2.7363203282,4.5896036404816494
2.98764373535,4.9030704762141148
3.55201620472,5.6996282893428143
2.64251040878,4.4463186496704363
2.37564371597,4.0343464820265202
3.34764616495,5.3579532478538585
3.67875572902,5.9014391819552188
3.75651327254,5.8861935578594728
3.32380267624,5.3850293781169061
2.6739355565,4.5057563693060381
2.7980622112,4.6026612075341786
2.39179976985,4.1122472504627563
3.42006179991,5.508112302588942
3.71042690681,5.8314186658803742
2.58686110815,4.3333897141488125
3.2980054873,5.3100927554024633
3.1905116118,5.1602732056955833
2.58734254646,4.350749067473048
3.26200582584,5.2420750085553909
2.52382800958,4.2491363455722855
2.36839986605,3.988769984988676
2.72107458074,4.4590938389940993
3.67977978684,5.8979428684017039
3.56564047389,5.6717118277890899
3.50866870819,5.6349329540171844
3.05600100965,4.9293604316383632
3.04711975467,5.0098406458633686
3.37903689211,5.3994235932680184
3.35927994027,5.4254262642205564
2.77429310661,4.6411918378058079
2.49104766903,4.251839487463811
2.8852344959,4.729595676483731
3.53533913819,5.7319660316662366
2.70282999721,4.4415628759980228
2.72910801434,4.5798209823608182
3.08177199487,4.9612113601957244
3.09208962697,5.0642868498585045
3.6476054394,5.8324904733624479
3.40465117497,5.5529962321054365
3.40784312795,5.492465132028709
2.56466740821,4.2939073365018823
2.6806695247,4.4622618348699543
2.36801662676,4.0509457584599939
3.15129595448,5.2133737855632587
2.76252940201,4.527947300386848
2.80738605556,4.6024023912944632
3.19264882999,5.1897452863246247
2.88777065417,4.7217463817799379
3.76925717225,6.1813490098451442
3.41066023503,5.5305981166780009
3.14065031141,5.1209793705786479
3.21675949607,5.2130666736194788
3.64282854322,5.7643253028651493
2.69762789446,4.5098936413426669
3.23460577909,5.2459749125599968
3.20467535408,5.2493442561423107
2.48067432096,4.2333052846467289
2.96200258395,4.7629004916315969
2.58053741769,4.2987194856880624
3.49770863395,5.6209804921377327
3.29844499105,5.3249727274548526
3.5448504255,5.6203502884802239
3.64325719201,5.8944748830395906
3.14910421561,5.1716938387966316
2.3590504661,3.983956245382414
3.44762571532,5.4526020850884223
3.70852683171,5.891135066505484
3.26471734349,5.251879769076421
3.68647079894,5.8616615485812762
3.67911567794,5.8429595658683615
2.43429991408,4.1352514620181209
3.28071232469,5.2401638756873714
2.47792502348,4.2165919320169341
3.63746388056,5.7751294857745359
3.33031136101,5.2984383236865309
3.39839067964,5.4905168537085869
2.6260335302,4.4207223159481206
3.36937987336,5.4097136313540677
2.53300453444,4.2741688104720863
3.05189535709,4.9648704506665995
2.62458974113,4.4418884378702019
3.72205225339,5.9221184044611217
2.94962375903,4.7596049385106838
3.17640183463,5.1485851749107381
3.46679661205,5.5507523494073414
2.57327234492,4.3706753014766972
2.46700546227,4.1964518248612617
2.51382422084,4.1508109859355535
2.52558682223,4.2198639452729099
3.59693759479,5.6951042960755904
2.46700405626,4.1693457465150683
3.11930558454,5.0226624929389434
2.33711488079,4.0233244692075525
2.88004923346,4.7368416453845246
2.6995977687,4.4613241096801195
2.58691469145,4.2957368850291422
3.0003915445,4.9431537089091435
3.02410775534,4.8995626515561517
2.91289652801,4.7218509049325892
3.78309123378,5.9532910129476404
2.58565992695,4.3775437332952292
2.78339901815,4.5588157316467983
3.17004577527,5.1180905247298618
3.56942435625,5.732687720311989
3.68758336326,5.7721901470904484
3.56980954423,5.7174822820245152
3.42917541659,5.5391614686278148
3.06523169325,5.02401227839339
2.97264636543,4.8271333095980546
3.29448306515,5.283618728870465
2.58125300394,4.3791276938882424
2.66150799279,4.3931122196597867
2.93368558776,4.8369115005158667
2.69438342279,4.5177687139451175
3.30209422481,5.3642333641768554
2.7625402538,4.5719356821138168
3.58274887821,5.8290457968249072
2.87558755027,4.6313951159874991
2.77796630117,4.5535613035304898
3.61496129269,5.7443688239535486
2.5684130806,4.3062511806152752
3.26158774575,5.2265873075066498
3.29260265094,5.2503424695883139
3.12459162028,5.058606665843163
3.00430886069,4.8994023943799787
2.71032652173,4.5256869331395171
3.54902870201,5.6641764409521631
3.01906767952,4.8229296937365556
2.41458004345,4.16270699711884
2.49793329443,4.2101449948760896
2.65262257304,4.3797047510387159
3.47556226949,5.5065531457031174
3.05931690299,4.9877013604650493
3.33259372619,5.3726840521830015
3.37231426213,5.3552292686401923
3.26304371545,5.2676085577071667
2.65907198817,4.5527911380295008
3.02720831278,5.0069605724638846
2.80902692065,4.6431393362377698
2.79725140644,4.6856547115785236
3.57874172247,5.7631948026280524
2.35501655864,4.0530136169116
2.71123732496,4.5483400590833636
3.55143724463,5.6335363565362817
2.35938626744,3.9556519729951192
3.47675070227,5.4954622278454428
3.18961513405,5.1000034643869805
3.23794933325,5.1344333054638494
3.78077703408,6.0667607240691686
2.39218412856,4.1177570087137489
2.43704418576,4.182304247124371
3.4708377606,5.622230691341306
3.18731520379,5.169845968628767
3.17082035003,5.1959131881693832
3.45700586601,5.4565215789237271
3.68313362112,5.8010770988916223
3.64039129744,5.8231453207737296
3.35229977368,5.4198934205068063
3.48713442339,5.5513676266995056
3.31780147184,5.4712639087530146
2.78253357519,4.647334281836633
3.16915833937,5.2545067643218104
3.18264433928,5.0866580622443172
2.97640902015,4.8698060855189915
2.88351103213,4.6765621478542112
2.63696472449,4.47413080660675
2.95351020494,4.8424835812302893
2.438364379,4.0465849022436933
3.02029416172,4.9493342304192032
2.94680413639,4.8443859936669735
2.75247253719,4.6177673819482639
2.62399957979,4.3705090537141045
3.68829071321,5.8936133611508117
3.56437409215,5.7549750063182659
3.72841863057,5.8981118933155248
3.77517735009,6.0030016968316096
3.69759256164,5.9741644162434167
2.81893623823,4.6801181421894675
3.01537498997,4.9264466281884358
3.7331665421,5.9651605111216774
2.33383111497,3.9215221674248188
3.59383855107,5.6916191976934236
3.58914947187,5.6635964704926511
3.01362012468,4.9354946066792094
3.4715599822,5.5528124832576617
2.7634539373,4.5674987889153522
3.500298734,5.6206986092976168
3.67876353198,5.8471523234800271
2.35461836675,4.0329979210362303
3.62413049142,5.7390114845863476
3.21658930082,5.2436234057058426
3.09962415625,5.0447813428272719
3.08595598871,4.9390193153673945
3.59982526772,5.683710607400343
3.39811261145,5.5116806687954574
2.56064013562,4.3553895839171535
2.49931972136,4.2908710448483882
3.15746464997,5.1011427592561187
3.34921114698,5.4478574084449027
2.35625038629,4.0124418788445855
3.60898720439,5.7483020171781058
3.51060723858,5.6060242217071456
2.72352498513,4.5221408259999309
3.60620058097,5.7113469118619999
2.51471941906,4.2863261674316737
3.60266818306,5.773363811162767
2.77094990431,4.5531528963466528
2.47386685056,4.1459550408415797
2.92816185839,4.8317588149926163
3.60931351981,5.7602363386832378
2.74071155368,4.5458650188706553
3.14850707128,5.0250856272624
3.46029276003,5.4836010411433618
3.53265900768,5.6940054140784619
2.39511949582,4.0404352504249283
2.81044639293,4.5723114411136869
3.23175283921,5.1153460225287084
3.6719283668,5.7997636110685535
2.89876605622,4.6455907171219986
3.23040049959,5.1289468198293564
3.63932499994,5.8852731513717575
2.93255887229,4.9078029685382063
3.51216736177,5.5776342700158503
3.69816655857,5.906896965139576
3.67784665864,5.8640132830504772
3.75453375464,5.8665110398314031
3.75281651366,5.9585152176013825
2.34788379065,3.9827550846524256
2.86464618675,4.7460292325887838
3.22556889406,5.2277606318559329
2.72645140451,4.5143445315813242
3.63630012045,5.7648061377572555
2.73596980731,4.5501654637655786
3.67777522746,5.9963840712349006
2.51263944667,4.204368999775598
2.66575293675,4.4119184128359876
2.40546380729,4.1355965020340433
2.57912303674,4.3745602731295063
3.24597799172,5.2586436174749016
2.72584685347,4.5309183842740373
3.16227940427,5.0495093036754444
2.56690453171,4.3047727750760778
2.83564141825,4.6491312827208029
3.75009127467,5.9498435063294428
3.44016216571,5.5383258275565961
3.44635832332,5.4746026648129886
2.51450766094,4.2223158725907135
3.43341541832,5.4291230060035671
3.07310294769,5.0383154694594134
2.9474754839,4.8206119362314599
2.6829962796,4.4820985063449674
3.50791711517,5.6333701275662689
3.53470900645,5.5865128672651085
2.91711684114,4.7298577695257995
2.65094503585,4.4166172565841144
3.71371164043,5.936390463891926
2.74249015845,4.5034530646594852
3.11383258987,5.0837510677028792
3.29363594977,5.3300112023000734
2.88446616672,4.8065185288645269
2.69173357906,4.5521431734622828
2.44066014417,4.107263007389208
2.34681142339,4.0233564960603703
3.29032118618,5.3428422777487654
2.94501292838,4.7514072216124488
2.56761861576,4.3112785040308221
3.6460377242,5.6680105966881795
2.61491426072,4.3486216917746443
2.98825745771,4.8954791738870744
2.87348694841,4.7266782174573221
2.4593100493,4.170306514997268
2.72543817488,4.5369503145553844
2.48576628884,4.2317236069390542
3.70928504982,5.7622889660812602
3.02021433927,4.940895201660747
2.7671798977,4.5308879722987019
3.3925419077,5.4857177481623687
3.48644715153,5.593904056109718
3.12997517798,5.0274504935886126
2.65941658972,4.4132438475244085
2.53328894057,4.2475419026168257
2.74701254632,4.4612404547017537
3.65587872586,5.8529267865126497
2.76950537259,4.55744537050162
2.73764807974,4.5473271042938403
3.21313208255,5.2377526496815223
3.7625292957,5.9211048866810163
2.49714656911,4.2383661243088211
2.41965772267,4.082129651270006
2.96597722085,4.8780358848878906
2.42846238979,4.1165357582144759
3.74902879571,6.0209832540176986
3.22824179639,5.1857517627563041
2.42783063106,4.1454955290148439
3.63610943697,5.7649771368998959
3.59548613507,5.6777687681855236
3.23126523877,5.2207784454160455
3.18694468536,5.1606276637207849
3.19167710205,5.2223777670487648
2.45750430091,4.1103618375741728
3.34099071718,5.4205483079675121
2.86976908666,4.6470570109803058
3.65080258637,5.8223820598998239
2.74661149963,4.5362131993512262
2.37653448829,4.110431615030274
2.78846119651,4.6919425824611114
3.77322371097,6.0268946475551211
2.45862357991,4.1520670900130758
3.12576210234,5.0493491915028965
2.39749210155,4.0175266926682953
3.13819916526,5.1155099272745543
2.87709069663,4.756877282087844
3.27898133644,5.2721826238264136
3.63795898453,5.8239600814134231
3.47177285375,5.618494623130732
3.07060373757,4.9586051905605846
2.87812718168,4.7379788450986693
2.61736798041,4.3280855467848953
3.02222037623,4.8715068511945221
3.1924509251,5.1077387716845815
3.72925420344,5.8306386532275889
2.62067566891,4.4281583114204581
2.54195050693,4.3385617224179125
2.78662007618,4.6085145187657153
3.74686947837,5.9053264273135309
2.65451340694,4.4572659363532248
2.42948564025,4.1081135101061177
2.48228273104,4.1962884137425256
2.73391677665,4.6116737766942872
2.63289038459,4.3911412497169771
2.4561821018,4.2136957588573418
3.36853212304,5.3762521187179351
2.87192053928,4.7850747687968207
2.53508978068,4.2650794809424175
2.38525809025,4.0874685088161131
3.30645866571,5.395474026538535
3.33055279148,5.3176130532214705
3.64271517069,5.6949856088979871
2.89403586115,4.6929132533134359
3.54022378765,5.645159987591243
2.88345402592,4.7753369707725017
3.5746500696,5.7232887616899788
3.1638779995,5.0846187629865724
3.56964432578,5.6318532745058443
2.70102668816,4.439650144791818
3.34920263242,5.3441003773697764
2.90945217943,4.7894163689061227
3.66910986072,5.8044094925100076
2.51758560208,4.2062122443302972
2.80521650868,4.6292267940926823
2.97294508921,4.8393868344147366
3.24987649199,5.1943205705435282
2.36852687628,3.9877392744406497
2.81066881851,4.7131098475997124
3.10280210378,5.0084175979316248
2.57192660388,4.2454882788175405
3.59965265492,5.7674192697043356
2.66124024936,4.385989285933328
3.3522955291,5.3853588401986814
3.54886438881,5.7440725879595425
2.98533070784,4.853314316456709
3.31779749703,5.2780164697548582
3.54597953567,5.5836131946054355
2.8011611045,4.6654126163769227
3.60423708955,5.7358778009131575
2.86771815263,4.723348035970381
2.43532400621,4.1246355912551644
3.42894756145,5.4294862071692584
3.4146675583,5.5921294333867095
2.8227092842,4.5507901630468206
2.8885749526,4.7620613032053383
3.28709055321,5.2948243915961193
3.73646371733,5.9261218902402364
3.12273096314,5.1291196679923807
3.28896790387,5.2576322962018205
3.77923162651,5.9252967163514079
2.75919179225,4.5818199670645638
2.85259590922,4.7546131074405666
2.49873236081,4.2260358042414765
3.77691129101,5.9438316256901915
3.67792906838,5.8442314911645878
3.76433411344,5.987745676034832
2.9937243671,4.8633478772652579
2.90250247503,4.8023771187462252
3.1462945546,5.0318946959607729
3.1929495228,5.0785567310144026
3.65024249521,5.760842816628748
3.74353916635,5.8670413554612644
2.85855097285,4.72498396290543
3.07781458453,4.9695288923067036
3.03551251208,4.9349944559087389
2.90904040941,4.6786670791169715
2.62409555881,4.3412114864526794
2.56020040876,4.3383004592439987
3.57219281633,5.717039663470767
3.6581723747,5.8713062325201033
3.3986015532,5.4149440801691577
2.94821168449,4.7103301976973526
2.34837812106,4.0151308771927816
2.54595790697,4.3115654801514971
3.4945920863,5.4900177538382255
3.04710788045,4.9471647042485039
2.79755272706,4.5653348611510731
3.0313760081,4.9513361581585551
2.35230389622,4.0425716094742246
2.43425830519,4.1211252670857599
2.55900919291,4.33795153695075
2.86491171115,4.6714955552308544
2.95282913985,4.839931375816211
2.7745446511,4.6001833520500695
3.27548066417,5.3517458780659952
3.3653676159,5.4441507018755111
3.06189164644,4.9943829274194265
3.78044679967,6.0559057218507375
2.39858077021,4.0591577090787743
3.14744669161,5.1174384476912707
3.38991379182,5.5226381293765137
2.61157742542,4.3960627770515766
2.51367410145,4.2779009904458665
3.49716751748,5.5917574232142178
2.61776868526,4.3865704459445078
3.61128768566,5.8284938904716697
2.3397414938,3.980084151859046
3.74842585072,5.9334326638912858
3.26240136396,5.2359451295744783
3.0414445209,4.9754717616239494
2.48349101915,4.184653944326918
2.72747797497,4.5166844157341561
3.49666386669,5.6130971814817334
3.31030780147,5.351446904569257
2.63114752064,4.4166040997982643
3.26105805354,5.266534846861135
2.70519125368,4.4819496602628783
2.57814993337,4.2448551418914393
2.89764827372,4.6557286280390082
3.5289869009,5.6738092824998958
3.34842488789,5.3996902140642336
2.52632451038,4.1957684374020561
3.75979204831,5.8741927262246598
2.53373441984,4.3291716549052772
3.64987798548,5.7550339879723227
3.19883105437,5.1734568431732439
3.05455268044,4.8682855617098433
3.20912537113,5.1947461323602164
2.66811833865,4.4421868746642295
2.83583243357,4.6430956773691401
2.86113049306,4.6766568459428424
3.35766347466,5.3907733925974455
3.18170180745,5.1639120522007085
2.83680564276,4.6641948217105655
3.51071660214,5.6085370057061468
2.39513009685,4.0977796915978129
3.08601041976,5.0158732260884191
2.99223100929,4.908912129304416
3.139499536,5.1007939368526793
2.4464532387,4.1620229769221888
3.24586481963,5.2419710146270395
3.65433526827,5.7947464412412026
2.41525990566,4.0802579837886093
2.72242924866,4.5828126071592328
3.66409422931,5.8781390874558346
2.9891258985,4.8144277490772502
3.69428389978,5.7508829450785832
3.34609125557,5.2594853558292094
3.13752274281,5.1369256844965925
3.03644397426,5.01914197059331
3.45862485247,5.4576731133698617
2.73926580902,4.5316213963276075
3.30466434498,5.2188935486010815
2.49450055339,4.2189418558276204
3.41981750349,5.4183102411373811
3.50372835282,5.6596514439886088
2.37339229528,4.0530473980870214
3.78056545517,5.8611000172893055
3.15101500183,5.1507517563383622
2.60195686491,4.3865000349465868
3.14346837163,5.092459270371803
2.67091233912,4.4960344097174136
3.64123113583,5.751955947401231
3.50585892103,5.5876070418322552
2.56859571156,4.2993045347640226
3.449863555,5.5430317042135906
2.3500848578,4.0677542368349791
2.34399648029,4.0265441779680966
3.593084157,5.6851195732419164
2.46625572859,4.2404965326385948
3.09866728673,5.0416907894322529
3.71849999595,5.8248984802521662
3.62761734022,5.7857458397876185
3.1397710383,5.1165562190327858
2.76479086067,4.5561865286875296
2.3465920836,3.9900500028890651
3.27827246101,5.2712774643001339
2.77350324691,4.6454175053986599
3.74056993362,6.0561399847121766
3.06955478789,5.0983840589539771
3.49566108511,5.5389322584843619
2.89081469563,4.7600248650832722
2.93673077528,4.8070240312343024
2.40878972014,4.1168985626576298
3.73511094297,5.9306926847740433
3.16219474307,5.1156656094029644
3.31905237843,5.3981923485800936
3.20317382808,5.1393278243889622
2.97998912115,4.9029713991793837
2.62936917624,4.3731594856174212
2.44015270165,4.085201445224814
2.91959717511,4.7743053935206916
3.72475402463,5.8738888640719598
3.04914541416,4.9951013201578531
2.89764800063,4.8076128512552785
3.58507229144,5.634361493347809
2.37053655291,4.0400980819694841
2.96097380474,4.915274416990135
3.11391588737,5.0530567020197221
2.84207553137,4.6014322265169314
3.2702903602,5.3925083525861099
3.12456271265,4.9693742215214041
2.50892471558,4.2431539120902091
2.60233212593,4.3828366068950757
3.09783902775,5.0753556350550388
2.75382558067,4.5766888486274526
3.77340807963,5.974554294146242
2.71148673703,4.4366438739126481
2.81695679391,4.6351284361687881
3.49073179029,5.6780008072658728
3.73411245027,5.9109022866522176
2.51027790642,4.2383408785437284
3.09634617794,5.0240150780154611
2.94575576466,4.8484303432456972
3.76008803995,6.0136077498366447
3.41083052797,5.5641143319535198
3.48406165862,5.6846188611135764
3.10250222297,5.0814015334530875
2.6085862037,4.396879735620546
3.59182314063,5.7242333418879339
2.54239403024,4.2486100688551307
2.37296987525,4.0824953297979905
3.25230446666,5.2132302497764647
3.2496933223,5.3063384618963534
2.66788568597,4.4266513774297707
3.10762424441,5.061558258684987
2.67080953455,4.444884499439131
2.87165617835,4.7213844100032096
2.42198883072,4.1928581956104125
2.73532075239,4.5958628201890788
2.99577161545,4.842615285053312
3.17834649379,5.1800309026558304
3.28651860057,5.3915258943868682
3.57246405721,5.6739504046084699
2.75260361717,4.5764252887506531
2.81002097707,4.5940398657364518
3.40542204942,5.5445595227900366
2.94019915915,4.8043520922875125
3.34740631392,5.3912617701738847
3.31852512628,5.3840498693112089
2.77568756799,4.6579382144514989
2.73854999466,4.5178484437964395
3.25080243554,5.1821948622013965
2.71038767172,4.4252841013510587
3.73034130946,5.9609303610871907
3.23317420059,5.2074815891623034
3.34357240657,5.4030853549162456
3.14299343906,5.0876319145950202
3.11700246842,5.0049580928902646
2.34875511903,4.0264671983472242
3.01907956524,4.8957698659116486
3.25220568504,5.2773817014781432
2.59313039308,4.3431184885668159
2.80590628469,4.5645075318566875
3.52645858621,5.5828317792945761
3.66644863743,5.7710730559654868
2.90919984828,4.789376096123517
3.65057087456,5.810797065526514
3.22000219189,5.122851030666582
2.48496843164,4.2113277266694338
2.78777566682,4.6701927907354417
2.51627180031,4.2895490447583979
2.74163975456,4.5726519518345414
2.59518059986,4.3903921628185705
3.32258764486,5.2934461769443484
2.49192704478,4.1857044025961834
2.78686874188,4.6368423865335799
3.02043717515,4.9979562305337524
2.656158089,4.4102188128303457
3.71488991491,5.9110477714616163
3.60622588062,5.7924019570647127
3.56314859137,5.6736511835621464
2.50168516289,4.1675083552175005
3.58825874257,5.7060396996668032
2.90196318947,4.7039487421669675
2.51749569003,4.287962809470919
2.53777581249,4.2912521922167768
3.01876672721,4.9236617533674512
3.50332932755,5.5991261395331273
3.76499766181,5.9714957994881912
3.60113548287,5.701129257690611
2.5561589117,4.2641236777644149
3.07442324943,5.0270134520564236
3.555757543,5.700572802730191
3.55672980692,5.5607187608882107
3.3040039616,5.3414347260312338
2.79062054315,4.5753792701921085
3.24620659979,5.2381177910245196
2.77072221405,4.5135868372850805
3.11991129579,5.031440391461361
3.13642315156,5.0743422288580202
3.1619068657,5.1144713611487829
3.50548762406,5.6670214684630373
3.17685875552,5.2199181194941406
2.58777627742,4.3755236457879176
3.74328750859,5.9624204907533098
2.69495981136,4.4341272540505905
2.62676077639,4.4161583416231736
3.34643793253,5.369904878971246
2.99810648714,4.8879388259186047
3.48142462828,5.4487833408030548
3.62465420739,5.7414262173194812
2.84454499352,4.6557402476125516
2.69563624873,4.5144464287162744
3.18362312262,5.1627576165697393
2.57093092286,4.3452530337473156
2.85538324142,4.7083263042305283
3.06349026854,4.9530958623732761
3.14901160994,5.1234689229207424
2.74998500682,4.5625247583733088
2.64451553384,4.4220313785456025
3.71032106315,6.0057756509443703
3.33635558216,5.4544872148937982
3.5219940076,5.6259968602255919
2.94369463319,4.7773678688262775
3.59879258086,5.7622044147258658
2.83158446366,4.6335531019208362
2.79977012669,4.6098149429159951
3.31183619939,5.2923243076904196
3.64490154408,5.8378240147681417
3.34023425021,5.4352334810204948
3.6373616612,5.7806414578544629
3.70331888043,5.8528035300683214
3.31008513873,5.3905341253044483
2.80448078567,4.5961927108397997
2.78865147793,4.6929421525678858
3.13194289466,5.0269165531185278
3.1906694574,5.1698251497338363
2.81773213194,4.7385488036307493
2.71860887758,4.4882596625709485
3.10684406077,4.9589973173110948
3.06558957446,5.0378982855992005
2.582491016,4.2480667847718427
3.38775374587,5.4533993487642247
2.57306523496,4.3333971302154151
3.37291832241,5.5116040757132199
3.29555910219,5.4456513673835056
3.7163318797,5.9329107795336169
2.70050206554,4.4260038573471281
3.10564230372,4.9921009132414209
2.47768218698,4.1651004797704481
2.48056826088,4.2162952745621674
3.07477268047,4.9854651144422366
3.08645060158,5.064810697711505
2.40480969031,4.0455041551785493
2.82201898912,4.63711167755703
3.05429400479,5.0994330219239741
3.28745357052,5.3025024657015436
3.3996292661,5.4830107086959838
2.60683739885,4.3702294195802027
2.70751972143,4.5353826162846378
2.72923760792,4.5228348711823418
3.73448614105,5.9057289451994803
2.37687666007,4.0318446495585984
3.68341479407,5.7340800315016942
2.99565733497,4.9012987173546856
3.61102758542,5.783155402357461
2.50919350933,4.2191328000001889
2.90790138541,4.7649316813983962
3.46311744385,5.5357652831961115
3.39748930569,5.4276280495037019
2.85764907292,4.6628139892583889
3.3793398663,5.4381812861291579
2.79950156474,4.6616688206670212
2.61716249674,4.3626779591196092
3.24309188636,5.2773765750484918
3.40540013705,5.4331675872393959
3.5682633074,5.6166688539038816
3.4328812126,5.4963824895665079
2.94299137928,4.8415776575239384
2.93220080013,4.7646027241781121
3.07973279152,4.9423848986710048
3.78462755326,6.0028513525077463
3.35205467972,5.322290467647421
3.4828556713,5.5427164441511518
3.25307374731,5.2566786475442937
3.51777803843,5.5709065694803783
3.5327777311,5.609855288197231
2.88464554525,4.7681200207056254
3.66712303706,5.7340391795848413
3.57043011981,5.5503197454261253
3.26010109639,5.2489233799708757
3.21776007546,5.1431441202533676
3.47663525452,5.5109287637628377
3.46133144576,5.5523135090144349
2.6758371123,4.5330739242463203
3.62397486081,5.6730995685069656
2.33871621779,3.992545234915934
3.03323306525,4.8817690614460165
2.83794213883,4.6647370930945087
2.80547400494,4.6367769813512183
3.06180868778,5.0676467855840208
3.27635802798,5.1454065923425683
3.45820002417,5.5250166748264746
2.58495333344,4.3017188384405705
2.99678919957,4.7963601605005808
2.54145916264,4.3555850402450558
2.60247269416,4.3810176501171023
3.77742395594,5.9960418663900077
3.15083166102,5.2343715570826737
2.95752606868,4.8912954604807615
3.76265260759,5.9515145863447723
3.61983924591,5.8184355557800531
2.96313831781,4.8183302653035547
2.44532160332,4.1542142622604459
3.33764790992,5.3553748355319746
3.24965312496,5.146963448806682
2.72634908662,4.4800950142214981
2.71978248387,4.5137178851601822
3.17951629605,5.1486297644287289
3.50327042299,5.5957149741719778
3.57957343615,5.687044188784915
3.27529038257,5.3145913234891262
3.00928058405,4.8650887216086938
2.94255534046,4.7736657442060801
3.34433483772,5.3386989724702758
2.90239168277,4.7207308340421372
2.51476013906,4.2785612576339371
2.79722269503,4.5636470222698948
3.21403021295,5.2779881158318318
2.74599344507,4.4970714353471886
2.42525078252,4.1454061625300591
2.82220927044,4.6169164459510714
3.58404540845,5.7671030951326108
3.65778372775,5.6964190944644102
2.80777850338,4.6897741740417098
3.1503131242,5.080059854250111
2.96652666762,4.9117755037551323
3.72235510567,5.8649839444206187
3.17766371929,5.1418666496560403
2.33669791139,3.9802647124485131
2.36866907763,4.07508998972932
2.71929778138,4.52649441173212
3.65067952168,5.846324905099106
2.4103125509,4.061325601610509
3.03177405936,4.9005437175049105
3.00574036215,4.8550033222925357
2.33783515894,3.990139276497342
2.72159301061,4.5559073816127134
3.32581319624,5.3414677057430238
2.34854028631,3.9617977504704753
2.42993733144,4.094429850636117
3.45400251329,5.475483232180963
2.35743062986,4.0170677195164055
2.54689427995,4.2895157509691186
2.34222266716,3.9793988612260995
2.963794608,4.8484251159623311
2.76267939228,4.5217071103245923
3.55985149764,5.6380798214582004
3.518113563,5.5160972535639985
3.48761237432,5.5855245578928381
2.41792797757,4.1312787670189861
3.78520354016,6.0243130752630041
3.21436963838,5.1157947574374507
2.88326621213,4.8587798637347097
3.70861471511,5.8612681960796422
2.41022425333,4.1458114308985348
2.84104452832,4.6395422137967071
2.81910352938,4.7286037432080468
3.5815920393,5.6824900708438122
3.08039297619,4.9639243185484956
3.14461714122,5.0409723360291343
3.57832408564,5.751185437915483
2.52733640209,4.3017399462908683
2.33696778129,4.0013330964124334
3.50465510538,5.6586862983068835
2.78259922371,4.60383441794911
2.61365884175,4.351523209513056
2.52755192071,4.2844908976067568
3.35619601374,5.4004749015699538
2.43427307251,4.1149892158362098
3.44390987706,5.4250459597682807
2.38058657915,4.0451212882345802
3.07014935998,4.9328638808142156
2.72549706891,4.541811926980948
3.13970957119,5.0669422176652663
3.65238385304,5.6751021235443977
3.71117032319,5.8208938713978737
3.71506637743,5.9658819800893816
3.04365053551,4.8932351551430804
2.94951007682,4.8691134094698363
2.68323118036,4.4848687113819521
3.6884389203,5.7200538851716951
2.95841849947,4.814001249103308
3.04119627624,5.0229211185404505
3.76720187918,6.0176951999042485
3.4523769742,5.5918800113077616
2.66447318917,4.3707016915775032
2.97820602347,4.9627933708020304
2.4509972599,4.1930744424190109
3.27534259385,5.325405395297989
2.48869669864,4.2077922214396359
2.87654698993,4.7778604155689184
3.26455085254,5.2149339401477048
3.35379755602,5.4436041836725639
3.57715067022,5.6020034206441229
3.42063494478,5.4788699887371335
3.33864197149,5.2554048774926532
3.25096578515,5.2016018161431337
3.04574429009,4.9365945744172617
3.76414110812,5.9565746867944105
3.17883269649,5.1612896149534011
3.76533426436,5.9002023374617414
2.72449343107,4.5298007260389843
3.17757922115,5.1139641152393098
3.17256213462,5.1006706479358135
3.53054660761,5.6961264065685704
3.61788869052,5.7401187522108721
3.2006478952,5.2447716317142099
2.39873441198,4.0984057480617304
3.43277322182,5.4490954941607423
3.16644750753,5.1391790485253894
2.85466639397,4.6256756253664086
3.03027355322,5.0086272353720194
2.42247466364,4.0946900362452094
2.65055299718,4.4487043109927349
2.45520819682,4.117765882249202
2.89198186533,4.790449638790542
2.80926714002,4.6250595577134987
2.63630373298,4.3694390897045361
3.29090568797,5.3663204607115169
3.37616249048,5.4705989529250898
3.43806181855,5.4540424012313231
3.56729923654,5.6711787637674735
2.48568486913,4.2720769698474426
2.51508264081,4.2099245855681522
2.87805234017,4.7029630347334272
2.41056324567,4.0980836154837244
2.41317922279,4.0994353605191867
2.47907321108,4.1606327370480063
3.64930886859,5.7809020268071549
3.58613789379,5.7660603597556319
3.58350806175,5.7736849387231555
3.44391378738,5.5582803773988987
2.81681858358,4.6423381676945263
2.78802415424,4.5967165035361175
3.39953328899,5.440099451125076
2.93015253337,4.8308966844603027
2.99310362741,4.8447209721220226
2.44651095978,4.1699608496133997
3.17653339644,5.1936865853736416
3.17800969751,5.0877061725314601
2.7767663883,4.6383879669946646
2.69909973292,4.4708797110042191
3.26753444914,5.3662872453802368
2.53681067287,4.3058030268559211
2.33839313827,4.065115648800786
3.07422618248,4.9948905719140742
3.68830689672,5.795400176916818
3.2952864688,5.2779587388237497
2.87465734991,4.8193383581977125
3.2954832243,5.2783640871451984
3.66712877201,5.8363879289406677
2.3855459423,4.037692267473119
3.37682987011,5.3360812598097267
2.93003414345,4.7752320829290271
2.78021988743,4.624682386738483
3.71591855972,5.8713394753502222
2.97920517141,4.8845071671085636
3.57242162794,5.7566437573676534
2.98242560705,4.8673561526727962
2.3427800393,4.0066199881455624
2.98865486519,4.8402574751677294
2.85805210083,4.6976972698865875
3.76668574501,5.919607635388874
3.15315366143,5.1083716307684135
2.35157975351,4.0889324191735081
3.33837268386,5.2941426852807334
3.22332416211,5.121573136661679
2.87677944367,4.7385889188524466
2.77253247267,4.5975634134179835
2.89223782427,4.677795270896798
3.62893667587,5.8228927511719197
2.5864245739,4.3622054600978775
3.09795151435,5.1157459856071048
2.84307967317,4.6479604910810552
2.99564127692,4.8084980451758925
2.60939661544,4.427869047654946
3.60851643553,5.8445180023291092
2.6337016936,4.3646907077700083
3.17493374664,5.139358438701267
3.77778086859,5.9720855822998224
3.69973267752,5.7830428578250181
3.09678646847,4.9961508140839639
3.77870270675,6.0766645731534927
2.72837721825,4.4963190399590269
2.96118618067,4.8185713989114944
3.24313574827,5.2223708669563251
3.41018895205,5.4942386497643234
3.45309496561,5.5011231137067744
3.64547176903,5.8730501354394713
3.72111997609,5.9590744800508073
3.7718416962,5.9902439194007027
2.97232122935,4.9412829650989458
2.74806259976,4.5595596328213386
3.36948906234,5.4054742531047921
2.83494306429,4.6704571308702443
3.01485900457,4.8896818329634835
3.38086804039,5.4586772430305519
3.759510476,5.9410158613390225
2.76020214008,4.5344614505037812
3.26720957442,5.3239076191050874
3.07593116734,5.0033849214783919
3.34706715126,5.4507178190467798
2.92657370985,4.8333196801369134
3.77740004904,6.0496579222937186
2.43778039774,4.0842566192983494
3.29806217206,5.2974454392630399
3.66425447128,5.7724259804279967
3.77965238344,6.0471133484468762
2.40266459497,4.0799086592207825
3.57765311459,5.7532878519618516
2.35371456848,3.9666119165598377
2.92071340505,4.730379664125695
2.71683654888,4.4833150842089573
3.66121092271,5.7998951206734333
2.47608710668,4.2153976660837467
2.9919282672,4.921186292198434
3.71618917887,5.8864333186170503
2.70708424204,4.4836084662264328
2.41174627775,4.0808430628759194
3.27638200974,5.3283503483458121
2.73399949596,4.6031707005643172
2.65464177825,4.5262368192082221
2.98772543257,4.7753702387405008
2.63909575879,4.5009851596213029
3.07789155073,5.1330728797300447
2.36109348479,4.0135158067156116
3.05865434849,4.8614095131731245
3.10971214816,5.0365403537966102
3.35278057038,5.3600831391702801
2.47654615878,4.1796296117994745
3.31274123858,5.2731025046550313
3.60642406467,5.7460990950576685
3.5374863479,5.698459972793505
3.3146627821,5.3387620326405933
3.62409893623,5.811905754315223
2.73527291442,4.572002460308604
2.48699866862,4.2179375992348058
2.34310524065,4.0181906411954706
2.37971255821,4.0787401438028343
3.49115452499,5.7138642896167369
3.67651572747,5.7418667119444224
3.05137065376,5.0136530119023748
3.30475349026,5.3598732390034591
2.62504768484,4.3777352633736655
3.14585123022,5.1071813933194017
3.41246080361,5.5215790543061649
2.54174305925,4.2221663019844424
3.33201902709,5.3459009588471762
2.9548689173,4.8359461116993803
2.9090931322,4.7642487649709757
3.72440064009,5.9653471785857617
3.19933317931,5.1655125654524623
3.68478986831,5.8169654441650795
3.17340224249,5.1310306955194447
2.94681631216,4.8360327389031204
2.77559499587,4.5872836422526406
2.43103135106,4.1062688639100742
3.20490318542,5.1030433162551043
3.08299226793,5.0198418659779431
3.08315362794,5.0499299155137916
3.35663469651,5.44768597736656
3.40923757374,5.5131593986432819
3.1991328882,5.172144557841011
2.63322708296,4.381286645949718
2.59981191383,4.3833142665509728
3.09695260375,5.0272518284652463
2.80007140844,4.6260381581543957
3.44038276768,5.4705644199016117
2.42847211033,4.1290755715592402
2.54276123596,4.2133194191371235
3.11628618857,5.1172498365053221
3.73519109743,5.8856629788330057
2.90785050401,4.7840021867905778
2.70009884525,4.5002928310569947
3.59128959457,5.8083983896689544
2.57151218625,4.2495877912794153
3.13320079031,5.1050850079108558
2.36751976164,4.0120124476303181
3.27542017838,5.3370349484908886
2.60121032381,4.2991956624319734
2.37684603156,4.0389030862845274
3.73137051881,5.8992556919093664
3.23582218678,5.19018991353669
3.74298431731,6.027980508830864
3.71392182252,5.8436316369857018
3.38683107553,5.407666005483347
3.17991953983,5.1550517120563155
3.27979252641,5.2195750734054212
2.84643284794,4.6552314855417363
3.47115021977,5.5304362944061154
3.67689041948,5.8333281981061473
2.94964429632,4.7533396990067205
3.06527462818,5.049742767003198
3.6246073291,5.8128456844946017
3.14960606917,5.2173672629552224
3.13445176372,5.1091351894080423
3.55812114282,5.6496445817591088
3.18302333701,5.2216400983923537
3.03946945855,5.0863009547043685
2.75412042314,4.5120077913734127
2.91218530715,4.8399966935026093
3.00492555824,4.9157557999440913
3.10393463343,5.0175538068958607
2.64468303039,4.4411414246541465
3.62101854552,5.8246160969570369
3.27476676777,5.2593680152073352
2.98259935426,4.8643992876271582
3.05285972937,5.0473302156565705
3.00647307315,4.9667521056915991
2.7497667389,4.5063049591287676
2.74783318708,4.4779539906009918
3.46853357139,5.4045645987950648
3.34625779659,5.3278289822074605
2.5512302789,4.213412217687508
2.38008793792,4.0699063196511078
2.94485595572,4.7722563883229494
2.55810745142,4.2563810265660154
2.87343899492,4.744579433882965
2.85458158922,4.7094356751903357
2.39522636035,4.0986123801025238
2.4434174288,4.117723731846902
3.67599860516,5.8574652054514678
3.54680717444,5.6628295602607617
3.11486311191,4.984034946562085
3.78227004899,6.0991195200528967
3.56882431729,5.7104989544842049
3.02853407631,4.9970620248238591
2.92200510712,4.7952231635548577
3.07107526573,5.0269587755496286
2.42953640962,4.1431989732336056
2.55450420655,4.2755290975986346
2.58706508989,4.3431686268230001
2.57223471035,4.2887957984860368
2.46872701348,4.1930500786155971
3.17413990085,5.1822978313196471
3.05490259359,4.9461024591208673
2.58443720758,4.3250522189196108
2.4231979042,4.1000396330027478
2.78661081813,4.7155629578119669
3.16256942838,5.0429667377086345
3.16180482784,5.0500483875567275
3.45636013138,5.552149568574869
3.30380499902,5.339354985836696
3.08590641245,4.9865951696353106
2.33893141002,4.0111538502885322
3.43840928434,5.5254313719112158
3.25388162798,5.2031948929363345
3.25339526233,5.1927228857298315
2.62720340632,4.3640405599971972
2.87467839851,4.7581544609341853
3.71752331896,5.9175622167373483
2.55657785435,4.2813861974785636
2.96367158141,4.9036834193419256
3.03775582528,4.8673012756372351
3.358890903,5.3231175864762648
2.66634183006,4.4193293411516921
3.74454762169,6.0050578249270199
3.58376948973,5.8038513298161067
2.90667937621,4.8062638021533353
3.26303950647,5.3745073333408513
2.94231688117,4.849405801424103
3.56550086298,5.6116922898058093
3.1885238154,5.1588714118690691
2.85999860642,4.7169543436430379
3.16167369408,5.1157331750724433
3.56437388974,5.7079490226036098
3.64240299771,5.7739927392348864
2.79268236039,4.5741542954846519
3.3426367281,5.3727071644987099
2.67963982461,4.4702127963914711
2.79484058496,4.6625396173195215
3.62780404367,5.7544956133140195
2.35110946338,4.0787614466466886
2.65464714373,4.4348237813278164
2.55509817311,4.2474115099601226
2.76766468719,4.6209851638083626
2.57549766783,4.3035374061642022
3.16082695078,5.1115622444481952
2.95358598423,4.8187986946644923
3.65357571599,5.8332494647821553
3.48589316091,5.5752655565741573
3.29063378938,5.3304203432140689
3.05547708031,4.9513893324444576
2.74292388474,4.5991586844104315
3.56962983619,5.687748498215738
3.37754207328,5.4216043985857301
3.36168012348,5.4366770693185327
3.3465829388,5.3938246176952402
3.71058172054,5.8790103679950656
3.46308958033,5.6640460153364396
3.33880061576,5.3401711631113464
3.72386492709,5.8416929185742248
3.17815254972,5.1826837949529576
2.84678522235,4.7771060284572728
3.22049955006,5.2187847222943535
3.5609649615,5.6891813266193694
2.64173999759,4.3360924576706923
2.7393265728,4.5294521520543611
2.83911116713,4.7884623315164463
3.28400949058,5.3360139468551981
3.44921957021,5.5257462240516464
3.10069000394,4.985215005470395
2.78468320634,4.6075775304016693
2.73899360002,4.5518329459501974
2.58829183048,4.2572092129658348
2.73549479533,4.57048844350249
3.11348823597,5.0495640184671595
3.48526373601,5.6527586057226369
3.32220571878,5.355033142715901
2.55276284457,4.2455546522540981
2.996307499,4.8389646365139081
2.97526150908,4.8472986177719086
3.76200879396,6.1033520116119098
3.3783456206,5.3583170385504877
3.58888166316,5.7298211880234158
3.10522789977,5.0619529062210287
3.54801347534,5.5455125484607217
3.23293188275,5.2779326984981889
2.64567435967,4.4112281652911447
3.42400396585,5.4030071291264949
2.90079330268,4.8048084237186712
3.69289683611,5.7964650431110361
2.60306471785,4.3314839482175271
3.46299267442,5.6124070526863408
3.33334741149,5.2508870440830968
3.57267376583,5.6982792728143883
3.40951542137,5.4564617989289363
3.70386077083,5.8669419133892928
2.90689233384,4.790015815613474
2.69317802332,4.4571943816230535
3.60978196547,5.7566220806709163
3.43391376572,5.4034755282972924
2.4638555479,4.2413980764025396
3.18656744837,5.1486012150688332
3.31404392456,5.3434837493724654
2.78179386791,4.6157528458079771
2.87297692737,4.7158635123833825
3.25750466609,5.212700496102169
3.64568301394,5.7787530477201896
2.95561612058,4.7706366464028758
3.19362787169,5.1243938530474686
2.64214518849,4.4469211525034877
3.07974395834,4.9960179506918809
2.62204023905,4.3628793702424327
2.89410351264,4.7354147657580237
2.38652553953,4.0545148890579625
3.25086085927,5.1989733079250673
3.65157973801,5.8041063358934615
3.5921790614,5.7283665348162707
2.69163183992,4.4450606059223201
2.35243337676,4.0363846051026622
3.07802975814,4.9555048068232948
3.456436229,5.4304887543905878
2.78804104586,4.6296370900248975
3.64968176843,5.8077790987246667
3.37248410356,5.3865789380057185
3.01144499369,4.9316138290789429
3.43709436799,5.4212419543517969
3.41062889478,5.4533164852023424
3.20221904429,5.1907568498896204
2.61799019614,4.470633640246481
3.59068242231,5.7372447298673954
2.56567033948,4.3144507424422027
3.19569285637,5.1186450476008334
2.43803759828,4.1095991324701195
3.06459391957,4.8953759405130874
3.42579598504,5.4297580455430365
2.94154195223,4.812886991923528
2.62823911441,4.4002014442740025
2.61960098306,4.3589088318850466
2.4772264488,4.1697022055311921
3.2162476518,5.1313965929513747
2.49689748073,4.2285995355994697
2.7540082238,4.6074107733111926
3.60939398061,5.800340274423867
2.41248239524,4.0506185799837189
3.01327756585,4.9063720354609357
3.4111244679,5.4411273309817885
3.15308134985,5.054421832023638
3.73967054165,5.919013205633485
3.34050208898,5.520240842840467
3.57234273384,5.7079129397992565
3.70671902625,5.9292670248542692
3.37785471351,5.3929152751628759
2.46683467929,4.1504608593182555
2.57238666261,4.3437132431229886
2.55056892629,4.2546035528326653
3.00275716561,4.8257524152356064
2.9632535921,4.8828858186405322
2.60993938015,4.3491113383151099
3.35098512268,5.409278050902131
3.16690249924,5.1040867758905897
3.21314611773,5.1878135217219947
2.45939568862,4.1315247183286372
3.56682205984,5.7282634018148775
2.86357501773,4.7211205546982304
2.73237602276,4.5168868265240905
2.93373016891,4.8315830534894086
2.98504901133,4.8778513945790518
3.13113250222,5.0445733481826434
3.63095706605,5.8228360462906457
3.33895980102,5.3834154829421745
2.97050618669,4.9783995353006567
2.62890216882,4.3782225362879643
3.71095774003,5.7881635721273845
3.16037984892,5.1251535464645075
3.62666449643,5.6944404674461655
2.52599351553,4.2369120153715896
2.54639597659,4.2965698472144354
3.29315742352,5.2811683762238264
2.84325723757,4.6844645059972381
2.94924004347,4.8962343537215718
2.65474288868,4.45290909608243
2.75938455343,4.6421489858473839
3.32615031825,5.2994440424299984
2.49258198674,4.2137416632124491
3.35167276978,5.370188088188808
2.49714780807,4.2812072207304119
2.78261026047,4.6217315305663922
3.55981821745,5.5641687293231268
2.89985039176,4.7699366062748334
2.40768795369,4.080038762326593
3.30364944802,5.2770499072221595
3.11068972787,5.0213966398820382
2.87226566576,4.668859194936366
3.1950239451,5.0826216724223885
3.54534948428,5.6104531195435925
2.98802946548,4.9541108155476312
2.4446196587,4.1932234501281052
3.07373761244,5.0410418582225276
3.24459999562,5.2430207167725404
3.02151729288,4.9601059926140767
3.13044710646,5.1173966378537532
2.70522850179,4.4610875394628238
3.41191787691,5.4756725257306336
2.85737190387,4.7137966689420194
2.80698580469,4.636262539262157
3.57952935213,5.7122556286922839
2.80732788592,4.6136141864252931
2.98819805311,4.9469857900234766
2.93156008461,4.8092984982171094
2.52125569687,4.3270564217467609
2.92775544934,4.8416840305985138
2.61186233204,4.3499477591660067
2.45330244001,4.1407355317101562
2.44160329652,4.1499821222242872
3.55232383808,5.549095753598003
3.65535249595,5.8310254509062682
3.35609194419,5.4402666904455819
3.32573305701,5.2148707558953014
3.63542953116,5.802777971853696
3.4829125336,5.6022693847836118
2.43053843608,4.1211665883138009
2.39965813552,4.0528108550474249
3.09192524265,4.9600858246436941
2.9622423875,4.8666559961666884
2.8771320621,4.6355190004148366
2.54837327381,4.2684571270684462
3.31603031218,5.3389355252015909
3.66111167818,5.7769988456638854
2.49581501868,4.1746894076939096
2.4760754121,4.2325769821775339
3.64743579795,5.8640810650903976
3.02256265764,4.8773601820450683
3.26898020653,5.2890925538132638
3.36517264998,5.4266116360264522
3.73927785602,5.9353496012414846
2.44393908215,4.1839178948409232
2.64115317405,4.4463586848081276
2.3695726436,4.1028653908495949
3.63311021156,5.8021707513252769
2.43906267814,4.0745056852987185
3.62830781667,5.6820234638324276
3.65963780175,5.793513896934301
3.07091367666,4.9372364346183941
2.56963498966,4.2863164773854772
3.13868033743,5.0670536415099621
3.04190532788,5.0307980149984877
3.66310726445,5.8519029523259887
2.79995699378,4.6354197626135045
3.46795736933,5.5360834553611529
3.55049463433,5.6892627096491619
2.69861880913,4.5075047004609416
2.65735253572,4.4617102033467129
3.57984368815,5.6979028335422948
3.50467898336,5.5519165779655024
2.78715169376,4.6883902078343755
3.76013428684,5.9831473161650948
3.49785197885,5.4660317239269558
3.21466965032,5.2001774400651346
3.46404749743,5.5745325199800231
3.56606596032,5.6999461145065498
3.16760164946,5.0749920785181137
2.74842097769,4.5748881282611595
3.52272122618,5.5629948409838912
3.49209681042,5.5709329488404755
2.65564849653,4.4011593766729886
2.66055918501,4.4392894086024155
2.85296891893,4.7045520451424574
3.44622815642,5.5638116996559122
2.62672358983,4.376094651610968
3.68835569119,5.8804380746226768
2.57994732757,4.2827876217841254
3.77314850642,5.8728597895032637
3.08371853279,4.9584359001613461
2.49290174715,4.2151326400667921
3.13169664442,5.1199170951551789
3.76815934717,6.0140682358291624
3.56912548357,5.6892425765813242
2.89907009576,4.7825414655421676
3.02567187191,4.9778073256696471
3.52744171851,5.6249304716037178
2.82302501065,4.706396965020117
2.83192381811,4.5934568603304351
3.71277206432,5.8691118683459038
2.90993165842,4.926519862329017
2.57675015805,4.2999332516307112
3.24254025942,5.1517924370135493
2.84325687219,4.6889497170773993
2.4061518873,4.145622539698727
2.97508943676,4.9432474642335951
2.44270243017,4.2004389752682618
3.23723377159,5.2350958698208787
2.71315528342,4.533267012219139
2.34473805385,4.0386686101636293
3.68730042847,5.9767682896719414
3.32900357466,5.4059239772781771
2.69694659553,4.5459046360849467
2.5417315011,4.2387888255668695
3.72281506704,6.0368127396444189
2.83872042342,4.6974715237518936
2.80131187779,4.5399449863203607
2.880006086,4.7857651393385172
3.03566509238,4.8766324269501835
3.50427169748,5.6129950731907678
3.14149389594,5.1811229352246277
2.57145181346,4.3348013042132978
2.4726702075,4.181652411765115
3.40722695445,5.4634413065443743
2.71916659901,4.5819721954093131
2.96146113857,4.9417943203445223
2.6353241151,4.3997276248931723
2.68614150005,4.4598933671820111
2.96575488945,4.8253833993521713
2.73281415081,4.5670050528316075
3.34409461406,5.3649002858285844
3.11843578566,5.0570985698406492
2.33925148963,3.9582165377114076
2.7611242205,4.5803221246945895
3.14775722253,5.1016297205262244
2.56841355415,4.2647566363774043
3.25731382516,5.2516921833273349
3.42611239162,5.4121370571398799
3.27991214566,5.3031946975936881
2.37131521246,4.0525883627527985
3.00983835758,4.9113507599037529
3.70407485452,5.8579261335603814
3.76650820186,5.9951371661174857
3.77946384606,5.9792627890373273
3.5043017783,5.5838719306677227
3.42788750977,5.4971205955170017
3.54354750923,5.6989412704276186
2.78394820281,4.5822153994957739
3.46769630303,5.5691142213216152
3.33500786465,5.2793967625440965
2.4924663463,4.2507160092566041
2.57607588623,4.2585245872903359
2.42510811946,4.1494176883210008
3.07727212139,5.0553470715052864
3.41560980687,5.5797173914543547
2.36575772374,4.0409840073136882
2.89480155335,4.7432028084965197
2.44100702111,4.1048845134295027
3.70275879325,5.8836849098470356
3.55339993622,5.7372754104809394
3.7768766461,5.8756361296834685
3.45877533686,5.568443686423227
2.86177977206,4.6679327949464557
2.67479395452,4.3816891724468201
3.53017468492,5.6814145167284531
2.38585209288,4.0951068760357909
2.49576698256,4.218381314214791
2.54401337125,4.2534124505769881
2.57957617397,4.34974043259579
2.96815827089,4.8322729642571591
2.93886428619,4.8799648005116039
2.97630120056,4.8902298740831984
2.48483002804,4.1701630994692627
2.60835230671,4.4075644839935411
2.72383497476,4.4406272670662839
2.49781741565,4.2962719709322013
3.6254719625,5.7600706547765617
2.48955774405,4.1986678060005991
2.72619393425,4.5091351550189778
2.9144264727,4.7470649558307123
2.48136994856,4.1959789006561037
3.00118769252,4.8377449827570267
2.34998938552,3.9163428916049225
3.6078910802,5.7489507581102535
3.01684694282,4.8455521068764007
3.26101865476,5.2321724309193751
2.45619298153,4.1104081011237863
2.35457758502,3.994791310545692
3.10273016395,5.0696883805209652
3.15819408336,5.1430695412979075
3.56610720731,5.6843639912240036
3.21656117744,5.183564270900451
3.76032610407,5.953731051694402
2.76349968194,4.6053901586286443
3.05718720686,5.0563339214924348
3.46484809125,5.5746153126942914
2.86444389969,4.6126756466184009
2.89909764579,4.7290317450248827
3.04673398906,4.9095897584492416
2.55344735096,4.2589039801304596
2.82539706431,4.6111383001655275
3.68273025575,5.8578016768617358
3.0676572425,4.9564117915229762
3.48678479803,5.513788026742068
3.09069741083,4.947852707684655
3.33448680667,5.3224267979606532
2.78380274297,4.5678664855790769
2.56552143719,4.3037570355691397
3.43674763325,5.4735663585304168
3.27261880736,5.2439305731319363
2.93555909597,4.8432213505070774
2.5872582597,4.320936772860505
3.43665266414,5.4962738176070651
2.88978433172,4.6901962091581799
2.38302576453,4.0626737671059878
3.42731268363,5.5587693718481557
3.70668938204,5.9520721675960484
2.79556894205,4.5730182251444536
2.68101402298,4.4135035412280557
2.94458620206,4.7299316497292612
3.45399123022,5.4802586755328235
2.72550088072,4.5216106029858336
3.46155927312,5.4541440286110072
2.715958572,4.5790179497293355
3.24110483133,5.2330849244787929
2.6260370448,4.4263099318947328
3.72535347091,5.893807731817887
3.31635993199,5.3679130117923695
2.46097947754,4.1015184701329073
2.7713844181,4.6050526909470966
3.09804806949,5.0505624635267194
2.50530710781,4.2439831743101974
3.66254914085,5.8232626511227421
3.33475935987,5.3767905633701147
2.77267896087,4.5183236178999424
2.75866809062,4.5628357130393473
3.72349572965,5.8690635606188737
3.59127914591,5.7252345696417102
3.48910835434,5.6226925165293222
2.87087305271,4.6531116938803185
3.01846910107,4.8930419706624289
2.33806934979,4.0864709049870314
3.74994760649,5.9283020760484177
3.15398071372,5.1024326019725992
2.9822181654,4.8586359511657564
2.99028012335,4.8391630501732426
2.44159287707,4.171276292367093
3.46084649888,5.5723153209823799
3.27582926736,5.3006043072343418
2.82707555663,4.6362639057332711
3.57095089182,5.6424943265482188
3.14661756484,5.1116919648174877
3.44388143247,5.4550397482024202
2.6813515888,4.4461858378241592
3.33710093793,5.3054679463985668
3.07764953304,4.9834105959923356
3.12170725399,5.0123798395132813
3.02706390992,4.8906256178659673
2.44739257863,4.1532684236466739
2.49447278113,4.1857683093637217
3.6466621001,5.8105127872141153
3.37035937771,5.3359529182284584
3.20223749693,5.1338736952621336
2.63397090411,4.3755202340145241
3.46177510121,5.5228374663174371
3.63463733927,5.8868692718122295
3.08264648614,4.9823397112245962
3.58481267421,5.6314954790864897
3.37746053953,5.4235152800537119
2.82893767929,4.662834629635257
3.10598128416,4.9545066350005085
3.03399409644,4.962254902094335
2.92442574362,4.8037099141935249
3.36215121287,5.351623897711292
2.56294042007,4.3185998947816762
2.96369141965,4.8248036178469302
3.01016264767,4.8452404577750796
3.15570817717,5.0801574150381734
3.15475392621,5.1131060267614261
3.77978877705,5.9482338740656173
2.98391797817,4.884708666106425
2.97282674815,4.8488945439789362
3.66368908334,5.8037650300307551
3.77338238181,6.020203728274157
2.77823504444,4.674789745266577
3.69953267679,5.8630007052997355
3.61279274363,5.7669005394807638
2.60659053205,4.3738448026779242
3.35082556254,5.4078804552435713
3.73371205174,5.923095895228248
2.75971895586,4.6774684389557484
3.59795958671,5.7297661627543217
2.55561945857,4.351519939528516
3.28565578708,5.2476174362769861
2.80190785912,4.5869028363736319
3.33791062812,5.308422906484922
3.42110061538,5.4523191588315845
3.45818341738,5.5462340221107524
3.52241443003,5.693174278098998
2.94761206884,4.8201135258609886
2.83358730393,4.6594094022509145
2.62367074621,4.3703295964031632
2.7956808185,4.6283569679860763
3.30968605219,5.2721149193745944
3.42238966586,5.4229112331664746
2.52640532648,4.2734887198847575
3.47368397902,5.5936887048197237
3.12902372962,5.0926336524464624
2.75581222763,4.543753004583805
3.04388409798,4.9364719601510165
3.68910189178,5.9703393099836219
3.06328139765,4.953269932197899
3.36887777463,5.384592694804792
3.50243967909,5.588782632201398
3.65504400666,5.8160968057934612
3.59474288947,5.7172951699470849
3.07054651323,5.0246559726403772
3.0563730833,4.953587685537884
3.49616077151,5.5327356288795695
