k,omega
2.93358212278,4.7158180726321319
3.15322251262,5.0137641677613001
3.80093726913,5.8295532566777046
3.34824694545,5.2682695288901886
3.62927984421,5.7449759771060895
3.69643886589,5.7400226983864489
3.75859250134,5.770936038122187
2.64208422303,4.2396878065840218
2.90946362568,4.6617842527480882
2.72836838397,4.3283227147995511
2.53300917498,4.023027250851051
3.43224693411,5.3422173056328619
3.27461291081,5.1591573170630252
3.39929352022,5.3025054043780138
2.72919633419,4.2586296031269208
3.29672637836,5.1671032923657618
3.61409946179,5.5753261345160405
2.92168365551,4.6721540107692716
3.08621753147,4.9009391887627993
3.85300839264,5.9654706801901352
2.55226895284,4.0526013524700897
2.49543377703,3.9405397046173407
3.79263988276,5.8843171051609779
3.6009418875,5.5809624666925925
3.85629137021,5.8620520612105826
3.12483366148,4.9537978504810392
3.75130612952,5.906106405839191
3.14397459537,4.885342707585135
2.96721539847,4.7197709467596152
3.60074043736,5.6867078171233878
2.59302157449,4.1087886772940196
2.79858114424,4.3356267421671193
3.2898059413,5.1033877315769782
3.15842172451,4.9891478481787379
2.87361835712,4.5214256802562014
2.79155694146,4.4310607435568645
3.34235356745,5.2134596602528838
3.54259160249,5.5186216327701549
2.72211624963,4.3503663341761714
3.55913531116,5.4336143222881317
3.21712642507,5.0640058989233649
2.66108583699,4.2836917546196718
3.37311923193,5.3416794283088587
3.17937335822,4.9697498666845759
2.88553067213,4.5931427338813915
3.0050153587,4.6996196178769232
3.14193962797,4.9583328878840529
3.28720422679,5.1781754944920992
3.68458379145,5.7038300792560568
3.1384013443,4.8930708754758241
3.24566703821,5.1894255609778117
2.94293748817,4.6548812755632172
3.36781960437,5.2319063296883899
3.72402333589,5.7872389802561903
2.662317948,4.2169296358708719
3.37300372761,5.2939373186054999
3.7752457469,5.8186655127014921
3.57045588274,5.5382003548869418
3.02166892726,4.7338243472168697
2.96625291622,4.6548355124769012
2.88606500873,4.6037503741755232
3.76083691702,5.8125552845492718
2.94642960699,4.6088363309301741
2.60166637887,4.1778723416932948
3.82148947489,5.9950609898243492
2.58651119314,4.1797371515174584
3.53794907824,5.5276738320335861
3.50211200462,5.5440728488769988
2.81614983014,4.3896473484120717
3.013277223,4.7778895065442706
2.5864019683,4.1857777871286315
2.49783077186,4.0115235585722298
2.74909434357,4.3831226874135929
3.60113218455,5.6115875518350977
2.63160835043,4.1971339544140349
3.63845551928,5.6232548338165724
2.74825963366,4.4032368472483467
2.83712229536,4.4589053502743567
3.6193619426,5.5743970126112954
3.16255396273,4.9086577576148409
2.99905908945,4.7296913860315142
2.63984244323,4.279940259807935
2.77812063554,4.4286403632978049
3.43430031235,5.352663144154528
3.32021842331,5.2092150640979824
2.70506187541,4.3135431786988834
3.70251521074,5.7444201620848752
2.91872547222,4.6441491753663513
2.68208303785,4.2656089879610377
3.00019542817,4.6684698901912522
2.75419755482,4.4684647465942833
2.76366119962,4.3748215709904219
3.63358823765,5.7026300560417535
3.85406043973,5.9255297322345575
2.51790039094,4.0409138068916581
3.5636593708,5.3881013613651492
3.84433967747,5.9398438635895188
2.90048466653,4.5910595057591506
3.64256734669,5.6093452632115444
3.73302570325,5.8084865381995598
2.66035607858,4.2654397281292171
3.79394249601,5.7449082496808481
2.81850197184,4.538110174901691
3.61775798299,5.5837567554232725
3.29518661009,5.1153208486731794
3.04401693522,4.7994274167408966
2.92632147732,4.6531892490213176
3.54447880529,5.5346238131829448
3.56184479624,5.5383438450825819
3.31025216723,5.1401577167471544
3.48490915315,5.4465778919365908
2.95212845396,4.7543654910808133
3.49300817665,5.3237384786402231
2.92223399988,4.5871058609288973
2.67252962721,4.3018672771963651
3.60092424898,5.6219878982212217
3.819486871,5.9161055335262285
3.87663288337,6.0736225991895427
3.56890314528,5.6143774002954556
2.70355767286,4.2865475973316602
3.10799663647,4.8461512201151038
2.91262308004,4.6374153027310374
2.56440583309,4.0731634488697726
2.82640897576,4.5023776748135393
3.01178492992,4.7894092555481391
3.27136734123,5.1400915168985613
3.00995641457,4.7425936564246953
3.09137347689,4.8050867846067957
3.60321569342,5.6608165130926222
2.91708450091,4.5570111917767688
3.77634361522,5.7551578895216258
3.04407275031,4.6878322546774349
2.81608695822,4.3929283653655951
3.8758095655,5.9188231764162627
3.29039500084,5.0831126821246242
3.6212066513,5.6282655783132594
2.85014289648,4.5493241644075564
3.72607386892,5.791715080479757
3.78037330885,5.85563547064221
2.61810265366,4.1951143658470338
3.068957793,4.7762173448881908
3.63246224356,5.6874278199836565
2.89618662305,4.5815830580800689
2.53830098978,4.040874412781724
3.05940489056,4.7874263114553184
3.42859045779,5.3760101273190903
3.22594346485,4.9855436143451701
3.78461590538,5.8618079559864453
2.82749676283,4.4660295037152986
3.30981528571,5.1488271428938335
3.49497874643,5.4068977766186412
3.1811697019,4.9909148457055341
2.72983430214,4.3144504074079837
3.82530036041,5.8797735298281264
3.50507804449,5.4884313881077205
3.13370704569,4.9200869668552745
2.73941930191,4.3036544592215593
3.59841868997,5.6532600363648688
3.17033213807,5.0145979722497644
2.6555098162,4.2216327454871463
3.06175226726,4.7927260158107261
2.71729525084,4.2626255239961832
3.62262694724,5.5718781654077798
3.71145046974,5.7154932606129396
3.62196736594,5.6429043502400367
3.83407584671,5.9102419192142008
2.58909017721,4.1742519945612777
2.97126143139,4.7278748894262694
3.60932857502,5.6179062213515927
2.82775117303,4.5387612354583791
2.97012586818,4.7093395812447811
3.00441236061,4.727691527603052
2.87079680203,4.4957519778695776
3.67554701684,5.7351420426384188
2.62678968863,4.1380299780220895
3.67902246333,5.7707941110419574
2.96812431644,4.691255179988274
3.38629933878,5.293775760981549
3.14758671286,4.9552450914833139
2.93639752445,4.643853191408045
2.68077298196,4.288084689574772
2.50408143193,3.9968674787684448
3.70201200401,5.7975245534842115
3.47178271783,5.4103038997529103
3.6609217892,5.6389291368425134
3.45402606929,5.3498310416173913
2.52460935431,4.0361814237495395
3.65750788332,5.7091003106376874
2.74898321512,4.3132212549442217
2.72862531402,4.3239894256846192
3.31989257375,5.1354896108616854
3.72728033322,5.8442767396504465
2.75488728143,4.3903552635649561
3.46279389056,5.3978704857736632
2.75573561629,4.3430665849760226
2.66765187382,4.2652890745229595
3.37469686832,5.1205188327046631
3.05714599036,4.7511486148750626
3.19525268929,5.0450437539378834
3.15825349005,5.0369515222300896
2.67093296452,4.1831702245188742
3.69871476047,5.6822440527640925
3.3614172602,5.1922640722427902
3.37278887035,5.2825369601521048
2.92772499443,4.5803870308328056
3.82987424563,5.8851261349153496
2.98078176626,4.7174260038828084
3.05909026615,4.7847629604864288
3.78977648326,5.8214118537928989
3.24544706502,5.0520370498050564
3.23329226193,5.0293810893492168
2.98070142781,4.6618172585920332
3.34873366096,5.2882930273001163
3.36515166968,5.1918827433812327
3.51010175086,5.5566294240201826
2.55273380768,4.0374023098110179
2.80109900606,4.3653945913170125
3.34347292789,5.2463888763881164
3.24220681918,5.0872248893064116
3.07068551653,4.8850826629878705
2.82636278649,4.5170103263297863
3.80253355759,5.8204267026661656
3.12589551504,4.900204025097711
2.86898039069,4.5373651729076192
3.6904288683,5.7584728400709206
3.40978530201,5.295476168475207
3.24365009702,5.0833372153130796
3.11456410491,4.8244852980837516
3.17584903851,4.9525200111354444
3.26380411777,5.1639842761961061
3.0743065742,4.8117307834477057
3.42000696923,5.3123363284726874
3.30303572549,5.2250959166216173
2.92829438754,4.6295941450122724
3.25695724056,5.0939190063733735
2.9136263543,4.6773934536464257
3.22016949337,5.0978047606333412
2.88863179752,4.5927364152498624
3.64606757195,5.686095555616002
3.3406610044,5.1687649259597759
3.67192473605,5.671949431314979
3.608359011,5.4872031284322427
3.73173613121,5.7820528814387595
2.6022274305,4.1628187702285269
2.79086752891,4.4496827846618974
2.81989330241,4.5358731977709175
2.86781655217,4.4628618147689334
3.3396277522,5.2793710588237337
3.5006793338,5.4401051751661029
2.69734212114,4.2438831866671824
2.90286871673,4.5606302576446325
3.4678391908,5.4010311332054579
3.73736414647,5.8160925230789138
2.96220928988,4.7026283822324721
2.77710629468,4.4496474403296249
3.32591744047,5.1828950747141462
3.17361939535,5.0172289757222455
3.29128400498,5.1335648337850506
3.21943750822,5.0903871458227883
3.31119756226,5.1383614648745528
3.3530441463,5.1979294386387389
3.08029377247,4.7337006320957959
2.71714781139,4.3403208009082306
3.84849154403,5.8687585538790232
2.59238909412,4.0938516260530431
3.21955311664,5.0721381605287821
3.36577042927,5.2423197827936514
3.26801924711,5.0727523823584422
2.67386648866,4.2662114784791125
3.03224024403,4.6976348820939622
3.26989238255,5.0283265164847659
3.3522654642,5.2562768737114309
3.55467247993,5.430714917832467
3.21722096612,5.0537645056685436
2.66151654736,4.2521272310554714
3.58786662012,5.6354977981519863
3.75822746506,5.8098834805772119
3.24112556817,5.0652605112817426
3.84504417716,5.9133122002307905
3.64008362364,5.5659274513053489
3.47938547983,5.2975492561240474
3.18085176768,4.8978917833876841
3.33237497139,5.1433709623088983
3.8809360133,6.0330261146480408
3.48630929446,5.4221711918551252
2.575149644,4.132369259781318
2.82307744248,4.4737793861808246
3.19943797487,5.083969237164542
3.30189008994,5.1131055104268901
2.95706785172,4.6056145708866243
3.31184871211,5.1833897495271355
3.71955956441,5.8393451914385039
3.24395519378,5.0702827864623403
3.72415346988,5.7374784859804633
3.18401817098,5.0700632500886353
3.85892876736,5.9625983461972716
2.74724912237,4.3495996299207169
3.16599547346,4.9693032209323125
3.53508398523,5.5515431960920179
2.82543193841,4.4296718327690465
2.7278784875,4.3621119231398975
3.23569799441,5.151206947208923
3.21233616742,5.1195334266731205
2.78315740327,4.3759582052427897
2.77088292413,4.3411509796651977
2.89595950253,4.5852131281711586
3.83825999691,5.9728966071210898
3.26408141083,5.1268296299348508
3.69441027398,5.693615437219278
3.62618280262,5.625974566007959
3.0299341485,4.7130745083080079
3.35655523724,5.1980961198453013
3.15337989382,4.923473342598621
3.88069756633,5.9585269562544134
3.29847590679,5.1105716874120608
2.6605234634,4.1640783998131417
2.74502665992,4.2999410575268344
3.59520796884,5.618266693755821
3.48826619825,5.48252901302381
3.1489681259,4.9082889538292882
2.5228222163,4.0599070187132407
2.64173571925,4.1915504365232019
3.41038673008,5.3414022104474288
3.70125378374,5.7841616367241135
2.49831781561,4.0908296847840893
2.49103695996,4.0319154637411829
3.22040827755,5.0508578758752511
2.89967371005,4.5843511326319746
3.14634829761,4.8578718342148113
3.55224609631,5.5273127608135448
2.72892185925,4.3694455650576955
2.68662658468,4.245290926363527
3.59438923076,5.6076117481705134
3.76362581278,5.8138147173544317
3.765956279,5.8362956807167263
2.77032918122,4.4022913208829539
3.1515539201,4.9986245867071206
3.03509426413,4.804633046774561
3.1710433023,4.9763229209662141
3.53474176233,5.4319635329177416
2.99969651654,4.7752623464964898
3.76874606436,5.8223275112780106
3.66989314855,5.5688266676407867
2.53808911523,4.0682168143214037
3.22842262285,5.042443331483268
3.29994500973,5.1922245457714737
3.87983975675,5.8792404413879513
2.83030454928,4.4828664216065013
3.07809818447,4.9171477898145524
3.83144102872,5.816351163251178
3.2514175396,5.0148107996480018
3.26050695626,5.2328196018491901
3.81759652975,5.8573165476035722
3.63367624379,5.5652458625352796
3.78966551333,5.8662139688788253
2.84593803163,4.4517481019865768
3.60311047136,5.6252918424408405
2.86415963169,4.5219588817150749
3.71717649151,5.8155961962103779
2.80250818573,4.4021093629792443
2.85222762948,4.5443439360528703
2.61674918842,4.2125199522388463
3.22515735442,5.0167228233964636
3.40322946233,5.303266027581226
3.58959384424,5.4677062157002823
3.30523449744,5.2068671000295899
3.20359284712,5.0656059364144701
3.60238315696,5.5804896941930302
3.09339113506,4.8141187041873552
2.71743792784,4.2870706209394021
3.34101271644,5.2528168190672222
3.41752764307,5.3294521265231216
3.07535319544,4.7398645815987352
3.65898998668,5.7095687141541527
2.86643806738,4.4999664905026178
2.99223194132,4.6439889814893691
3.66038335753,5.6260746293975039
2.6276663799,4.110879969801891
3.11993041253,4.9182497525577951
3.48679536997,5.3416851706409156
3.48394414713,5.4041203676728538
3.7576718784,5.9141463718946738
3.77857367479,5.8048220514960018
2.99222180159,4.749287581632573
3.01033579219,4.7159065072315371
3.05122266501,4.7391192792539725
2.99637271914,4.6246861291999473
2.76095223303,4.3568661357617895
2.74797415415,4.3601208174795367
3.8419239687,5.8738148040893128
2.99171545082,4.7442133028894613
3.53119147467,5.4739773708653683
3.55657100854,5.5341030841079322
2.51389597364,4.0351814306289766
3.56676675923,5.4842558929222687
2.76404205305,4.3634326965534038
3.23015660282,5.0498967471076543
3.71513130762,5.7509593469781048
3.83578164884,5.9356846047639094
2.88977308885,4.4857064300721925
2.57785797495,4.0541942780640046
3.02615417668,4.7700701821075961
2.7300432962,4.3364282690501756
3.68459672534,5.7142342238283854
3.2042912484,5.0360002832643973
2.70015493531,4.3107417425728505
2.79104768304,4.413027962610796
2.57327445442,4.1069037471839112
3.66063889398,5.7273240940078933
3.67906214158,5.7263066031339527
3.1203803286,4.9415553721072527
2.66482827602,4.2408191952677115
3.08993206969,4.7760871896979618
2.62259978034,4.1608095530506395
2.71439133053,4.2713223113533312
3.37075563172,5.2486080884884823
3.02460290828,4.7290162853894904
3.09439356605,4.9650660082054952
3.48896632945,5.5169704640837933
3.13919720623,4.8940295189998198
3.62946482153,5.5256850140029243
3.28597585822,5.1541370685715266
2.75600924902,4.4036145986317088
2.62051097967,4.1647910937805266
3.03130287959,4.7794171700360923
3.30934391387,5.1151519518966868
3.2679396368,5.1378829541982931
2.60375957029,4.1578218750640588
3.09215162812,4.8039444980226129
3.31830497364,5.099823722002844
3.16387319271,5.0048062344558089
3.50367691116,5.5236583806842088
3.05835639149,4.8262226769102892
3.15588509433,4.9612721866873155
2.86659774793,4.4930145334286538
3.77366896924,5.7885646260424819
3.31900381042,5.2192884072897954
2.81404408029,4.4247712867303628
2.70828071104,4.3265483095091204
3.66581256533,5.6486309402757886
3.86090367037,6.018432719756504
3.11186936094,4.9008200175006547
2.7982379688,4.386405335720025
3.86685196271,5.990403691829334
2.89273137018,4.5537815631497072
3.0820978461,4.8148595904591032
3.21058966954,4.9871893101564515
2.93421588488,4.6814750603381228
2.70780288332,4.3309300275073861
3.76230641347,5.8192627228348819
2.63435948707,4.1621285612083705
3.3630257406,5.3574198633288317
3.88465771157,5.9741412266387188
2.86321813332,4.5234017305458485
3.44275117192,5.3852171382252747
3.45686615344,5.3593849014762034
3.23741319121,5.1227046873161735
3.23117480858,5.0425946363659566
2.69221706441,4.3042739545778401
3.61335054609,5.5699225254122187
3.66572489552,5.6913046309571014
3.01679860231,4.7088004680334183
2.75489289251,4.3574958472341905
2.56995787963,4.077138624725043
3.13513817076,4.9293535662434662
3.20112140366,4.9547643400957249
3.08482200065,4.8334679819816779
3.08837771039,4.8358889638864637
2.68735544833,4.278284871937557
2.83303346497,4.5096616235449503
3.41988495891,5.3396935000013848
3.59899997637,5.6722945345789304
3.39753983157,5.3059759477829367
3.34215850052,5.2347827243978706
3.47995307312,5.3802338952360165
3.62215928318,5.6208492641923105
2.66398987272,4.2035810354547039
2.67263215995,4.219496632768938
3.72189420978,5.6986730583848244
3.52639797578,5.4306755424633906
3.34704302046,5.1890600726044074
2.72158974847,4.2780777880136771
3.26962099653,5.1144181626369365
2.59314929281,4.1709438705028106
3.29216648293,5.097105249322337
2.71987882294,4.2436732624608728
3.17519064189,4.9771114435042598
2.9256441712,4.6319918078470996
3.25692317697,5.1166509525482171
2.89790060384,4.5837949974808421
2.70649479215,4.3195963511452788
2.50374115714,4.02558217818481
3.86850494702,5.9560349715631524
2.68145335025,4.2714283240605857
2.89198795311,4.6028046598454333
3.28480829553,5.0522699423438988
2.65257584592,4.2119991767617302
3.28338650101,5.0779343367430734
3.44551169653,5.3858859408370376
3.75437724449,5.8055757028294002
3.68853865679,5.6772140275319174
2.90984507974,4.5850845651258014
3.1471409835,4.9282772901097101
3.42239772009,5.2966015054890487
3.73260930528,5.7270424814294723
3.28584921725,5.172231552480925
3.03804064305,4.7727362572403695
2.89200720464,4.6247502910666416
3.60187730859,5.6815700420580368
3.27218612006,5.0966707328307983
2.71663471068,4.2830436658351303
3.63680326359,5.7238768889185074
3.69494803647,5.8028227426692593
3.62003434332,5.5978166884238956
3.32695474396,5.258635678440541
3.05155975483,4.8786551556747728
3.08248295624,4.9010013772899894
2.63790184946,4.2024779436858237
3.30726889948,5.1802671169223409
3.44549476663,5.3704196817776282
3.78288099441,5.8540136020291653
2.8726026808,4.525163234997386
3.59338270191,5.5147517308836704
2.53794464859,4.059887582301779
3.86202894993,5.9550604453144462
3.85042927647,5.9936504728061646
3.54429880441,5.4580393620791519
2.81143648807,4.421651838643589
2.57470731361,4.1370793229071348
2.80812307001,4.51877759527836
2.89518385938,4.6378672116685928
3.28501591813,5.1126611512735849
2.7104157018,4.3524213496377531
3.20844222835,5.0158728558900574
3.58561799833,5.517386797308145
3.55502250888,5.5933112254802353
2.61644779379,4.1830454295402104
3.54735980524,5.5744856657432624
3.16993331638,4.9117099038056171
2.6782165083,4.2704565613954237
2.99587639909,4.7540837677142962
2.54841795524,4.1021850141401579
3.86642573159,6.0279469364585667
2.64928913942,4.2291334747872691
3.57117859284,5.5189644124610036
3.86753811814,5.9791189375720446
3.47248986198,5.3739392105655623
3.26363349226,5.1216740666838021
2.53386990199,4.0997619479319134
3.37911571824,5.3119433931255751
3.49977078097,5.3010955899552874
2.87005543253,4.6096358280024985
2.49743344441,4.0876454513434659
3.32071989336,5.2434517909076135
3.55836873057,5.5105565880191936
2.55424234556,4.1397167191099342
3.46928566549,5.3964121305100292
2.53830024317,4.0021260963668883
2.54167348913,4.0686060765913634
3.02569543428,4.7640135416842053
2.88374850406,4.5688381749648164
3.44899111005,5.317147635346049
2.5652582667,4.1822008588454276
2.71637138846,4.3317690274861578
3.01585647454,4.7457655736698117
3.34057437639,5.2133226302395714
2.60351942945,4.2162134670754954
3.32048778167,5.1579189853382337
2.56515914282,4.0987587681589792
3.80297767788,5.8057105453884201
2.70959199368,4.2937756569240575
3.28301769444,5.1098786506991134
2.62597174727,4.1794455930882641
2.68919104368,4.3410554183711092
3.8593816597,5.9992596846433468
3.45793257393,5.33021940679855
3.8409465533,5.9313618055466417
3.758973178,5.9013962824489123
2.51187098024,4.0348485736174204
3.7808194147,5.8186414942796771
3.32194137085,5.1874326681791425
2.77679608039,4.4212443841883813
3.63997401756,5.6329269402791153
3.14239776146,5.0217746796414424
2.91248301795,4.5805233834430847
3.43483370786,5.2846445601455461
2.91415744884,4.6446395906959372
2.92992449092,4.5684760371195825
3.16259891877,4.9485415999034208
3.17986816028,4.9835228995393539
3.06327006664,4.8272338457741233
3.48530253292,5.4480410929317884
2.84638159836,4.4464317557994875
3.03386972872,4.7610054231126355
3.55101147512,5.4839573000176838
3.58124201345,5.4719122938977636
3.29999713618,5.0735603809126646
3.58361206341,5.5680029178399284
2.92662613599,4.6474472002666793
3.38010037734,5.2598313247923087
2.80287503744,4.4709400139739293
3.04185090294,4.8346349889555098
3.55486168958,5.4690470639759461
2.82296754524,4.5134877434552862
3.27565761726,5.0174854114056329
2.89040493686,4.5967885682428893
3.660277882,5.6794750284441529
3.78344447627,5.8811631162023623
3.71302867071,5.7655544785613371
2.84374418366,4.5049995914827132
3.52823150625,5.4963305900207153
2.84959711897,4.4631549741970042
3.76254923116,5.7522942780821218
2.96556897657,4.7430287383990368
3.52713720204,5.5293508646859157
2.52063905036,4.0417031487452295
2.52122256919,4.0542343509273016
2.80462016562,4.4297667093437845
2.54646098298,4.071258482895459
2.97145763512,4.6750277129567825
3.36211014039,5.2644136020132324
3.48680574514,5.4712223422098187
2.74079913496,4.3059333547168457
3.65732261268,5.7120162337110107
2.72605493631,4.276531056585795
2.60710401533,4.1482325265598039
2.78408186051,4.3718684148995859
3.35200911139,5.3081060569864063
3.00862156678,4.666786839931877
3.67761953822,5.6166125805777414
2.97056466663,4.6350422250963534
2.52854467126,4.025854622507385
2.60478441437,4.1636136150055991
3.40453832506,5.3396681198359364
3.40906548559,5.3805396571095443
2.57120865997,4.1055421805440462
2.58559950768,4.1611416047919967
3.57515435661,5.5026501549418088
2.67406991211,4.2765060896891836
3.00591488886,4.7263571657351395
3.5867834312,5.5949691359845835
3.33606597704,5.2340081382058079
2.87218217652,4.6305844947348431
2.72384767149,4.3325070781666355
3.79385258096,5.9266558627057426
3.31292903627,5.1691003505318571
3.66249576844,5.7355290941716994
3.27368408087,5.148164016650866
2.8220256776,4.5201683304066167
3.26767417353,5.1289969752760252
2.73518545956,4.3848993178831019
3.29415688157,5.1694794090166987
2.55261044456,4.1109142376395509
2.6632175548,4.2796570902747497
3.59287407899,5.5973021008338222
3.16037399588,4.8624884264242167
2.76822266076,4.3943672942458205
3.50495770064,5.4631448064666701
3.84624853473,5.9356196425950625
2.75685577329,4.4220618530954541
2.93610431881,4.5565479727804412
3.30157101803,5.135859787771877
3.22675849461,5.0585744995551236
2.67236097333,4.2957253280544574
3.04241667214,4.8299328350964315
3.31701405685,5.2587744768206051
3.0296847819,4.7848025847112403
3.11053836685,4.8875130989431561
3.76142942808,5.8449263111330678
2.57820764965,4.1321141386459237
3.42526132624,5.3200855153906685
3.68984508622,5.6822072192658748
3.7568700603,5.8913257368503249
2.7684741325,4.3963926584297983
3.87692100041,5.9918241570929256
3.67654622257,5.7774992779179186
3.33671495074,5.1904382095187946
3.23008778951,5.0092957032895189
2.58038751845,4.1534484405158194
3.08187443233,4.7941508560381738
3.54234088137,5.5908277528021788
2.57480969118,4.1661042741816487
3.47170004775,5.4837153291369027
2.91432818543,4.6399446253635661
2.63333263695,4.1764254140719164
3.41074103115,5.2690982382607192
3.5801235772,5.6378967339252313
2.97889679636,4.6812760515845619
3.69892970223,5.6649751762961333
3.70404910329,5.730450630065314
3.87280733517,5.9899637950091424
3.70934349391,5.7627094568207848
3.83038262438,5.935438846894157
3.75455522347,5.7025623602230846
2.50159304197,4.0156313307835001
3.59812136639,5.582685626577172
3.75623077924,5.7550117282277693
2.59287767197,4.1413320134844422
3.6977137143,5.6640502733935838
2.88226441464,4.5260422124534232
2.5376740199,4.0190836013757698
3.26058553589,5.0758072960913942
3.00299495796,4.7239226643990895
2.4968047204,4.0364216242506528
3.17204542684,4.9764851852076362
2.7454641964,4.3816952423231115
2.95902392842,4.6277820551823332
2.82631622608,4.4938340376367654
3.11127938177,4.9353967907959762
2.94316582591,4.5980410129634715
3.2387847497,4.9641278675666323
3.58609822963,5.5808141149727222
2.71333633773,4.3456150417670347
3.63530014212,5.5778387641636691
3.04572940021,4.7671801251031392
3.48311075816,5.3742926568180831
2.85791233378,4.4810311749067431
3.13959494786,4.8890120373468209
2.89089953169,4.6150254084610234
3.33338199531,5.261723926844355
3.18743571328,5.015578422345186
2.53379892805,4.0461778995017701
3.64397824945,5.5697982812528055
3.87117232872,5.992608781846319
3.14058228553,4.9538789401249925
2.74495330098,4.4192075860467224
3.0228179798,4.7401440130561552
2.5911584352,4.1597217853306061
3.42814516937,5.3484946796885922
3.75639412623,5.816927876289741
3.13327667835,4.8088992656041976
3.15701197098,4.9667847905600482
2.80130794093,4.4528618852626467
3.40617259671,5.3603192850421726
2.60815010202,4.2518994152961573
2.63500094045,4.1990115991669654
3.49891214218,5.4618503265303522
2.6292702246,4.2434620120942128
2.52058092358,4.0844876175491969
2.67008675357,4.2835440811314394
3.19974238099,4.9687748394563629
3.28414717581,5.1521839108665404
2.77506350093,4.4207307146305359
3.32920696599,5.0876821733132482
3.14328703435,4.9492686558929773
3.1506956286,4.9118238206775811
2.86235910152,4.5114314812847578
2.93854579956,4.699146180229727
3.36204650872,5.2044113232871849
2.77522753945,4.3703070352339504
2.64073437766,4.2336919156374195
3.57975524493,5.4068344478761299
3.12028649229,4.830544421814893
3.22887670021,5.0373486491058559
2.55014071063,4.1293841289756523
3.36718899328,5.2746496753646506
2.98737424313,4.7138692819090284
3.50813122385,5.494620670471039
3.5459488562,5.5196254935887881
3.70155501317,5.6804572394424646
3.29584094633,5.1164912092925325
3.30672652972,5.1016451161105767
3.01583538271,4.8248224357924938
3.74561512299,5.7029950017060065
2.50886654279,3.9495148304625358
3.35214454332,5.2630798007061506
3.18947834528,4.8708690772494885
2.83880375705,4.4997506852770206
3.47104512253,5.4152233593657577
3.492594801,5.410400032442527
2.84244756484,4.472424236956078
2.71563422817,4.2604294376541016
2.71621193533,4.2902111775674232
3.29243292396,5.1312386556338145
3.45615972735,5.3426953472846392
3.76433187004,5.806612730604666
3.50183358091,5.403631736636088
3.67701961921,5.6849010992583464
3.47462788871,5.4582320985239496
3.80984262023,5.9105473331750735
3.69097322116,5.7101422516834521
3.26653273326,5.2281252102456595
3.72631204645,5.8497751710232979
3.47473788233,5.3116791746722187
2.51300351363,3.965051134380146
2.82233768018,4.4356551915695697
3.01004013301,4.7391344193698171
3.1760651596,4.9700160438602055
3.73522094711,5.779246660598619
3.45473028907,5.3147970177557244
3.77795796843,5.9442146102746305
3.25269919121,5.0401031009418542
3.01572188095,4.8009198475602606
3.39364885395,5.2451332172333851
3.15938008188,4.9293346460677414
2.91029788175,4.5499087520602428
3.31672979205,5.1692518557423233
2.88291525111,4.5333426121854412
3.35198536947,5.167475671460088
3.2012149834,5.0296172821126417
3.37997771335,5.2140835929677296
2.85777732079,4.5254689314636218
3.41831155165,5.3357655932921944
3.31270358882,5.2793494480463181
2.68850495846,4.2914114745794274
3.04641329115,4.780422734772019
2.97749961495,4.6810074796401384
3.33579292098,5.3008146936990999
3.06481501319,4.8665189975291829
3.34962027297,5.2391760706484432
3.58911512205,5.5469167605673011
3.45610709866,5.3352051750675766
3.7629326607,5.8858904619540056
3.72844283336,5.740402664134483
3.07480078903,4.7903679863451307
3.01809653887,4.7221801676607154
2.80478008603,4.596019598507147
3.09045224278,4.82852019824346
2.98762407009,4.6667713002102165
3.56390524312,5.6030530956156044
3.57278555852,5.4749764116097959
3.08105669311,4.8527191025759935
3.05244741033,4.8362482856550244
3.73008632054,5.6556650223244267
3.59416496923,5.5336502637298022
3.40842743639,5.3559670023766497
3.63262801733,5.6347975305375746
3.23900190749,4.977604068022524
3.17874414715,5.0833339383337757
3.13290221814,4.8926497485777345
3.23478087848,5.1131215389876479
2.65520655951,4.1938381093036021
2.76954886494,4.3601037601497419
3.03179554445,4.8039487031633836
2.9043740128,4.6329928260845499
2.68701171351,4.2406519081651162
3.27767646719,5.1457028478745892
3.53533137789,5.5013010110580991
3.70953527621,5.821920761280202
2.63937044784,4.2834581904849296
2.94633981096,4.665629499837868
3.46720863784,5.3681337440486825
3.20614700885,4.93849219214591
3.45110668671,5.3404143341396209
3.82508226317,5.9517518387987938
2.83357517178,4.4825081381673062
3.30929900849,5.1837200306529683
3.61740501793,5.6258776536262278
2.53525833655,4.1189510848192485
3.19439174308,5.0708361558833843
3.05794165619,4.8321497236542514
3.45957542344,5.4325898477243886
2.79215981573,4.4013902629564345
3.05675886136,4.8293865027512757
3.27655586152,5.0861239132813392
3.25753186413,5.1679062286126927
3.58186073675,5.4719865262401726
3.65612887641,5.6827476993535226
3.78729975713,5.8151673646854007
3.15059463068,4.8872459847553351
2.71263992173,4.3019302916876176
3.79780165762,5.7523849324170451
3.40904804425,5.4011139951342058
3.69612665834,5.7289274924671165
3.66326068001,5.6909030820243576
3.03729886131,4.7644034522971292
2.74166899661,4.280682224343713
2.92806290183,4.6523032292024791
2.98283732335,4.6734846019630467
2.5775950471,4.1290745927320751
2.5513683734,4.061916536276903
2.92876623503,4.6140048506423268
3.30918747114,5.1669304670691032
2.83856420617,4.455648765522473
3.17338233607,5.0589246400513703
3.52406704144,5.4826133726936472
2.86272450038,4.472663892587545
3.44554504242,5.3497560891634919
2.60890701526,4.0853737730988433
3.82285952072,5.8868754001635963
3.62943189051,5.6583501555263416
3.33055421526,5.1892268194866045
3.79337274921,5.7506475238327353
3.68110247694,5.6758556010087053
3.88080152984,5.9728487579772613
3.69187894025,5.6989174666423974
3.73705416171,5.8007793643771981
2.80856285151,4.4343708141142004
3.37655341603,5.17688111036568
3.70966683533,5.7722319396163959
3.02877535179,4.739282983867537
2.69223803734,4.3032354670568127
3.60960264098,5.6310784019900364
2.96098309368,4.6081164345269467
2.52348054248,3.9770670936979609
3.10207332272,4.9161072414406783
3.02075211696,4.7581429251704037
3.52263458878,5.4046266737889388
3.37810862817,5.236137605982047
3.20879452274,5.0183280204505758
2.73839803269,4.2815430178798914
3.8427615344,5.9241508638368279
3.59502381212,5.5725002506561463
3.22468312696,5.0531628538693667
3.07329740585,4.8448524529406338
2.87364446684,4.5958272782162313
2.62149890949,4.1917879666366247
3.52513897221,5.4668523375318294
3.5363718653,5.541737508852953
3.60044189327,5.6336979106750844
2.57905227767,4.1625465849194079
2.94483495151,4.5813207490496497
3.0379435744,4.7157547580426202
3.18927982892,4.976145901930102
3.78490830353,5.8702731879967622
2.49244479481,4.03340202908685
3.4214825574,5.3882211230452439
3.52905455543,5.4175439862127437
2.75988751562,4.4032059302615858
2.78554600571,4.421902849119312
3.43794469104,5.3481035742179204
3.10673400561,4.9212130022034541
3.76661177896,5.8290198493286125
3.59301241226,5.5604586882907627
3.34638444986,5.2360128873437173
3.77213438139,5.9981970476474809
3.78982090523,5.8225712612225609
3.13993358858,4.8619501978262587
2.64606829453,4.2034270573511057
2.75503411839,4.3664942203768522
3.70479726785,5.6959653514695354
2.6323046974,4.277105005216808
2.60004826533,4.1523588468530592
2.82601064321,4.5372851288140152
3.15223387217,5.0693360795913502
3.57990790557,5.5003887462798371
2.74602742523,4.4038427737100365
3.57590900293,5.549641902599892
2.59725305199,4.1645601677434367
3.83557205194,5.8794126574970367
3.70273240491,5.8056291601320824
3.06068649641,4.8496988239211403
2.6292246636,4.254870645126454
3.78311924594,5.8393230900174462
3.85000775021,6.0455707838833321
2.98650750572,4.7072135299607689
3.28579858968,5.0667141716653887
2.89249555342,4.592843020372297
2.52031435934,4.0533618818891588
2.83932120901,4.5240100715418192
2.5503979883,4.1197067483070162
3.51967428804,5.5830729645857051
3.65566216898,5.6461297194894104
2.78312602747,4.3864368912690503
3.77436247678,5.9285582633313307
2.54101025224,4.0537537972825106
2.56013161734,4.1248561897134541
3.42553638792,5.2505503702952705
2.51465297329,3.9969424804096061
2.73940898367,4.45683178879833
3.49017191044,5.3526507659063887
3.40143188709,5.2743986266288854
3.67734482394,5.7154488971929096
3.01787274786,4.6739459153645999
2.50032582987,4.0269907222718029
3.86693529517,5.9578321417756115
3.81240142494,5.8552902139929826
3.25404076598,5.0702257227696022
2.97086005941,4.7549180014422117
3.34863641096,5.2195564311838609
2.9197557732,4.5699901666657867
3.75333583173,5.9038589400650254
3.26764563211,5.1367243454338185
2.7887580677,4.4856430085103822
3.75397886375,5.8903687913181031
2.82728870112,4.439139446443793
3.58301677077,5.5842315296585152
3.38008547459,5.2571250812632551
3.52450780351,5.4925146427657783
3.43934067219,5.4153565490722038
3.21784838703,5.0905535215708175
2.95003142739,4.6149026280463534
2.78871486948,4.4371078994909769
3.10699503566,4.9308971766396246
2.79817193747,4.4398400169595522
3.47058710194,5.4683712250281387
3.10967212431,4.8420450192075783
2.83172796245,4.5185161529906184
3.78376484716,5.9309169113368831
2.6506951399,4.2493029939719191
3.40901303654,5.3349705405471139
2.79721550625,4.3844009199540084
3.74311531069,5.7882800752093821
2.7967205058,4.3850359168870208
3.68119365108,5.6838701262270392
3.23229834771,5.0369808681683717
2.77991662184,4.4444042038338569
3.75499842334,5.8151312362788072
2.51941480204,4.0305693610889035
3.03096910483,4.8734031050644999
3.72934069232,5.6376223546765445
3.69991350404,5.7196825142094552
2.95787973766,4.6420701651647569
3.16697890895,4.8608634766894472
3.08162488574,4.7939162239463817
2.67216940761,4.2266062658470966
2.59288289228,4.0915234644924245
3.22511149503,4.9895569262197981
3.34092449614,5.157205546412861
3.28905299306,5.0802106112603065
2.57908547985,4.0722858190639704
3.11015122406,4.894095582209232
2.77243566684,4.3572898778579363
3.7310560973,5.7312131642930453
2.86459194888,4.5614243309723221
3.81359709842,5.9727080732015487
3.58455207351,5.6366872533469241
3.065047647,4.7722674292611531
2.5797086767,4.109781420839238
3.35965591218,5.1987427535420894
3.81286169309,5.8856436892851196
3.08714515651,4.7999974900264029
3.3313493504,5.2146058615159658
3.21494585065,5.0420302360928897
3.6350703187,5.6670858806623565
3.06252034149,4.7795687085447405
3.45899608875,5.4324527673376357
2.74674489397,4.3521875189380941
2.58525183846,4.1069842322801851
3.60195684584,5.6416920968454782
2.72137651582,4.2906266202679415
3.13901182756,4.904223677641447
2.87286501133,4.5003494719808943
3.80352583265,5.8596989761779072
3.06183423492,4.7737781361115887
3.13914194776,4.9242911801065459
3.69556233991,5.70390040482211
3.74716328259,5.8891811752981624
2.75377659535,4.315228954444394
3.1441538367,4.9203260453050408
2.83523574876,4.5124234771414153
3.46181498118,5.3376230132964633
2.69238379309,4.3290374958835773
3.60806275172,5.673963954868702
3.28321434218,5.0449734282492882
3.82671228842,5.8613935761330058
2.56779160425,4.1937030459661306
2.75219137167,4.3344884690142473
2.99959106721,4.6105215305278326
3.21867153082,4.9780258042788885
2.87668526719,4.5247114758084566
2.77255099551,4.39103393293657
2.91126437371,4.6472531898849994
3.1697314938,4.9862426693225812
3.10821554586,4.8263379405685001
3.18505572648,4.9913572029752276
3.63267499,5.5409168921254315
3.88323192921,5.9891248366534011
3.25729943776,5.1380865423657776
3.58880493667,5.606168273156066
3.02106535481,4.7145708098297332
3.05560396754,4.8186433882045012
2.96867404012,4.7039661321438784
3.38497314668,5.3084000779823866
3.47983146797,5.4299229939758007
3.4496700014,5.3838651796671568
2.61215221023,4.2095574299337679
3.80241884497,5.9914825157499711
3.83422519832,5.9483480291997628
2.99553895188,4.7120586940882863
3.34846263265,5.2050128971127796
2.80469631891,4.469279887839809
2.76451772415,4.3721674954378305
2.68253628324,4.2595166172746302
3.50132692605,5.4479068660591965
3.04123918454,4.7838187784558004
2.76759407267,4.4389858163967739
3.35839200469,5.3032321179630681
2.71232904258,4.3991610951937474
3.7501218049,5.947401594324254
3.65320417014,5.7045323515122499
2.5727394841,4.135570207679657
2.72731127515,4.3349784416254273
3.04357696834,4.7246668677466923
2.83926869631,4.5395541099782184
3.85048476241,6.0029410105783469
3.73226529484,5.69428746864285
2.70270278994,4.331920872570981
3.61919290494,5.6613830338679794
3.76101944253,5.6905962096372038
2.49450339,4.0166088246834857
2.54714378003,4.0896115784782845
3.8193988554,5.8357551052849468
3.45187831016,5.3885632469218168
3.23437605822,5.169609360392168
3.59600382605,5.5197528227196653
2.92932796273,4.6661626139803021
3.75641196249,5.7761349848359975
3.46325234535,5.3842599882145636
2.67178534515,4.2154757955263751
2.77209840814,4.406191950493227
2.53008696862,4.0328992066638252
3.39995362034,5.2733313721695083
3.21412901631,5.0285124984450471
3.43048860441,5.3692608166564675
2.91595981543,4.6056172351927342
3.37316997657,5.3268020820146944
3.29312600074,5.1300836014183924
3.86502091756,5.9216918225391835
3.16866912859,4.9256453558615281
3.06968200463,4.8855198427031254
3.40451279469,5.2068276995263512
3.26570743137,5.1206167511302114
3.75405457357,5.7984100538955676
3.25329390617,5.0335010348554876
3.84144524843,5.889431937668677
3.2726295878,5.0779813197712533
3.15758041392,5.1014494662572174
3.73121581511,5.7609016393073311
2.8133611143,4.5434411373606896
3.12427079859,4.8831739452100065
3.37981142502,5.1923601308888996
2.95497025044,4.6309161921194262
3.54365118603,5.5983308106809506
2.50399408493,3.9833422663864786
2.85543602321,4.5283332638244636
3.27174018915,5.0421626439203528
3.25079844464,5.085148914703983
3.59425621483,5.4633888952535168
2.56542192798,4.0967776032923044
3.12314154631,4.9725768552946876
2.6405837048,4.2469306465442536
3.36925250446,5.2161564184315417
3.63113814648,5.6190552939147969
3.13892411164,4.9397292377987121
3.85659432068,6.0028862420582989
3.73250926481,5.7799105103495965
3.45189202605,5.4414317460287576
3.22236802912,5.0515238028532172
3.31484828333,5.2014363839852953
2.86508564722,4.573648247527486
2.55862510875,4.1156931134224131
2.51438315967,4.0617379175088066
2.83438885885,4.5042486332816685
3.21242010521,5.0877915470853168
2.68011870423,4.2833719339057392
3.24674403226,5.0987093902698799
3.07362861808,4.8268303367059202
2.51467970289,3.9835414650821228
3.20466119282,4.9549894710217028
2.78165013278,4.4839687896146296
3.82271002147,6.0328790322381742
3.60803900958,5.561734242754472
2.8749815499,4.5034562176242909
2.71089801973,4.3118550844507615
2.52193761005,4.0176328503820731
2.96173437861,4.6031254055534685
2.60398918971,4.1012829623920162
3.37537697754,5.2221819743964879
2.50517830205,4.0442084313256554
3.1754439049,4.8872031747975964
3.68551007408,5.7093894253510964
2.98627716279,4.6261777596076961
3.36352375815,5.3072793129177835
2.51870487668,4.0118389376556181
3.86640251167,6.022902524756983
3.44523261114,5.3471578035923875
3.74525218572,5.7701363990196564
3.42660320629,5.3197173059378917
3.33477651079,5.2184919102694032
3.28960149625,5.2216315833197458
2.92528930989,4.6342927615326257
3.15718302388,4.9562398858105858
3.65954180321,5.7507575418610601
3.71113757269,5.7654613974674174
3.16534578832,4.9428270506204504
3.82570914768,5.8959373735896676
3.04652576284,4.800737954180736
2.74738934973,4.3531825614327282
3.33534845947,5.2007868781212592
3.40639373472,5.2916995836129086
3.52158388248,5.5403600895561684
3.35312477223,5.2756690894987912
3.502484834,5.4851741685272257
3.61975647266,5.5894183178699581
2.64191799141,4.2512189289001387
3.15813537317,4.9900913885490734
3.63161660271,5.6546526087615376
2.9025461778,4.5351072187733346
3.76543028039,5.8781471600731958
3.03779607888,4.795451470056272
2.86765135137,4.5535174934173686
3.30393782452,5.1870796965233055
2.55130556772,4.0573846573836017
3.62724202133,5.7227386723536009
3.50609031212,5.5042128673542416
2.91336070011,4.6451121189375604
3.05827860229,4.843947403635033
3.39987430923,5.3875841524528516
3.26086127883,5.1558594359214549
3.78938740747,5.8053762314846882
3.85431300282,5.9287965957510957
3.24829208394,5.0071584113370644
3.59398453256,5.553455267218335
3.10118369169,4.9183033180976574
3.79804157613,5.8173287014009212
3.16930591405,5.0260837538088419
3.70566040909,5.8219804855671526
3.08163802256,4.8145721378882991
3.23220103726,4.990714752514819
3.27130849693,5.1483779024495977
2.71466549899,4.3027385408952119
3.82105712558,6.018491645035053
3.66415266287,5.6972549028354793
3.61360666328,5.6194375008031106
2.69217408607,4.2042964173024293
3.6695415047,5.6025391464818668
3.42534286311,5.369763626629088
3.16082736581,4.9952353815594845
3.40329577655,5.370020272797011
2.49688117915,4.013884837378014
3.49889193773,5.4820922598937516
3.41469381998,5.3207831490886504
2.55599119155,4.1040137453855605
3.26558910901,5.1173130893835577
3.45355760155,5.3797451279178645
3.85613438648,5.9325639253688607
3.63578332346,5.5360829585040872
3.20855964849,4.9426524624758796
2.73348607257,4.3212978051208317
2.7381879226,4.3704334642740266
2.70666684048,4.2918436440937953
3.78722373102,5.8618515140170047
3.13847787719,4.9009518738882809
3.41809592436,5.2568223880035756
3.46166545312,5.3708901832578348
3.68144648533,5.7627443913283445
2.90725721499,4.5971962509395672
2.88576782007,4.5612832950048805
3.58782726856,5.6480762344698032
2.86422497756,4.5527482780034987
2.68252410075,4.2790779793559359
2.83617512373,4.5328323297678175
3.38459026328,5.3131564839655612
3.27876623316,5.1277454518443992
3.8083071363,5.7557003023241817
3.68989423563,5.7794783229765283
2.81323441908,4.4338610551403823
3.1028752138,4.913127745636527
2.63413094558,4.1780844075600525
2.90992716189,4.7086089531127726
2.8184934924,4.5167338026716148
3.28073608443,5.0831704012996504
2.53464031575,4.1134482217457631
3.40690311556,5.2530119005821536
2.88378145627,4.4847397219248428
2.93902932542,4.6810586582080802
2.68469037554,4.2382720271886658
3.02945559201,4.7482920532222286
3.7820481775,5.8358023634727036
3.55482174091,5.5530396060852967
3.30677193513,5.0742284157080899
2.78823893947,4.4778969523039143
2.77311911775,4.3643986613564598
3.53054789594,5.5063097156920957
2.86986345411,4.529321244494473
3.3563747513,5.2959488715298431
3.45782030515,5.3438776425642098
3.37982870287,5.2677343993303527
3.63145804369,5.6281714942156329
3.59957151575,5.588260825281977
2.55790444403,4.0886042331263486
3.52154657467,5.4234306327143758
3.33890207809,5.2147041869005974
3.35673658138,5.2754109462408927
3.3447820311,5.3041425093361321
2.97283622061,4.7552346177115608
2.76764757811,4.4576404167380073
3.60475930151,5.5920492230922223
3.09980077749,4.8497469476117212
3.75871690599,5.8111432813145143
3.60511953662,5.5661182715583051
3.40935569616,5.2996950252991422
3.65127293008,5.629435770914438
3.32522918468,5.2412370746931476
3.65115152396,5.5990533538825416
3.22588183041,5.0322132761191289
3.67299903614,5.6827388221968231
3.19567975304,5.1130890625041623
3.31668854538,5.0884359469139504
2.87244349702,4.4963439491546664
3.75871830517,5.7839066336395168
3.64900627788,5.6208097888770254
3.11545108937,4.8855854395960314
2.75695547199,4.3452948745429971
3.58887400277,5.6541929742792156
3.08236402873,4.822241707889094
2.7256910854,4.3587121450614541
3.15255720658,4.9584882870230951
3.78105885395,5.8163905523988699
2.89371402493,4.5275401147958512
3.36791622347,5.2754497845451498
3.42821599393,5.2621042914847083
3.03500687645,4.7900108707796223
3.74201025236,5.7755116627836607
3.13005261911,4.8821971413207796
3.06824104461,4.8491257398597041
2.53853071161,4.1824316477805796
2.53531599396,4.064542697701035
3.3715072134,5.2832472552256116
3.78686502193,5.8123379441138487
3.18607878987,5.0482489678545628
2.87165832828,4.44876405557845
3.20881321652,5.0433960156995141
3.36443613805,5.2652353381267716
3.62308188626,5.6262211106710414
3.05192538316,4.745496404441381
3.44477696934,5.3289504848415552
3.11335518377,4.8492001450660851
3.70259067965,5.6895713183468093
3.83683081258,6.0042139267127572
3.49936725777,5.5206448320723291
2.71440212231,4.3630819815799864
3.83255900938,6.0920851305232784
3.19276640737,5.0375170027157097
3.2598869891,5.1094283160704235
3.02779471587,4.7003003287886953
2.90188648792,4.5851981100877035
2.92911270826,4.5739344957183103
3.24215265383,5.0440787826190752
2.959734059,4.7493977204585809
3.16601635767,4.9712651048137024
3.78878859802,5.9176619964832966
2.61743027968,4.1911002421298491
3.15338318388,4.9506456663439016
3.66574872917,5.6917570551076695
2.95658164494,4.6239407337645284
2.96362653955,4.6466613132872965
2.98285927945,4.690876694861247
2.86373199374,4.5160593132271156
2.68393433591,4.2403953046079925
3.87292670299,6.1023297911108916
2.98251665917,4.7576933185946144
3.71156463917,5.7525849504358693
2.64479851236,4.2898564485780524
2.8025199573,4.3871227150234331
2.54432739333,3.9772511607269485
3.63231035872,5.5692131462248167
3.79957789363,5.8373298393243056
3.36364673489,5.3388807153868054
3.45689014958,5.2565102853914958
2.66377493062,4.1957674313565976
2.97731516991,4.6279821876520728
2.79738325569,4.4532171904928122
2.70787270599,4.3082802498075692
2.67601054934,4.1997447803590777
3.53541671187,5.4942231246737565
3.65687620309,5.6630689543645962
3.43676811635,5.437529857718153
2.82719937653,4.4732432700721185
3.53303314464,5.4698049078158366
3.87900757675,5.9372480920625783
3.77337540684,5.8837180019593198
3.8374360035,5.9286327105145373
2.89974707455,4.5976676626687665
3.54005888424,5.5421496250579905
2.93679790189,4.6453279292065099
3.0015421426,4.7215720698294339
3.08218545669,4.8216446187374293
3.03223006357,4.7773926415879275
3.79177391136,5.7665058968214069
3.80019953444,5.8077054948036482
2.65143519021,4.2233183994624834
3.47946420284,5.4138432498545166
2.96897666068,4.6801134144039054
3.69693617638,5.7083039283916426
2.81035034726,4.4179385308738022
3.0814311498,4.8558554439429509
3.09570483132,4.8441069143509194
3.36197049269,5.1741951622739419
3.80088440568,5.8314539124064346
3.55000201966,5.5885539863478488
3.68878397323,5.6596170494702243
2.49245035603,4.0605524212807564
2.87983926948,4.5252452692762839
2.60447095644,4.1851675049102175
2.9145681533,4.6322406775707092
3.26521137574,5.0193697067921352
3.40288398646,5.2645431798463891
3.17688146025,4.9275995531548125
2.53211201132,4.0235180506398347
3.87880505293,5.9477642862366746
3.46071411918,5.487500946876259
3.54518764089,5.5948288793831598
3.40206358972,5.3715960848162938
2.49833017086,3.9926134604970414
2.7467332139,4.4208279885334187
3.30928903072,5.1284159487596828
2.63975588672,4.2082735973059
2.72204171808,4.3201425372232176
3.12247568918,4.9410515532892223
2.73295001433,4.3424720958750713
2.94833280088,4.6821225646590685
2.6615011426,4.3439122662300136
3.50230785271,5.3131160502592554
3.29995110389,5.1941988947375508
3.21194793804,5.0523130286313211
3.78572681689,5.8501903286609718
3.40384663669,5.3238915820043964
3.43264765453,5.3036131246240332
3.25304213692,5.0608749961102095
2.96318720207,4.6433462636515062
3.73101453158,5.7860491127854141
2.53064262868,4.0223523209128969
3.70086815761,5.7103960751820724
3.5618086466,5.597551947445714
2.9929039289,4.6748165788892306
2.84168968552,4.5035020785714579
3.55626082628,5.5416832583257758
2.9745723083,4.6847940566616382
2.67528513117,4.3134334024075054
2.58437164146,4.1743690647311711
3.77911296391,5.8466449499959463
3.74825923201,5.8162259099135056
3.67906222945,5.6684218987285604
2.6315979255,4.1721151288778016
2.58554433969,4.0970596963122441
3.07691334667,4.813439446078541
2.87483776134,4.5078348686291498
2.854587127,4.5399063814272749
2.74266369572,4.3902226164085949
3.54670325009,5.404601002630776
3.32725030983,5.1452233739269966
3.62739120779,5.6881965626329629
2.71551887992,4.444817753419481
3.15531753708,4.9669083371063278
3.54014514843,5.5017555063931765
2.85460687374,4.5598598646015862
3.48842911776,5.3978311834488375
3.41531989522,5.3114786168911943
2.5489729268,4.130650987917285
2.6209621468,4.2229236592143602
3.22104541117,5.0566051793429585
2.92150852367,4.5624817951475443
3.13906311366,4.93856450362175
2.84843314687,4.5850023918126066
3.44643596722,5.4091940059484394
2.6107119953,4.173174415035108
3.57841775949,5.5103042845514612
2.58258505363,4.0935615394789009
3.24877172263,5.0619271017087577
3.69716693961,5.7515922886796966
2.63780982966,4.1459688532185845
3.50115597261,5.4273037630579486
3.00699225459,4.7856355141419531
3.18619689227,4.9960136995057214
2.92130919091,4.5851348457085734
2.69947606407,4.3381827407598621
3.42864399783,5.2661705675089747
3.65663945689,5.6856280490715259
2.73188517806,4.3034095143360753
2.89571856792,4.5767050945351793
3.14093109361,4.779251195613643
3.09570472741,4.9384041115112582
2.7021429447,4.2599662736152268
2.49086177247,3.9865854707649588
2.90945395326,4.5898275487876878
2.58712766754,4.1791550038107959
3.29576760455,5.1479126844184364
2.8978384062,4.5610254122792186
2.808983521,4.4152024541383694
3.71455267788,5.8054920888925237
3.21775932273,4.9493544145195578
2.51336580206,4.0153134146034217
3.4465480266,5.4239675655385584
3.70356774476,5.785110560358639
3.31166114981,5.1887675647815099
3.83572615159,5.8793549472948561
2.94106193062,4.6277653141596158
2.87468791323,4.542394418218163
2.60539737462,4.1384700280488733
3.67437712316,5.6755441033287122
3.03445418087,4.7585194901389452
2.64994629468,4.2353593754047401
2.63428199035,4.2138858653888391
3.47372208053,5.3375801081560565
3.87568283491,6.1010448948489833
3.52280720931,5.3459048054528955
3.39048288149,5.2639200436882554
2.6075576777,4.2322872539921157
3.77738858618,5.7855057426879455
3.77503301257,5.9675075315398596
3.73392394253,5.7447743363644843
3.68097494342,5.6646543949406833
3.5642920408,5.5495578220666815
2.91329260817,4.5597751310838666
3.70049082338,5.8050835844489876
3.18615741986,4.9692999863235725
3.06924525885,4.8913472100403128
3.68730474842,5.7164499912371554
3.78681373242,5.8427732316481471
2.53742798875,4.0843290161264658
2.91307106748,4.6142674455520067
3.17630408576,5.0037335731043528
3.61218762137,5.6165888360378515
3.66678870691,5.7614643502397271
3.23584099692,5.0573826702924887
3.42871176046,5.3665145302670103
3.08861621303,4.7877581659910637
3.85558889875,6.0101987274305815
3.71901936943,5.7833518068942658
3.52668507825,5.5269797307247153
3.28716552408,5.1577231773798751
3.03344191369,4.7142967970349856
3.48534723959,5.4096749207682588
3.71412349565,5.6835633885139538
3.32282273597,5.1161244413421052
3.60330198655,5.6543521552848279
3.81600410537,5.8567499783932773
3.67010861407,5.6746743818709691
3.03324836272,4.805154981789669
3.49909333556,5.4678631221873246
3.83744699104,5.922607178693676
3.24337692075,5.1529524710551176
3.68752586476,5.6476645232518683
2.57729509721,4.0696072254041082
3.50934271842,5.3828913314275217
3.52567064338,5.5047299521174962
3.76133835067,5.8649825750906839
3.86465969772,5.9634447949973941
3.47315013885,5.3677162160537915
2.56421370984,4.0894267265188571
3.25937826271,5.0757638787957235
3.79999726439,5.8511246549392917
3.70246012859,5.7765840867639211
3.55696246213,5.516530062574879
3.14325392991,4.922225054184171
3.71875247863,5.6804267767308705
2.53522844987,4.0174425444790822
3.47687557522,5.3417700238897972
2.81125109178,4.3549982383630539
3.06311863095,4.8366513811202649
2.85974561228,4.5540079976190961
3.16291780932,5.0373779662203422
2.62588811327,4.2447230011862134
2.71552208436,4.3937340113775978
3.34943212267,5.2404008748507689
2.94687054449,4.6749072672636851
2.53805557305,4.0894694573680415
2.73051524419,4.3329755992960699
3.08840709851,4.8540528586214808
2.83821212729,4.4782198786043503
3.31012540961,5.1325902344881644
2.77921134569,4.3859617319253745
3.54131068372,5.4901681859338121
3.51316896507,5.4460299232988403
2.96489768595,4.6646102957101068
2.86147856462,4.5092676862609169
3.75075793531,5.8007632450180653
3.61376715693,5.6312044651085964
3.01283566587,4.7698849569753916
3.26028637102,5.1447246549661463
3.56628974828,5.5603326935531543
3.15094481978,4.8682884027932003
3.10392551351,4.9061022773030194
2.54591821869,4.0521264203006417
2.87625207814,4.5009281049050465
3.43909072189,5.3880986471313808
2.94400066441,4.5459310289978383
3.82824972379,5.9409597687561462
3.12993622709,4.9510500532297792
3.84929765655,5.9656011681782157
2.74436046279,4.3725128702763003
3.31588584307,5.1766489621784277
3.59514928793,5.5245686341174416
3.34942652458,5.131900895747413
3.63775515906,5.6890604604471138
3.00055207274,4.7210055665719066
3.20879115684,5.0449028186189171
2.54613302507,4.0739817652585408
2.51511557445,4.022298821793945
2.56172777698,4.0758407261148069
3.78600798478,5.8965201655100987
3.29411789456,5.1652578142318522
3.53212297478,5.460621932383658
3.16309815158,4.9543450859754996
3.85322069134,6.0357735472547711
2.70643049952,4.2811560932658024
2.86238241839,4.6326658807627767
3.56528717554,5.6743506634417571
3.78932345411,5.828392283780981
3.14797397514,4.881869753595935
3.53944828784,5.5130075164285763
3.61155249429,5.680979861206354
3.41277897116,5.3039013841118594
3.4421253079,5.3964548674447013
2.99035005285,4.7360522596241958
3.76635999145,5.8005251214716527
3.28281523589,5.1177649101210863
3.29138939231,5.112654784521216
2.57042741491,4.0992461113116212
2.63918088637,4.1729331045110012
3.38955824447,5.2451866279844817
3.81646259053,5.8563641543347433
3.01969452702,4.7847079704717199
2.74597980108,4.3470389735509585
3.71958389476,5.7257759813151337
2.9982120802,4.6649036647894926
2.81155950991,4.5418723580374492
2.8632309674,4.4465819338555868
3.77175718189,5.8822201082621026
3.31391364229,5.1853447113965192
2.85101613606,4.4653978995987256
3.72402971814,5.7400048498186065
3.32812497766,5.2381938303423095
2.73546085763,4.3412820947619188
3.71964530966,5.7632718254495572
2.60091328746,4.1820465272245482
3.32012349434,5.2004234642918314
3.51158388666,5.5054647587816339
3.73959471403,5.8719685784736004
3.10927316262,4.9245070424142794
2.57793883322,4.1458254536425381
2.5024515224,4.011152554581412
2.76509190619,4.3594406174252871
3.36083396803,5.2913463613183431
3.17428797582,4.9313274715128053
3.38037663711,5.3275076196798858
3.36656462524,5.2525631614361918
3.61721641344,5.5702471344427007
3.26632830726,5.0641357598934054
3.46121253764,5.3475333357686878
2.68220205215,4.1907995620513043
2.80266029746,4.4714134007972923
3.37072557022,5.2232258679421149
3.27478966734,5.1340761984842729
3.22409036254,5.0979979934927586
3.32746782566,5.2564087529933721
3.62646677143,5.6965663640692936
3.09662978443,4.889606397204953
3.36342334871,5.2157053205592234
2.9784278794,4.7855573926023851
3.46987733974,5.3035889464010291
3.22352926846,5.1318234034762815
2.54298491612,4.0253492748690896
2.57938902242,4.0917203947597303
3.47733697806,5.4491181136508731
3.79723025108,5.8109210136015959
3.48657179332,5.4052951006026273
3.33128349911,5.1838071778347787
3.49099640492,5.4739912317852539
3.65241129152,5.6125858624155622
3.51086481938,5.4266831187505522
2.62312598992,4.1931800281989036
2.53508494138,4.0497315976082318
3.39081528781,5.308410849333832
3.56614634195,5.5488900181090113
3.13426588805,4.8887401930071963
3.43218421083,5.4103228290808136
3.05322544472,4.8277348669151268
3.05739726755,4.8871180326271499
3.30200525961,5.0771402088343445
3.68432191981,5.7215147617180424
2.81436863032,4.4818592421138099
3.06613550706,4.7596837952937818
2.59435385579,4.2065964380379475
3.28430283305,5.1370004287482498
2.75880335226,4.3327688772168624
2.50245190652,3.9779582475729702
3.28229185732,5.1364673113964674
3.20141803773,4.9736875185558338
3.18585944349,4.957854240510791
3.15016193759,4.9385263312945247
3.77375069819,5.8141484189143755
2.64596994895,4.2163587685184662
2.90654977882,4.5601689132060965
3.3474671644,5.2243252599813736
3.39926256924,5.2767093079528653
3.47988687893,5.3297663672989781
2.51857824322,4.0572056639272684
2.55929484725,4.1106724913709574
2.78250827495,4.362035526223738
3.42433193789,5.3496439180283026
2.88650771486,4.5652259904140005
3.8649971055,6.0242592041106624
3.82763228343,6.0196498875091828
3.67682356584,5.7012859362335151
3.52749030214,5.4809776010598812
2.65519144026,4.1451321874760785
2.68892753176,4.3026737371714452
3.18062450921,4.9533352523277889
2.94151685519,4.6559742230166083
2.61915827913,4.229018726933063
3.38665157706,5.2632767183711682
2.60072039227,4.1565452131351792
2.63476797297,4.2223966647103914
3.14816250631,4.9483617665117947
3.48675235366,5.4314640213788303
3.39735016523,5.2424223435278252
3.28212839199,5.1418469049605537
2.73277365193,4.323319838640824
3.03432494271,4.8854509099752494
3.79686761221,5.9701861398157554
3.21313736192,5.0759049374892529
2.52638326559,4.0567869600899389
3.81649019805,5.9134030967582962
3.14531473011,4.9166778241289926
2.62920106356,4.1932661931348054
3.46697771943,5.3911813427442823
2.7612101946,4.40920033690678
3.46958029733,5.4308600293395566
2.88897529146,4.567653058879138
3.12847478197,4.911673759621527
3.86705642403,5.9480526861998575
2.64029197024,4.2380078646846817
3.56750967531,5.4522522482406801
2.68006648111,4.2732498174306963
2.63717040559,4.2273176966600428
2.85981843979,4.5283291545206872
3.4804189197,5.3843358521813167
3.20065746119,4.9591473540664168
2.88416388888,4.5854528940103858
2.78437996324,4.4472587275325468
3.83960109614,5.9881231643655948
2.84508960302,4.456547074336819
2.86848539418,4.536313218069127
2.99492421406,4.7535386063981919
2.70045878681,4.285710276611491
2.67516177225,4.3108275704109058
3.36300142964,5.1999849538562319
2.49690699855,3.986294129799679
3.66239224441,5.7239965125189594
3.1026317998,4.8551753763644685
3.53401759526,5.4151042262222582
2.70554780093,4.2801856422834224
2.89522710231,4.5564767446717278
3.23180806725,5.0562641150526337
3.78795685042,5.8621513769740856
3.8263608488,6.0049611711246467
3.71976400155,5.7430139748161899
3.01574229734,4.7724360906641587
2.59635336756,4.1875136256006762
3.5826479808,5.5575312734243125
3.24923851849,5.0595556825676908
3.50223501505,5.442783620926539
3.21909449486,5.0556354528366843
2.5116628724,4.0750613117119654
3.87682586513,5.9190590305903754
3.4105756351,5.3952549106886964
2.90184893707,4.6124713571275837
3.63636582755,5.64152942554714
2.91411928492,4.5344959041972261
2.97319453242,4.6645763058480068
2.60702963774,4.1686644748229975
3.47332594976,5.298697881670372
3.56296643788,5.4568577491040484
3.5829743782,5.5847743966057326
3.17684565069,4.975134490343156
2.62197825087,4.2136367212427803
3.61262482041,5.5911182672518516
3.77677373989,5.7807726895678639
2.51628102631,4.0807741504685859
3.74888014875,5.8500646529800964
3.82126906309,5.9256834903839772
3.38849170119,5.2835684702173955
3.72153668317,5.7287894045238472
2.60463249612,4.1183122116316246
2.73225533924,4.3900251291571033
3.16794051149,4.9346000415399294
3.422114714,5.3437053454856045
3.55202430544,5.5896706305744468
2.99690702505,4.7833252731808553
3.13645848025,4.9286693022551429
3.52620967686,5.5516830045954402
3.62966282537,5.6459519069653865
3.47579634018,5.469520677014879
3.85893122429,5.9427465240994337
2.91315868931,4.5773172715783854
3.41412870593,5.4029780637694502
3.26786526364,5.0651023175302026
3.82364412624,5.8174628653463927
2.50769446376,4.0378416552838026
2.92586498708,4.602066242782227
2.89243321795,4.549775095562727
3.03835120736,4.7795362046808805
2.85393015801,4.4847817764209692
3.74860512571,5.7769440512542261
2.66582393284,4.2560165975082827
2.78092793798,4.43836335321223
3.56120395802,5.5995518443943704
2.72895530538,4.3866975909260617
2.69726555646,4.3330808673252763
3.34376147221,5.1355418037339851
3.19451511284,4.9859770753944384
2.70836894834,4.357530604574003
3.10632366946,4.7255005967652686
2.67174012635,4.3052113533956167
3.04547584351,4.7638447246169076
2.88922412029,4.5015423886780184
3.05247097791,4.807158598898857
3.71978373536,5.8084764154178972
3.13377542031,4.8596525206199814
2.76139216361,4.3583421577353958
3.72264569562,5.7910472375566027
2.96683954948,4.7472141373633745
2.94741372916,4.6230920910176323
3.58397066763,5.5045553101118569
3.3343034404,5.1766054497666536
3.15145630029,4.9221374120821988
2.57859687398,4.1075144870909934
2.56976790927,4.1716718392510677
3.78986562501,6.0134813109463812
2.91727923259,4.6812703182305428
3.06467155671,4.8724628900921614
2.78375912011,4.3847643046993481
3.5141362598,5.3673732758745674
3.69228430169,5.7309247231112357
3.78624260494,5.9483734091916212
2.67548701303,4.1799867100718258
3.05481900313,4.7177552874122011
2.95323419208,4.629315400548311
2.65457287046,4.2629164391421224
2.78357920292,4.3979357368415517
3.56087379514,5.5411623213734806
3.60240045799,5.5656594570263298
2.54475231469,4.1423683104338487
3.59203624208,5.5554885066550925
2.68717528056,4.285565489000529
3.37859878009,5.2929119437321628
3.04888769436,4.6529255108568703
3.13109644701,4.9437408211190492
2.83276819095,4.4925374866719832
3.74152220794,5.827172978538143
2.57040832662,4.0987063697958046
3.22212855503,5.1205477049457242
2.8109528351,4.4714114764691306
3.59914976833,5.4835437083000977
3.72574491138,5.7776195075104031
3.53395488523,5.4923514203070622
2.96289951446,4.6572647354205934
3.22682773431,5.080621113452529
2.95214283791,4.6551653773142077
3.25162625912,5.0560065491612001
3.61071767707,5.5161840172059273
2.59991951233,4.0933456116668205
3.00709338425,4.7645601358312932
2.52941735388,4.0413749250896887
3.11819374695,4.9593386117288709
2.61035029415,4.0949540880711064
3.75193665532,5.8189077533831348
2.8537778256,4.4732932199419544
2.91170274747,4.5896191458299489
2.71424248117,4.3089057014206915
2.5503458591,4.1149429310228829
3.03435600738,4.7869276657613282
3.65692665748,5.6931565035941265
3.3946989727,5.303098618116497
2.8984020201,4.5524914540545351
3.40647788361,5.295993643427912
3.05538939888,4.8585182427028446
2.72862243869,4.3264508248405775
3.44939819771,5.3024531308084981
2.49788527727,3.9578305580187902
3.53251840437,5.4395895635494078
2.91588309339,4.5537395007044585
3.21498969059,5.0833439953467243
3.6203268598,5.6066222784429289
3.56132870424,5.5120963867484525
2.8275338334,4.4297889344838488
2.85074630199,4.5090318279984558
3.15109302025,4.8866662971826758
3.02625812197,4.7591837487297397
3.70602263484,5.7237623640825106
2.85894943731,4.5061091147146488
3.11709480713,4.870475840709271
3.04448202797,4.7805323196178904
3.71260123132,5.703865531538109
3.23860829717,5.0707143103404837
3.36272498719,5.157866067300799
2.49824811668,4.0570238158229657
2.70199317476,4.3584636085873871
2.82649733626,4.4478091889486828
3.86608022185,6.0735197037165376
2.86235907275,4.473741490725482
2.61482883795,4.1943161552599211
3.55378630628,5.5330446247830576
3.76431046557,5.8145229495209261
3.68691129934,5.7561351004939363
3.56317824354,5.46278010351684
3.46296270255,5.3852451354404582
3.14443145795,4.9712169307129166
3.143530124,4.8351123365925526
2.71320790044,4.3062785096187204
2.56919173402,4.0924209962605884
2.60572633412,4.1938392118467505
3.71204096347,5.7937097470864698
3.81076512608,5.9201961861184023
2.55315851734,4.095402134633102
3.62145879338,5.6492145824898872
3.61679491616,5.5860921943359871
3.53891400738,5.4607871897807669
3.69506740079,5.8182148882145936
3.25237901748,5.0384930639879837
2.72056081859,4.3506831824282228
3.27054491548,5.0903497347871403
3.62586173973,5.5898625683492709
3.47505112536,5.4725165968753346
3.16462808303,4.9039030938296611
3.73931198535,5.803309752433865
3.32515591524,5.1481754126720869
3.07476067736,4.828831687212376
2.89860345329,4.5588227582259524
3.85787363381,6.0685582325636069
3.27804467925,5.093727266900749
2.79827054442,4.3976180920284573
3.67128721512,5.7142150020374061
3.65765370138,5.6824533334675094
3.82293236938,5.9095099047427482
3.71174488785,5.8167482775539172
3.08368331472,4.8677803392967798
3.37857314828,5.2397239299182274
2.65548247453,4.2791532522846971
3.08010030868,4.7671282399513277
3.67984539662,5.6860743052263771
2.72663888065,4.2846659765445958
3.25582583633,5.1171207033277941
2.49723215032,3.9723738824253059
3.42207872755,5.345022040719968
3.18646049224,5.01563600438815
2.91301119692,4.563071156196493
3.29242548564,5.108922591713922
3.34060033377,5.2597468129165641
3.19139411165,5.0413601779985298
3.80793075722,5.8824184894241878
2.49807923033,3.9379845152539739
3.7812013001,5.9279926133344967
3.84513236178,6.0247399591011614
3.01405914284,4.7888803479251694
3.73585193865,5.773313025605364
2.61367722881,4.1403779786671082
2.77720597485,4.3258423455283745
3.14825393498,4.8886292684274046
3.34231821991,5.1782113432076429
3.60404225979,5.5536645248708938
3.607208641,5.5924258160446758
3.0776899525,4.9206354514119726
2.99090987377,4.721057743318914
3.06484514373,4.8285467211780038
2.89976691391,4.615897426489175
3.51840850685,5.5400767579201666
3.60279679041,5.5444933225615642
2.51760443126,4.0375943101274085
3.1017314032,4.8175359763206771
2.79465430772,4.3394764225136759
3.11042045378,4.8475770360034209
2.83931810675,4.4758995448525694
3.78318536076,5.7996287040995327
2.82370444102,4.4549026053918759
2.68872829324,4.3549209933436845
3.26757551335,5.1510771217538531
3.30742805815,5.1420745942899222
2.96763369157,4.6744940368444841
3.66653624955,5.5761256837868531
3.74013143084,5.8996620848151053
3.23697454464,5.0392658816752123
2.85117998217,4.4465563797546803
3.62734852975,5.7014758886876216
2.89436508202,4.5782461545203059
2.90575183436,4.6143410770268245
2.97828568126,4.7037964529901393
3.28281866971,5.0832956754039849
3.79113139162,5.8037200777883458
3.41588520565,5.228901233465125
3.43227545238,5.3887788318141645
3.21793452055,5.0372514411795537
3.09923233552,4.8434904968547805
3.03259279815,4.8023666783909418
2.78700572649,4.4827905142250604
2.78118066532,4.4862707497979448
2.64810607983,4.1734533358216988
3.13429355977,4.928021785757231
3.65246467176,5.6266806204230653
3.55070014607,5.5406731492165742
3.04601233519,4.78804467591993
3.58372225927,5.4295612484374605
3.21629803539,4.9813340898804039
3.47699007054,5.3197464295308512
3.42086007448,5.3097817236994986
3.15283400914,4.9644130545663616
3.68081035078,5.8075692256109006
3.14773980949,4.952992482670969
3.12094795679,4.8876382293702196
2.9348660859,4.6170439661466025
3.27999568259,5.1689285028576872
3.61811880538,5.7189130382018503
3.45702842713,5.3779295116665295
3.48479973223,5.4237388893709522
3.04947597472,4.8111148509815331
2.89805686764,4.5188380054484067
3.14894811518,4.9427828675106458
2.60554309169,4.1961393697346834
3.37558262866,5.1842526562361666
3.65218728563,5.6736192066766966
3.13448476396,4.9046732921644081
3.85132714913,6.049833499829373
2.56567950944,4.111053227666595
2.933203759,4.6206405118907172
3.69089061446,5.6991029384117402
3.09805850164,4.8077772580125488
2.86534624403,4.4977018275383402
3.35518221418,5.3622652300613494
3.18574652943,4.9592657136962988
3.8666471265,6.0125839909496657
3.49033371902,5.4733249488879432
3.72215232689,5.7784150263284033
2.85106897589,4.4945370276167917
3.44398595557,5.3160923133012856
3.28219309548,5.0988369558077222
3.77137888306,5.7975021032109293
3.3529356283,5.2009624023601395
3.62990722269,5.4234428811223276
2.96713189135,4.7009714111214267
2.60753340745,4.111331673667304
2.88115197002,4.5540348289186703
3.01217628017,4.7339811734828077
2.82137094391,4.4111839321506219
2.72962728611,4.3579104254396643
2.51991845761,4.0494084137004549
3.41559892568,5.2482132914189465
2.6816329697,4.2571217021293375
2.87104943523,4.6417213799309245
3.40394236111,5.2841388236390685
3.53294072155,5.5369507155884117
3.14190185202,4.9910469396055204
3.33814774205,5.1715305938169935
3.42659543678,5.2422974716197377
2.89606839478,4.5722931992671203
2.55494058797,4.0312234217184706
3.72727850472,5.8100218824408456
2.53094341693,4.0194427471539962
2.71010559361,4.3279538233402146
2.69059420675,4.2783510753213498
3.80589444822,5.8318957487614513
3.55170696263,5.5724923365268406
3.07308468402,4.7977730345324634
3.42823875408,5.4433413875586636
3.81386983707,5.9858463952274734
2.52925322132,4.0458934424164923
2.58695063156,4.1303697894905298
2.61156316603,4.1168398388507894
3.65452675299,5.7383292874626415
2.99212469975,4.7147337801848561
3.28939001291,5.08914450873724
3.15361929243,4.9456223229722731
3.12408256843,4.9023148935779508
3.40540593827,5.2918366168637565
3.54152744682,5.5355161674193418
2.93012654153,4.6123180415087379
2.53991475622,4.0217136212263691
2.71821032878,4.2102490405763113
2.6761868151,4.259536696159187
3.41156821476,5.4011535070691457
3.55714775859,5.4961110461614524
2.85432354346,4.5645225741884552
2.62161782146,4.1726471141035839
3.51331291722,5.4399020899513886
3.60786586775,5.5558280275857941
2.62479549687,4.1698956681318702
3.80933678825,5.9200479022201993
3.47370819027,5.5125429833201274
3.32185809106,5.0510974664851211
3.26313564758,5.1314705267274636
3.26320260435,5.1055665919870936
3.39007850583,5.3421012353361892
2.67950106919,4.2531026850817906
3.64118303196,5.6565336384908633
3.57135465214,5.4647485349737686
2.90327069173,4.6026896887427018
3.5823453527,5.5696728448605226
3.07318057709,4.8403990516773581
2.89162811047,4.58479771641609
3.57111351773,5.5277991470846572
3.56607742308,5.589427554870146
3.66716548326,5.6636169999256474
3.31051014525,5.131274831958252
2.56741969661,4.0468553701774326
3.11663100567,4.8699578434282493
3.07594524912,4.8100579924017728
3.25147103009,5.066550882110783
2.62799967859,4.1582220984077374
3.28224678709,5.0588313920194121
2.63039564217,4.125486729180567
3.42328416184,5.476986618448441
3.18191506417,4.9408964750250295
2.89969597786,4.6088149720654714
3.20145312406,5.0896440876888986
2.6883934335,4.3133136475406957
3.57829689263,5.5479810085947818
3.38164456512,5.3173920854371053
2.82904443251,4.4884917890180889
3.54155450101,5.6418325914039
2.704397356,4.3462443454636448
3.82845782969,5.8926534387316369
3.63690897596,5.7408636887660256
2.96865226675,4.662693268629913
3.24614004578,5.0632115107326445
3.01051064518,4.7067340571033061
3.30154463495,5.1172177667476655
3.16500788544,5.0441698572877129
2.53324177224,4.0272348699593739
3.65029686469,5.6354709938802108
3.73754336373,5.7921211007601237
3.0615501498,4.7350159523587267
3.80149439764,5.8654519716162445
3.17349957097,5.0186220120692209
3.36035238238,5.1998721767934741
2.53034521867,4.0100366651186112
3.82024529363,5.9895889846159989
3.14574489469,4.9161820686817697
2.53814724672,4.0800707388327266
2.75206048405,4.417918543169864
2.8668179398,4.506173716987357
2.65468714894,4.3052419543462097
2.70843811228,4.3198596688579958
3.80967021357,5.8329421925188898
3.65637888842,5.7037240718230366
2.94911674433,4.6336931259729566
2.89918675064,4.6149248482034277
2.97716899439,4.7438295083590711
3.02376043094,4.8234328107631494
3.43838380022,5.3125966821707724
2.80287032869,4.3993924431486517
2.80233900074,4.5092037105405014
2.78154939749,4.3903983309499237
2.96675421693,4.713304029221165
2.79239969477,4.3626029261429133
2.77343098892,4.4406783318919558
2.719214038,4.2828315698793897
2.85955394282,4.5294191146431775
3.7102196079,5.7575386192866853
3.49702853954,5.3661988177003055
3.85023523186,5.969460331020608
3.05219643521,4.810088312174476
3.21248805094,5.0404108547187354
3.86400721618,5.8060971076644545
3.76078619141,5.8591816403025954
2.56227414404,4.1435924199329737
2.71962829734,4.3428115592130272
3.73374914799,5.7391955281979543
3.68848408584,5.7395494798469509
2.9604431135,4.6772108464909756
3.06829436132,4.8438333910787055
3.7346356937,5.7913380541901844
2.75411833135,4.3334967481854729
3.33109295146,5.186441936009091
2.93996915693,4.6723252584643244
3.52713530296,5.3978545779379132
3.66797670567,5.6386906258530454
2.96014117698,4.6720012171779883
3.34823910045,5.1558175787407556
2.90723662564,4.6602094574166415
3.3014627338,5.1885301814695763
3.33595239088,5.1834620809799183
3.00580342589,4.780184634650114
3.82176619739,5.9654164086287862
3.51376149854,5.5431150437833763
3.51778225699,5.500233196773558
2.82290907371,4.5187013810264673
3.80479240402,5.8425593162757323
2.93657016346,4.6655055445411993
2.59440022614,4.1149034505756967
3.30484844203,5.1308173250180165
3.57119160212,5.5924868008708506
3.68319728981,5.6630174706256007
3.03253803526,4.7913759274505248
3.85800406248,6.0009591794683521
3.66317983536,5.6461462422009232
2.55616554234,4.0441089091094016
2.80713153924,4.4296010604693281
3.08616076886,4.7890931724474202
3.61316134866,5.647296864302751
3.33166748899,5.1807022517634662
2.53685395072,4.0618465146627791
2.97075215209,4.6503191936660722
2.87194248229,4.4465874538222989
2.99762152445,4.742828912266571
3.16465899542,4.9444255919972067
3.00132245262,4.7466976116219248
3.11820120742,4.8256509357301507
3.23581985424,5.0433791440942466
3.71684795335,5.6783562527128497
2.63761221073,4.2005036554300101
3.69592407184,5.7878557706842004
3.80001380781,5.9227334719063602
3.71538455657,5.6765508037303718
2.50052254306,4.0395094102738289
3.78747150859,5.803479762782616
2.50954883995,4.0185824940772097
2.71186648323,4.3511136820578793
2.84462644454,4.4405298957713555
3.4833991516,5.3083463088895062
3.15302049857,4.8381312928183862
2.4920154578,3.9895485073647454
3.52005673382,5.4089753368365301
3.71843392508,5.7037991935528423
3.25699380533,5.057097153775338
3.02470454043,4.8108509505261745
3.77151923328,5.7619225425726244
2.9027121258,4.5260901616384066
2.88486182989,4.5172192589267075
3.23592642387,5.0971319492771716
3.4291505457,5.3258539903139219
3.56478450663,5.5458407315140601
2.53458522927,4.0660293409993722
3.65884740161,5.695488805495132
3.61036204804,5.580818307031568
3.54514752153,5.4955557790718581
3.82528340918,5.9751699976625394
2.60258782584,4.1184976908252153
3.07642299142,4.8466380079080853
3.61616547404,5.7155252185113552
2.70623831065,4.2918353805516896
2.83458170941,4.455510982930412
3.86038366543,6.01740397647783
3.41928085342,5.2926777643762115
3.58755968986,5.5867324512452807
2.87215839803,4.4719895579893567
2.83534915633,4.5108678597224419
3.88176223074,5.8959845332010952
2.55524535761,4.0842121891187784
3.69635716564,5.5477085429280102
2.69469598295,4.2757166187104225
3.01080830507,4.6806560495285749
3.32096524489,5.1291161187998542
2.53458574184,4.0862122580749745
2.95622196092,4.7287258745044394
3.16735850811,4.9867008401950592
3.60718185022,5.5652624892300429
3.3388899323,5.0747604750668902
2.88054487655,4.5299144272899987
2.75461506776,4.4128720139567772
3.70052178397,5.8219628154631833
2.82208377465,4.4531743840084816
2.81412993718,4.455303655926846
2.88966266039,4.618691768737504
2.93327260461,4.6116574943154811
2.62149593817,4.1452311867761695
3.25539484847,5.1458377063285994
2.79941911061,4.451068106211153
2.57536054389,4.1640730425187691
2.49755818227,4.0003491766554173
3.09271198082,4.8542700196059458
3.72576701566,5.7666483679293847
2.71979101647,4.3647723875664131
3.77349652715,5.8498414534122265
3.50292974892,5.4694887377242685
3.39112889417,5.3354113649676984
3.41572772078,5.3178668667550912
3.60288927658,5.5298842043269349
2.88260573037,4.6312628626777705
3.13306445091,4.8609208510646411
3.01112209089,4.6594594148332114
3.39628738845,5.2148508655261292
2.65856266994,4.2082968437329988
2.92982108635,4.5904573870818313
3.39964098788,5.22549090316571
3.57787013079,5.5410487631899334
3.75474283235,5.7550888133908078
3.85313393514,5.9725449030122952
3.40755674748,5.3903256959413381
3.61740796246,5.7225571379347757
2.51618516991,4.043204586648117
2.53544054076,4.0994370871437438
2.77895487457,4.409932871217447
3.84475122906,5.9298636529942215
2.70937981015,4.3462022825964706
2.60976403467,4.1404305221327338
2.55648954996,4.1683451981894706
3.65786785217,5.6473395451852291
3.42399910706,5.2575735499351612
2.63075290315,4.3001795220933898
2.63249289203,4.189533780210775
3.25370596029,5.1300895766439147
3.2892664244,5.0706384118920464
2.71639802557,4.3612812541849753
3.53963458012,5.4677460929669257
3.57915387673,5.5957815750037723
2.55003078072,3.9975248579046521
2.69341757968,4.3030003603048428
3.02102490894,4.6836917867265679
2.63626126568,4.1741075039223681
2.89921815985,4.5584023032684149
3.76224189552,5.7704567768091097
2.99001997613,4.7261266526659647
3.06899746277,4.8222541658164682
2.86102433469,4.4881474959965466
3.18207108689,4.9416246326583737
3.58891631373,5.6342682363995324
3.53873262094,5.4916272466933194
3.06741674276,4.7995965141746293
3.74867541681,5.8129986765051536
3.44611601546,5.3271280706334689
3.17854639867,5.0015257854679538
2.59440646673,4.1918995497911
2.89027595827,4.5167504292374039
2.60539431365,4.1737713181490879
3.46715509883,5.5376074511735665
2.60994679868,4.1977242619196309
3.23957518945,5.0465580206135909
3.51162838305,5.4979219064909595
2.76909129568,4.345273604403098
2.63940234218,4.1812953497343495
3.71154993501,5.6575426490917478
2.96213989747,4.6384225825586558
3.57862789676,5.5893789020193863
3.55929605638,5.600968596142625
3.40623993254,5.4110093707303752
2.68644050567,4.2893422356855551
3.26971006029,5.1883280834410463
3.4485317973,5.333433336331546
3.36062325746,5.3074799836680633
3.6196651998,5.6527208011795063
3.2250636024,5.054433028683456
3.26071123402,5.0650553051024518
2.53996401981,4.1132652362094317
3.10745148307,4.9093919099756249
3.53158467357,5.524988135902956
2.97486800423,4.7167813827900291
3.50379383367,5.4730417547816517
3.61457137598,5.6648817297200962
2.66007289143,4.2677809035941516
3.8522887845,5.8797729334662563
3.26918749243,5.1519722796712291
2.9489065826,4.6251847183330943
3.67412570204,5.7060040884805208
2.99659790863,4.7086865798813093
3.61351901547,5.6235275175254795
3.25037862312,5.1187718861106513
3.63351460006,5.6480623092439206
3.7718456326,5.8238278351367265
3.22687769103,4.9875334799429609
2.74676326623,4.3566112637734093
3.39648013278,5.3165915478673602
3.23076360729,5.036097717430259
2.76437745012,4.3851984507758672
3.88329410194,5.8922495235033328
3.04114122443,4.806874216421849
3.07535007733,4.8808102717101391
3.84779118582,5.9740569644888231
3.82341341769,6.0211479788994149
3.3408111177,5.1594148547943668
3.55601966352,5.449211827644457
3.8599064281,6.007980873860074
3.26797374064,5.1265279822231937
3.06296947478,4.8260668883743172
3.87635953144,6.0181541196947403
3.44952064187,5.4552061491259458
3.22703968852,4.9877972835765076
3.00017650904,4.7498862778595274
3.53270836226,5.4634390211871482
3.62518591855,5.6611280472615677
3.31096284542,5.1758816967573358
3.87572903243,5.8731231320293817
2.91708281906,4.6217791980067302
3.36342431781,5.2452275770392545
3.50943228873,5.4727364072639162
3.03229617686,4.7246904496497022
3.74761997735,5.768139435517452
2.70814415623,4.409598116815574
3.09451053151,4.8824260408636153
2.9255556756,4.7049481252959744
2.74329867256,4.3364254036784393
3.2855162347,5.1449440990742632
2.49677501349,4.0079538481700796
2.79682060371,4.4903379651757103
3.49087559062,5.3766484118911233
3.3965049954,5.30161692833848
3.29871531237,5.0847486590060926
2.7627465329,4.3608155518833476
3.07953945402,4.951428502278592
2.86373255019,4.5205973671476869
3.69748575925,5.7061614957153761
3.66692350159,5.6630502005328802
2.97474769639,4.6997516265916071
2.72398012718,4.409025403321964
2.81627976689,4.456274243496118
2.71985818202,4.293580425946975
3.61392686015,5.5394673166862667
2.52223287484,4.0059294534342555
2.64173321141,4.2147051105492297
3.10895054389,4.8858244095635044
3.23093171856,5.0075881350192093
3.10857748354,4.917308220999276
3.46136123486,5.2123688057069009
3.85025698756,5.9622288962700347
3.11352892774,4.8837375934349625
2.93797341175,4.6466027794586786
2.55731163548,4.1026948262966689
3.5018698335,5.5266279204359456
3.65667497944,5.5709909778292683
3.80476887954,5.9747880403967493
2.64771253471,4.2557615292964837
3.40473243168,5.2671423783415703
2.93544089009,4.5055521604881861
3.79842595534,5.8136151072410609
2.87811521705,4.4910743665625645
3.61130005448,5.5596011986714737
3.04583294838,4.8550822212521521
3.26107823276,5.0955811270073301
3.14610653029,4.8802163603217519
3.32628312287,5.2379301895407471
2.71694950956,4.3519094386641619
3.85923259846,5.9650316883972776
3.13748084988,4.9095469820013848
3.87926417821,5.985552935389947
2.92649258094,4.6257797459341603
2.92699515262,4.5846890969177512
3.10140167258,4.8367636212232208
3.14448954068,4.9388003837368286
2.99862491294,4.6745287232908916
3.04024412015,4.766362534597949
2.86817596303,4.5115648726021371
2.75668698449,4.3369329042231017
3.50504681117,5.397619297118263
2.65453808822,4.1840866389523059
3.62137733205,5.5745046771694797
3.71751708189,5.7093861587307879
3.37583523128,5.287124303676114
2.73052356411,4.4299144953232563
2.76756879037,4.3276231429139136
2.78000434584,4.3768619953212502
2.51789785321,4.0388088686835406
3.19300846861,4.9146223176142927
2.56622289874,4.071027969165633
2.68827072033,4.2272643512179826
3.01898413712,4.7688749743279315
3.83539629446,5.9703942436370969
2.9261044402,4.6095728802167004
3.29181146541,5.0273182331101181
3.25114584796,5.0215347822695779
2.53981731643,4.1205451384567136
2.96082289713,4.5903958503755176
3.52373295275,5.4709975883368713
2.91588269258,4.6350594935191163
3.82115234711,5.8199387989169837
3.21958521605,4.9961933314251423
3.48982752082,5.4177187950863344
3.2965564825,5.1802925899051679
2.58194410814,4.2100951992508211
3.18058032723,4.9432957551736987
2.86069483237,4.5881673504120606
3.88255283367,5.9520117087568591
2.96489822418,4.6455038316131843
3.74370514592,5.8004610970187009
3.41319984899,5.2342996287407537
3.33562281154,5.2625006349485197
3.03003205598,4.8496865993831539
3.161273087,4.8900288687081028
2.69255423742,4.3170909471842487
2.88428930651,4.6215131379919754
3.75108051292,5.7885628626715686
2.59355288117,4.1912443523354757
3.00845837407,4.7879419434869694
3.1018408935,4.8499259050566668
2.52571425877,4.049267028101208
3.34098826131,5.1983945720241032
3.57402990876,5.5432309237363961
3.26132171936,5.0976646554824132
2.95526063467,4.6811196538524378
2.89066426471,4.5243738464060659
2.60795708916,4.2176791769277893
2.86508603322,4.5063372131038628
3.66387528272,5.750152851309231
3.37545252846,5.214117531818375
3.19760917474,4.9911917271736082
2.62097144756,4.1401784023052572
3.53736969153,5.432957019574383
3.2518580622,5.0954989306308782
3.03162243037,4.755667138702159
3.81891085195,5.9310572842989897
3.19128174691,5.0474204533580886
2.53525956474,4.0367808244275842
3.31824164562,5.2187560287598727
2.57291554889,4.0535534948721317
2.87085088251,4.522744434208426
3.82473442662,5.967074176120855
2.9327050932,4.7074674552818099
2.77164305377,4.3334743672471872
3.25913343308,5.1207514418645914
2.98782142492,4.6736399014830674
3.05557569113,4.7419037297459283
3.73459353488,5.8533559223525042
2.90177434537,4.5678723786008897
2.7822139,4.526432251576006
3.34782361052,5.2178104852169547
3.69766559453,5.6847041529356739
3.6271810327,5.7321223282924763
2.77521156697,4.3557227360179231
3.02979937265,4.7446053124129275
2.61485015133,4.1241733096395112
3.28204901263,5.1282066701030855
3.2518679092,5.102837214339881
3.34158924578,5.198903469763601
3.34862094866,5.1776539306390825
3.00601959697,4.7409475560382495
3.48360902064,5.3222678416326605
2.8198304221,4.3467007862302678
3.15784129972,4.9317881274174145
2.54966327253,4.080003648511874
2.73434971335,4.3072303860455738
2.65265850706,4.159739284663492
3.54425804997,5.5080822785408952
3.22141903508,5.0709426847429091
2.84722983641,4.5103712413875785
3.30062324606,5.1375565679038271
2.96086239946,4.6963817508105263
2.70011270124,4.3452782923105637
2.82072205924,4.5454433301392214
3.42124968989,5.3003744733469311
2.82049341355,4.4765073738610708
2.68000694696,4.3463390184870532
2.74619058511,4.3565765305552251
3.50016912401,5.4778283594642012
2.88639093516,4.5795402234630549
3.57878648779,5.6204762423325825
3.81151415288,5.845522783491087
3.68306883466,5.6724311032073782
3.23001495402,5.1588555430002447
2.64111252398,4.1454035322371716
3.42883727808,5.3381120963982189
3.74092883879,5.7631203106843385
3.37615308548,5.2252195980384881
3.59976368076,5.5182673688524462
2.97495253004,4.6513145033208572
3.80020057374,5.8585437158278877
3.62741026933,5.7492926755210947
3.01861260907,4.7486490290644401
2.97484920824,4.6593248026170091
3.81790343114,5.9342779029900408
2.56549812567,4.0679180838339546
3.20628725842,5.0250503725976055
2.6247027781,4.169903965829608
3.70968032644,5.7147832298625429
2.78570718304,4.3965323722959919
3.26112870445,5.0521291474360845
3.48056928421,5.3963380650684956
3.41134932989,5.3961339850177525
3.23989229765,4.9689134401476931
3.59893724206,5.5384796849207341
3.81851802747,5.9060306156743794
2.80192144543,4.4103264199226464
3.09176715423,4.8646605064094297
3.38718012092,5.3470169409487855
2.73712952654,4.3038183576510116
3.685416965,5.7075221174378941
3.46909258498,5.4474727241615515
3.26426022852,5.0943930601646521
3.11155594208,4.7593762485075146
2.73342894308,4.3423317439694156
2.63123622671,4.2327799242772528
2.93605445678,4.6060864557064365
3.55797450273,5.5444054598808963
2.75099620617,4.3981277925342432
3.7752308209,5.7422252492032397
3.23152152275,5.0087260414226087
3.26473328711,5.1329306913135415
3.32231322969,5.1175256020726909
2.50495598866,3.998431742075558
2.60294486489,4.0465470462802289
3.23394326202,4.9564693763117118
3.80224129392,5.8846956275289584
3.40734235543,5.2451620840199444
3.23230809112,5.1401141312268228
3.12318592866,4.9645667763093204
3.86202374816,5.9264392121388498
3.18756612483,4.9750693200553355
3.80323709392,5.863019294936989
3.62980977624,5.5228024273653915
3.72685413491,5.7409482846113757
3.48076629161,5.3512448627992013
3.57690620996,5.5593553553449651
3.07353359858,4.7908014524701246
2.61582768814,4.1468006538718996
3.69507265191,5.7320454479863043
3.50503427811,5.449870935255567
3.03964031142,4.7773405138329723
3.30591924721,5.1623934955880459
2.63304998871,4.1800386718922162
2.73543481878,4.4040551600773004
3.23874980856,5.0418955677947785
2.79399953051,4.4192528044837385
2.63375305605,4.208893747434896
3.48875472069,5.4710058850898617
2.62550547375,4.1836535212978037
2.56507108144,4.0519931078201683
3.64747856308,5.5660595343474784
2.72133563589,4.2680130522080226
2.49954491038,3.9984356579675473
3.68726821622,5.6863344544108907
2.94769374498,4.7073549971258295
2.89082774854,4.6348483373929383
2.58115707659,4.1064633462548645
3.33875514646,5.3020159757702388
2.66255258543,4.2277595471899652
2.82057078488,4.5146558842461797
3.54311486657,5.4978384437209185
2.89789104001,4.5985888135945769
3.87627486605,5.9900335374028524
3.58489713312,5.5432815424213651
3.7372255609,5.7040275430443623
2.57286668631,4.1499307932918486
3.22743494723,5.025030926773618
3.09729626231,4.8718826362006586
3.52633434927,5.5040164208903697
3.17468397366,4.9923341959459862
3.0897717971,4.8744484834777735
2.69846945777,4.328071472596986
3.50681516807,5.3332215203821232
3.5812274163,5.4974563606918823
3.75216231492,5.7573699548834174
3.81374919583,5.9448869087818181
3.80392543463,5.9092758092942574
3.63926333373,5.6875963321167289
3.53231744979,5.4539126609737938
3.27993779811,5.1645897120749575
2.71973527383,4.3735726684890333
2.6926104349,4.2504393938585467
3.79040571418,5.8962360837815257
2.83712282067,4.5650768891389548
3.21519052645,4.9386219099545485
2.51595042411,4.1031630938284076
2.54767134879,4.1312378987731293
3.7829930388,5.7616055922712732
3.58951686109,5.5643479942859058
3.88111193704,5.9317530466620436
3.73031084296,5.8432476653625782
2.74213101962,4.3223230018600276
3.5802195146,5.5648795258156385
3.4239146755,5.3972969771272759
2.51799575242,3.9873306859473017
2.62733751146,4.1462075228810278
3.10821976323,4.8472971919754926
3.40164999296,5.3269785572459831
2.6136851115,4.2377607878937447
3.42011309395,5.3551783359037151
2.77027656282,4.3631647771206659
2.76403152318,4.3844970942464814
3.60088333523,5.63034836100808
3.83754840367,5.8822994017663932
2.79260866176,4.5000461319301843
2.87653984589,4.5097930897556395
2.88060153279,4.5354013963748505
3.06734408335,4.7962247111855261
3.49609886344,5.4430621584589689
3.18878582278,5.071690184590266
3.65464229887,5.6517834456498548
3.31571528795,5.2087197125790503
3.49362169227,5.4437863412329159
2.66135313134,4.2301544766610411
3.64607507538,5.6175186472992467
2.56558566076,4.1146758877417939
3.82703176961,5.9733866573888239
3.43485520204,5.3506224423847142
2.84988339652,4.4550053977331698
3.27058921482,5.0133588373287665
2.72496656735,4.3459585566764138
3.30420664896,5.1441444274310797
3.59320100826,5.5551939878420571
3.09132979934,4.7667037544469517
2.85705247594,4.5201666087618531
3.55524265169,5.4818693190358214
3.35669763639,5.2492493304886869
2.88957416539,4.5641693166433264
3.63031198207,5.6034147846381224
3.35875566192,5.1815572924957261
3.76791400882,5.8359682019649242
2.71094756913,4.3765390804278335
3.46205889785,5.3398174034162285
3.7675860073,5.9174373596514771
3.60132473904,5.647905386576058
3.26675271314,5.1684513542745307
3.65702030588,5.7627194742742169
3.26639467577,5.0396050334921574
2.6399944252,4.215424149113268
3.52854882007,5.4511612808147865
2.51258272232,4.0558797961126336
3.15216086255,4.9779651475980637
2.52203121099,4.0466588322708716
3.78337090945,5.9315507482505074
3.02870639721,4.7806732687905891
2.60657301756,4.1876434387951207
2.68046440788,4.2909505863981172
2.58365086282,4.0776144946835888
3.45532332999,5.3838057420191516
3.26281087627,5.1744377834435866
2.73614796282,4.2802364868369436
3.73732303332,5.7808767777303638
3.71271006419,5.7859068112993137
2.72966405291,4.2956299455752571
3.06686243522,4.8391610645448209
3.02112257193,4.7652391267280514
3.07603783143,4.8747192785750677
3.70699732618,5.6785750815813048
2.71578318253,4.3607799796748301
3.47455488593,5.3188380337801302
3.69422732382,5.7547460381535842
3.26218460104,5.0606055259304155
2.54985904555,4.1568174169992371
3.2329577324,5.0950577041150291
2.68543605899,4.348548706139832
3.68421316759,5.6173909642217872
3.13561581244,4.8874144507925701
2.72045609655,4.3775620710071923
2.98358593384,4.7271928493921109
2.769017252,4.3855461189805149
3.40812496303,5.2781420256966118
3.57212363721,5.5412900664377673
2.60181500462,4.1607504501327996
2.79266337324,4.4536570497201557
3.2163624745,5.0676223345805207
3.54126890441,5.5363484854420548
3.46905831323,5.4799624143075922
3.19526650843,5.0252109895821881
2.66640665016,4.2671167910559742
3.81702018802,5.8295981415465716
3.52028247003,5.435659046992499
2.7164047154,4.3354502462587163
3.74172726433,5.7878192849084025
2.84632423264,4.4977644737362104
3.00228127858,4.6644054554495771
3.24227846054,5.0239650271043912
3.31957284246,5.1138709532542794
2.63391830857,4.2586092912184625
2.53633524169,4.0299225951672826
2.69931848891,4.2632273163121779
2.79505455597,4.4595723026560332
2.72762904912,4.2811364134574363
3.55544240641,5.5643842976155646
2.74340520425,4.3370901438137048
3.47497853267,5.3837845348945583
3.79978791419,5.8448716061480086
2.72656521307,4.4040474946519668
2.62503071635,4.1172692268023523
2.77849368954,4.3004848278212808
2.87860649147,4.5476882560483975
3.54460262681,5.5160672312836443
2.87694191422,4.4918098083540858
3.15028602949,4.9425310937684754
3.3935035176,5.2458556283948372
3.37170451598,5.331264108956173
3.03070538805,4.8589436197548954
3.78020942687,5.8512463172977442
2.89597081205,4.5639373212063701
2.57208798488,4.0856993133580151
3.3870877801,5.3002767046412842
2.55098372393,4.0626717625791358
3.32007936083,5.2274439165142352
3.50484323311,5.5150797024126543
3.03961448142,4.8197056793140618
2.88929291022,4.5913400289811594
3.79218114347,5.860860209714394
2.77015905604,4.3983186944634403
3.82962233511,5.9369201849072608
3.8338660251,5.8856204257897859
3.19016980239,5.0376376707115762
3.35603341493,5.259277325376253
3.27517451248,5.1376491257411177
3.40562525102,5.3659862597075945
3.63830521593,5.6824848360157016
2.52573252353,4.0842791572082859
2.53896532485,4.0313013330226362
2.50792124241,4.0271716117124967
3.65345780142,5.7276516804558888
3.36500525363,5.2499566202129229
2.94644210331,4.763082523358749
3.53236479346,5.4817473555030594
3.28082519364,5.1894948466426847
3.543232115,5.3740556497594323
2.87157697104,4.5596885782082097
2.80953858631,4.4682267843833028
2.95392869846,4.6686736443847732
3.45679929244,5.393853482626449
3.8753742557,6.0285422203072736
2.7525810409,4.4181279598142451
3.01960627914,4.7479076782790761
3.8152023739,5.9022261984569262
2.50911705657,3.9948431973316851
3.28603149277,5.1120877839847116
3.54742788907,5.4909334415351001
3.44108221053,5.3982989862446704
2.88580547193,4.4613881204084853
2.61658207113,4.154410047347957
3.42166347292,5.2998376566394381
3.35000106637,5.203982864266834
3.29962391907,5.198672651594058
3.22345847283,5.1046394633020631
2.80103199114,4.4530405302577698
2.88281259401,4.582146077330389
3.12549740859,4.9297400323386684
2.57801430722,4.1278771429791954
3.33765393695,5.2351597193237973
3.84016261685,5.9656708999303421
3.15076601428,4.8773529635802708
3.38518924738,5.1359350474298981
3.7257354284,5.7250736842472563
3.69305573389,5.7300947663034316
3.00878067395,4.724521063244234
3.71755703541,5.7242310935618805
3.64726509505,5.6253176962351485
3.09609487079,4.8725315907065205
3.2981013991,5.2191725374138178
2.54234958261,4.0982183988252237
3.61399282279,5.5475741953018511
3.51554336144,5.4000347515311802
2.65636118238,4.1813709137848791
3.82678240294,5.9705577794387752
2.95493135761,4.6268219628784584
3.38135534258,5.2921889865815421
3.78974909398,5.8394419796565256
3.39403456415,5.3106515920256987
3.31262277664,5.235030713905549
3.75936000652,5.7866480568715017
2.51618709979,4.0082005535217382
3.53657868233,5.4257989638190116
2.54078431018,4.0652108405699803
2.80531532807,4.4589013755602531
2.66872572014,4.1919894575128067
3.01658134781,4.7684398475569667
3.06485890674,4.8591753536724687
3.47291089185,5.4310598615466299
3.6740889635,5.6744161075345101
3.64242903173,5.6575037375080219
3.66752479331,5.6595016722035787
3.34063748177,5.2711385801154105
2.96078575023,4.7535030474853048
2.78840274902,4.4728312342419656
3.87973195586,6.0164706454089218
3.04313380047,4.7805766099940152
3.1200842646,4.8825465857412107
3.30853879651,5.2797138460834274
2.61932053734,4.1233012478457045
2.68103022858,4.2250539812636081
3.03723099105,4.7805532795271528
3.33320358257,5.2503824566835506
3.21970340461,5.0269437898064355
3.28891267294,5.1028535615148041
3.78885185576,5.8857420763532744
3.24887745922,5.0232452052855319
3.56251988255,5.5219984476585049
3.25123110939,5.0679431201139113
3.85908009718,5.940373513808396
3.73189873746,5.8325705726476071
2.53512582434,4.130053522192414
3.60567649621,5.5674764423980365
2.60572797544,4.1902961527193172
3.78104755367,5.8177275177455536
3.37203599627,5.2773105948264583
2.54259194156,4.0988258043378671
3.16999891914,4.9073914964569871
3.80937330231,5.9310356658354326
2.69518792239,4.2323986571689334
2.91126708897,4.6532626729048037
3.17551795239,4.8681031503274044
3.58614903331,5.5106441791381151
2.52007099524,3.9955081406510069
2.72478783077,4.3862500193375356
2.75428226712,4.3615596469050359
3.16998864453,5.0259101524793115
3.80359859406,5.8479928604341325
3.59615031631,5.5620459824723048
2.83059244161,4.4318030132333215
2.60664497503,4.1239825276228785
3.54580823058,5.4934931269652676
2.88600972912,4.6080304637644307
3.25796497781,5.058461048361834
2.54328328742,4.0923390366348249
3.55527877901,5.5723954572495824
2.97532033538,4.7219060880860173
3.68430822614,5.707211159746552
3.43522925846,5.3223474060707678
2.56975645826,4.1150157901024995
2.83243441658,4.5604805804537243
2.99111217222,4.7873417798998403
3.39768402081,5.3575737615913663
3.13358277588,4.9057347949048937
3.35960452097,5.194271588021131
3.30199488681,5.1520817580200244
2.99118644129,4.8014265302018613
3.01582591644,4.8055358282402478
3.51257246057,5.405032810675956
3.01138074446,4.7472996173841508
3.48685545416,5.3590635249215204
3.71064393328,5.8106972223650981
2.92683004616,4.6473266750076503
3.17968560758,4.9752846009721772
2.50543069218,3.9686489256264346
3.83381063809,5.8728779337237507
3.0950295075,4.883887991404845
3.81910192174,5.885366557826412
3.53161911695,5.4259729700032597
2.55231906098,4.0429600410348954
2.82924670541,4.5152089012259866
3.18403445686,4.9922446465239707
3.80066579322,5.8193744708866157
3.04956720587,4.7908376318995272
2.713381781,4.3201313073246679
2.50337029618,3.9928721227205468
3.02522168496,4.7473188127051715
3.42433904875,5.3859718588597607
3.74534019207,5.723648094219028
3.80225571986,5.9268447147261556
2.99875373646,4.6814024785050004
3.57959015863,5.5321605677321184
2.89041164843,4.4986502927270875
2.58364532823,4.0994834295138789
2.80797533131,4.4890649184564611
3.11408790769,4.9216741694724888
3.43225769865,5.4390710167157881
3.70132420986,5.6721640071834294
3.50288334781,5.36699746235593
2.72155674995,4.3720766276060905
3.12236057356,4.9218998418287701
2.96871125098,4.6674878647198073
3.63519825573,5.6097696754328492
3.84852368122,5.9425000220937623
3.58807930507,5.6606000964339698
3.36717808785,5.2768543206872556
3.18648791376,4.9941948200730337
3.03652912334,4.7142622405759473
2.50073907895,4.0079474397678876
3.4797407707,5.432036297157377
2.59847373587,4.1963754232549348
3.18629789675,5.0414828559203295
2.68108998007,4.2712217885775772
2.57048755717,4.1883864579678445
2.80381990537,4.4345539979635538
2.77666464581,4.4284775820223903
3.54470819975,5.4136855409257674
3.41642132693,5.3480262866451875
3.08651297319,4.8805383801226148
2.68746172385,4.2521703740114312
3.18952939215,5.0560121130960693
3.68609227898,5.703200978501008
3.71371580917,5.7774625765437655
2.78064012662,4.4029572328977924
3.17613531012,4.955078791161176
2.52923052548,4.0901074878065806
3.57317774351,5.5023525897960699
3.18928420537,5.0489241186949982
3.69120592284,5.7701993810285073
3.51799505519,5.5625355162056698
3.77680915054,5.797905007272993
3.39369910834,5.2809394652760542
3.59385129927,5.5670068250109166
2.71611764467,4.2846426518567613
3.42879455153,5.3216129745962819
2.89991590421,4.5826565549141396
2.79372440611,4.3728331667945692
3.24838219049,5.0346575163594958
3.76986248643,5.768364967848
2.93093510787,4.6738953093202245
3.21029174354,4.9994804250230009
3.55096145162,5.4549921437483055
3.03186907137,4.8020483961569971
3.39592077527,5.2434401791787497
2.52079471104,4.0460411548518591
3.2136615464,5.035207468624983
2.91024088818,4.6542248607787258
2.50010067961,3.9866335356517002
3.54980201238,5.4960866977079847
3.46666742695,5.3883168373805486
3.71216639393,5.8293892259363895
2.84203988889,4.4741080023578128
3.49461270805,5.3864311636959954
3.86202349088,5.9113773345996528
3.59547194534,5.5477625013640921
3.18619651958,5.0442001568605344
3.64549527321,5.6470459532120563
2.70928274478,4.3530181928778369
2.62776341615,4.1388121575590624
3.55406820618,5.4872093316989083
2.5656182007,4.1519369992165718
3.87073936391,5.8637783922886966
3.58977834365,5.5858880175940344
3.79681726102,5.8300556833330797
3.53916410578,5.4449908343275251
2.66152111954,4.2196409928697198
3.62667846537,5.597856308135988
3.07401084685,4.8265933950488629
3.47246013529,5.4805325700427154
2.65738924569,4.2785848195263236
2.58199555003,4.1398628626844083
3.72132824714,5.9196066681132153
3.36542688705,5.153072503333914
3.28577803171,5.1680149429852493
3.37335747511,5.2252517649632866
3.22509301126,4.9724854085898844
3.62586577951,5.6000236097637268
3.72551997602,5.7137445345595657
3.08132713384,4.8736987769826809
3.17978641537,4.9441454952606385
2.96602970093,4.6692608385253171
2.9193994475,4.6919271640010987
3.21428452552,5.0081908189454465
2.97179518472,4.6190199849314455
3.58645718256,5.5432923396892004
3.33441346046,5.1378176288736741
3.4395551206,5.3264007225603311
3.87118995182,5.91002999885837
3.83005562288,5.9214658491327263
3.23628874981,5.0498421736453141
3.03361050543,4.8227020782855963
3.1016124491,4.7976226897546415
2.51861698307,4.0925850950629288
3.66162418083,5.6855420798432226
3.28446028173,5.1156168383647405
3.77843395976,5.9256689761332542
3.28893958993,5.191400733229476
3.41477287212,5.3047137000571158
3.44454856966,5.4452199503970657
3.67068249146,5.8074001351045608
2.52904270962,4.0389308251729767
3.43688800539,5.4169329850390913
3.33510945254,5.1919559576657299
2.97211244032,4.681119762036869
3.74842322425,5.8182437267736322
3.87367530909,5.9242092365590988
2.93195561877,4.6169207845258686
2.87332907429,4.40192484467297
2.58252619319,4.0587664225135525
3.3598350976,5.3260316514188277
3.57054812873,5.5816321350741012
2.60118335447,4.1619835530268263
3.58842205067,5.5329765538319098
3.63753001305,5.6928799909727568
3.75769699177,5.9004309460053852
3.71437724191,5.7123337678410726
3.39968993738,5.3680597364689246
2.66209637434,4.2817763952782215
3.07828429998,4.8145462656159079
3.36374073003,5.2290320308996394
3.413617356,5.3384129704978376
3.87840353968,5.8826180764957892
3.18885767961,5.05198838962212
2.67589109743,4.2455013371527173
3.09557098445,4.8943981745062626
2.82365641941,4.4572995110520441
3.01028322022,4.7509332687891392
3.56469951911,5.6036825784808366
3.58043096263,5.5910812563218011
2.62377465828,4.2376396922687354
2.59938061927,4.0812527581946796
2.63136438424,4.1941589099882206
3.83935139971,5.9016389555653532
2.78709848321,4.4332895315966816
3.79549904027,5.8945149348211689
2.64383385656,4.2002603640258904
3.07079764807,4.9063281676552615
3.24635055262,5.049282617296126
3.59066502084,5.63699851211737
3.47952447189,5.4490436601581465
3.25548791218,4.9982350875473145
3.45698204449,5.3586487670303162
3.19198450868,5.0059986739388718
3.42009328104,5.3678893824373226
3.8017495128,5.8723391374370095
3.86498737231,5.9740174892860809
2.97059618447,4.6936008936584512
3.35602493034,5.2198942024205044
2.99104879943,4.6497122716148667
2.76491230792,4.3874188365823894
3.82578468846,5.9033876001568499
3.57754230963,5.5620515642891224
3.13567543626,4.9536968858337902
3.8100166592,5.9208977542131969
3.27800289695,5.077270266639732
2.71909313233,4.3268701947631181
3.25190812684,5.0309771198846693
3.40888453935,5.358410778116415
3.04532945294,4.7940603242897586
3.2105707928,4.9743756277438633
3.3972319662,5.2532648515520766
3.72792097392,5.790542700086041
3.43889009487,5.3690624118850439
3.51594351644,5.4176709828652605
3.58651554992,5.5715936934759869
3.87372437183,6.0069305046477028
2.93082624476,4.5351339784131675
3.37972863576,5.2729013664349793
3.7329632418,5.7256534239556913
2.82909786269,4.4463476034428817
2.88745268405,4.594510804908964
2.96910249901,4.6704456091967188
2.54849374187,4.0805203263131737
2.66285130859,4.193631200875104
3.0572456629,4.7714755532794264
2.60814220255,4.2498060959212998
3.09886113348,4.8269609948279868
2.78328484425,4.4344382077051288
3.04239061455,4.907314727316078
3.8802185982,5.9968909042314209
3.19111406464,4.9754944522112439
2.73039042589,4.4396542860366957
2.73846549101,4.2914269732328156
2.59339913631,4.1603989392069822
2.53515075626,4.0653340585393041
2.59477862986,4.1335803268888807
3.32787850903,5.2725931547753353
3.24581956594,5.0487634626275835
3.7352076104,5.7784109384525211
2.86908667837,4.5777668173049708
3.15643430692,4.9294953443291991
3.0328498988,4.8125352046587881
3.13660831481,4.8704286853233425
2.98538879682,4.6776399999153586
2.53034429869,4.0705902723169167
2.82990322675,4.3685164143250397
2.67652369101,4.2452352526027424
2.74508781993,4.3867350616488032
3.38470642613,5.3074157177268999
3.06193142794,4.8132436764073594
3.71995714347,5.7520482692852886
3.71774781463,5.8381739540260487
3.05532840368,4.8979721786884367
2.92163499765,4.5922226384321361
3.14335290935,4.9270817987043598
2.60325841701,4.1890722904102944
3.17248040021,4.9141254403663952
2.90186078351,4.6812549712434501
3.50082923244,5.5358314696000193
3.29937649657,5.1555676915144302
3.1282163524,4.9080600851999741
2.78765376478,4.4238099818891943
3.81161920529,5.8795630310397042
3.29608431577,5.174057887368229
2.72328911754,4.294454105317044
3.30329141346,5.1389070731199684
3.22042879376,5.0986879170210271
3.69346703034,5.6882861636957802
2.65452047138,4.1700153603919254
2.66335319199,4.2983972950657456
3.78687608983,5.8355918938772788
2.54124881251,4.0412809910895904
3.47051062619,5.4588121566421162
3.25279260397,5.0478285130977731
3.74114166436,5.7842043600085864
3.7939635107,5.9302450899369399
3.69795380578,5.7709808139715104
2.66798227433,4.2794415271487329
3.49692168538,5.4240330453888079
2.89510205269,4.5712388507104817
2.96281390583,4.7018200882975956
2.97510206803,4.7474746623404673
3.29805861318,5.1171499546437689
3.57148678972,5.5372283434836662
2.6185247492,4.1617485586917695
3.65983464986,5.6510458206874192
2.86308667368,4.497953307747129
3.72750292856,5.7416641927363896
3.37105699304,5.1993697283506224
3.37366177935,5.3119663445688046
2.75655191451,4.4124792055419233
2.97712445134,4.6940009568302861
3.49156999819,5.5207865680780612
2.79604738594,4.4309796423910672
3.81595178264,5.9577614639980423
3.04137686974,4.8239171269006205
3.46932865043,5.4625671408333805
3.02734057107,4.8021933082436501
3.23633463661,5.0314238348178506
2.68594180054,4.2512134565543223
2.54330067091,4.1246609872830904
2.61547649338,4.227005933975108
3.59161204994,5.637936674893929
3.86874846293,5.901929558226108
3.178718702,5.0475998652792358
2.49596563129,3.9965719292305102
2.96065880446,4.6282627768302058
2.97496757529,4.7278634062459197
2.97673738886,4.6782464699201487
3.07096578852,4.8635048481626386
3.13238195214,4.9206871622516539
2.77476743966,4.3410631428850346
3.61217517221,5.6198135656154342
3.19102058021,4.9368678986317809
2.62750857178,4.1063546935881829
2.75380295857,4.2913466539315559
2.91699588077,4.5380126646337233
3.78667362333,5.7316852377008365
3.46936333352,5.4301137444339558
3.85806221355,5.8261256170513738
3.69024401182,5.6756053878323911
2.99712876714,4.7809977340798175
3.18686360329,4.9861194541472802
2.98545734616,4.6944846675772851
3.07381719831,4.8168459139324087
3.6115418192,5.6399425096004423
3.53212656644,5.4900653069871526
3.05048999717,4.8223571929571731
3.3999457269,5.2977063617542086
3.36885991771,5.2866315554783441
3.72217646537,5.800491831710942
2.9263744561,4.6136335697679876
2.82726702297,4.4023942121360697
3.31041865865,5.1656487454934261
2.63738761726,4.1910381258521197
3.73674102044,5.8216140184460743
3.01554337125,4.7809318351956076
3.483989781,5.3496664966001077
3.17744773118,4.99995717656663
3.83728811093,5.8859703462077144
3.78195767337,5.9014596376355586
2.98964362527,4.7249320425828945
3.07027757926,4.7959305573650965
3.66145360968,5.7403193217522572
2.53152959192,4.0735703673885508
3.71331272141,5.6970415672445727
3.37492331967,5.3059772705710744
3.04024595044,4.6645965727483798
2.63435126927,4.2029116843762981
2.86200984179,4.5160706633384109
3.75788729397,5.7370730335790796
3.02227156019,4.6976216542527593
3.43057637995,5.3872550598541604
2.92436648392,4.5353976968239618
2.71956263374,4.3388253238399548
3.63968108453,5.658404804356433
3.15482889011,4.9678210580721363
2.5053475517,4.0058128644522721
2.81113098232,4.4335690460467321
2.87418013669,4.486340148452209
3.23437842561,5.1182177886492743
2.56921402073,4.0728994564442358
3.56727355175,5.4900216294459536
3.61840124621,5.6092837706842351
3.1548917416,4.9466940893463924
2.94020627163,4.5725563183441942
3.52554620761,5.4913612249557682
2.83102939999,4.4976970797024896
3.48327170858,5.4954084956652682
2.49259502009,3.9689738862195076
3.37608355606,5.160480610682872
3.30569128266,5.1936855378890314
3.85582103527,5.9395342799482513
2.52781090957,4.0632662611234913
3.70408970864,5.7884292358904696
3.16028423218,4.8723848311548794
3.6985778545,5.7319637967111756
3.24548641754,5.1080032946912191
3.72798666409,5.7644797183156422
2.84257452436,4.481241688787839
2.95119193393,4.6191320737680641
2.891117325,4.5512341718539293
3.794061274,5.8610782515771458
2.72349529255,4.2872353498794729
2.90896504209,4.6341814808756823
3.20182760014,4.9607701628165195
3.36192970074,5.2303655325187206
2.74683586143,4.4787646328327719
3.16511846161,4.9557643831375744
2.9165007319,4.6345011500396662
2.96804903014,4.6694300746165975
2.61313367636,4.1329609033007406
2.82912358501,4.4781982928335475
3.05949895117,4.9374195951737931
3.80792701909,5.8080852788284041
3.56532324967,5.4631483466653314
3.12888673214,4.918243795788765
3.18523963088,4.8891515582302469
3.00490123058,4.76334814626055
3.56231414262,5.5506960932463159
2.91735789786,4.5937779011177016
2.62815773433,4.1828938992400939
2.79450562532,4.3516771031930217
3.58693534945,5.6425646430554988
3.81424543426,5.8281844058177539
3.38934148134,5.2233090930894646
2.74317077251,4.3205383450085364
2.77884971356,4.397188948173139
3.0001426623,4.6492256797128535
3.67024688445,5.6406619581292832
3.13311793778,4.8620112211362247
3.51572061425,5.4707419282683007
3.60033925366,5.5317915191729332
3.8592044598,5.9827083821988456
2.57905455692,4.0986188514503192
2.63921813746,4.2004445838996487
2.83227043327,4.4624435939326794
2.64820716522,4.2162704687474744
3.27947633817,5.1384791399500438
3.78473661156,5.8656537524119416
3.79065073471,5.9901113125427692
3.86635575396,5.8800086109463772
3.03803681353,4.8094775369636853
2.64139986024,4.1972346212215434
3.56254188442,5.5859213243890506
3.64004795571,5.5543175804427838
3.80803018332,5.901063700549698
3.30668886386,5.097408354040085
3.56689096357,5.5558903582217063
2.7465982925,4.3451093690662992
3.01369927973,4.72902956933466
3.60009220527,5.6256126482823063
3.10337339816,4.8364856660434139
2.86792105488,4.5277972202448931
2.91422094395,4.6021180924203255
3.25003990368,5.1175195926584642
3.48482521604,5.4132967557662237
3.32536385279,5.1344924731230019
2.65334363864,4.2134570440827099
3.52983955453,5.4911357856147429
3.57413176667,5.4973746818979246
3.77025721028,5.8425133931978941
3.79477948418,5.9145806823906293
2.93094676361,4.5569370728104017
3.80583495993,5.8943496282639316
2.64895537453,4.1990703464031824
3.6565644696,5.5631124674570032
3.59227751378,5.5793376905599077
3.60263609521,5.6074801263701959
2.94238996076,4.6023765554896245
3.19102582495,4.9391911930707533
3.0674177828,4.6952483450157718
3.34035248936,5.1903975947804186
2.79635207122,4.4406402643760741
2.91499589674,4.6146881483020961
2.70544318189,4.1656347729607406
2.78999748514,4.412102503035821
3.4583348812,5.4231981180195632
3.52487962434,5.473123547093131
3.08163180696,4.8615448534156114
3.44444833157,5.2921928572730748
3.00651382698,4.742280566429776
3.5297797794,5.4721585421762509
3.0396780603,4.8400923334890766
2.69562504236,4.2946684935817379
3.28980203038,5.1737722334453284
3.81553837613,5.9070213688468307
3.3335679321,5.1591752251040646
3.67067060341,5.6756367115718005
3.0253492585,4.6362232905129428
3.79523315531,5.8943405506745714
3.7687175925,5.9247662283055345
2.51653290958,4.0008812751237537
2.8119575913,4.3723078810560869
2.59509439124,4.1262212986827969
3.02565371497,4.7184881394610105
2.70266838509,4.3714708585992259
3.5893501368,5.4843905277340719
3.57619711121,5.5577067700349865
3.16206546685,4.9312491752291399
3.45764163296,5.3044883392736297
2.92895570704,4.6891592799802329
2.79804338608,4.4611884475878947
3.14855080555,4.9651158455768503
2.78324093927,4.3318679952639449
2.52426730841,3.9504766956820783
2.64104747499,4.2259296587236364
2.89543334243,4.5459361642303788
2.53054422387,4.0978668899756041
3.84514401367,5.9069937079407602
3.26480390525,5.066742667490467
3.43804852279,5.3632801332297779
2.7218200288,4.2566138435363907
3.53496455012,5.5155215263842798
3.06919276181,4.8550879369395288
3.62927243373,5.6233884486347652
2.57817332026,4.1356763787709436
3.38634555212,5.2881449579863204
3.01738430529,4.7273034523189592
3.21459573049,5.0847691104374197
3.35879266273,5.2968701285267894
2.61047329827,4.094401908382439
3.20635305318,5.0678239887478238
2.99232527012,4.7267438106292854
2.583960913,4.1554299672966684
3.87428021503,5.8781715893745128
3.4380205777,5.3279175979259055
3.60471829973,5.6269173943216559
3.81832204229,5.7887715687658243
2.98514958786,4.7679654814630252
2.94005511796,4.5594300451140741
3.12131879726,4.9000739334681729
2.60910670848,4.1670071360845444
3.21405315747,5.0662564640650265
2.96041028197,4.6514192668298611
3.18613214179,5.0089081778005209
3.4026709033,5.3287495844173884
2.95963145921,4.7252516994262832
3.87626147206,6.0548390816033564
3.22141416815,5.0757172100318915
3.57484965949,5.5025061891334843
2.55578559918,4.0422110830343687
2.86858469968,4.5755063260346081
3.02681529492,4.7522824359824929
2.60432311072,4.0861546888405256
3.24859505697,5.1486262842570243
3.70235642496,5.6574329144357165
2.57154231273,4.0808312798785318
3.697173947,5.6870483667701928
2.56632768676,4.0747429679456584
3.63365026272,5.6108777009046866
2.79115582987,4.4095293053752238
2.69068452104,4.232739438077604
2.68160035996,4.2794622941951062
3.68290191554,5.7159091244745603
2.92626064154,4.6391396166258314
2.83792637653,4.5418877894003709
3.8231502552,5.8791395622435347
3.72015196057,5.7624438974624814
3.67629035691,5.7332740827109774
3.60420933449,5.5921404668535759
2.52447597382,3.965140785480699
3.50536666898,5.4271651636276435
2.62968843957,4.2204626932065867
2.63075042966,4.2487743109730642
3.58189348886,5.6140771877264646
3.29964234698,5.1795341172284184
3.85278018237,5.9781264697153791
2.593318915,4.1458149250993799
3.23977558549,5.0601993412362036
2.91968285511,4.5614394717984954
3.05864589021,4.7823892737665661
3.54873274861,5.5185242947906366
3.44678286704,5.4822232212475148
2.59548570599,4.1433137948337775
3.4060537336,5.3163901773395628
3.51219075828,5.4388334085042089
3.83470641131,5.8850808399418222
2.69529210603,4.2769092228560357
3.27351839544,5.0662254912543272
3.52722841164,5.5012117364010384
3.17188924862,4.9916763476101043
3.46272516139,5.4273089353837047
3.53052709137,5.4616654125825042
2.57287733369,4.1145801859010067
2.6310061418,4.1619100894922498
2.60050615697,4.1352639056314384
2.94483135449,4.675976830452206
3.38435585212,5.2340315662601213
3.64804106165,5.6431535871677898
3.58211028567,5.5249118316121884
3.38090861315,5.2695580947776799
2.58531822123,4.1585849526899272
2.52892242732,4.0309196531875511
3.5349817034,5.3722876492771832
2.6668756011,4.2208245194485157
3.15745038834,5.0080862344341952
3.5218121072,5.4796770921909737
2.86512296266,4.4700077425813065
3.32093421623,5.2225393991337503
2.97757590048,4.7115861326967714
3.0974701236,4.8580719264101768
3.37313640108,5.3358606725060822
3.63134033509,5.6158418756558328
3.65035432104,5.6743617177071846
3.30447697597,5.1669768746664291
3.81360372436,5.814822737444084
3.53166101705,5.4724677188823394
3.26052804842,5.0762353304442609
2.73216395796,4.3105216669791675
2.74659802149,4.405131869935401
2.81417024733,4.4546567270643056
3.18297797976,4.9799434077646429
3.67953956957,5.7049552918430448
3.07594527266,4.767580090982106
3.29259605778,5.0844708360490705
3.06069320589,4.7245766149892559
3.52463344374,5.5540075967513252
3.22668810316,5.0279365427875771
3.59329763554,5.6685087601168958
2.89861872848,4.5797778138980982
3.74215602054,5.7650004702077098
3.25385728228,5.1567261814951513
3.04518579061,4.7505886945354856
2.64829819079,4.2491749228155609
3.5998198326,5.5851153129363089
3.01269032793,4.7210174837024192
2.73408899383,4.3641101315346367
2.80948159839,4.4467813328120247
3.23102020156,5.0177236756955592
3.67038850896,5.7372250229087545
2.89131875145,4.4997997042846283
3.79449499236,5.9475102894048781
3.83853368546,5.8553897184252426
3.72724323444,5.7293435226639007
2.6505397649,4.2865354804975988
3.36081110912,5.2302056818160159
3.87162106871,6.0432303629567619
3.23990851061,5.0645356694298016
3.80278163349,5.9966399716287038
3.43050803986,5.3431820025575494
2.94065064371,4.5456548969654982
2.74516862291,4.2963506627895658
3.19691489263,4.9955051300398621
3.18208413708,4.9839234972139783
3.08540853329,4.8825558519856971
2.92183348211,4.5906521841710894
3.04748653918,4.7560308747027982
2.50061503131,4.0254151800772817
3.56317924916,5.5396586938334114
2.86119214856,4.5456636913018009
3.48865349859,5.384119050448235
3.09547896555,4.8241347029437733
3.69198809942,5.7281506332701992
3.37256460818,5.3362184685413556
2.51189399901,4.0311111964076254
3.27327815712,5.1483509362516111
3.62735479543,5.6354476862553984
3.44347663418,5.3900834007143468
2.85235772738,4.5007889229184102
3.28509783783,5.1726855890897374
3.65817011553,5.6289111416190156
2.54216738839,4.0827128176755592
2.58151645253,4.0899919357262213
3.87414719875,5.8869732026367974
2.9346651088,4.5081780751433875
3.61042165011,5.7213667852423651
3.86348987317,5.9653012088027388
2.62922610421,4.1468373873948057
3.41001929536,5.2953081926981325
3.14527747903,4.9349944831990102
2.53696184489,4.0016007450372886
3.28238401156,5.094571130226293
3.52717518302,5.5167354096798222
3.32162549095,5.1877893010532636
3.76454663456,5.7755846715475601
2.84209721161,4.514839870918089
3.69956918489,5.7417429100182211
2.75757262557,4.3513866292062033
3.54713713634,5.6473314729296487
3.11076447799,4.9320204527465767
3.70326061705,5.8410848704474461
3.14523130268,4.9069427627532143
3.12295622831,4.8462486668534979
3.39486026207,5.2371813065628343
2.66107830666,4.1682320282906025
2.80483936817,4.4054784113568948
2.63336384267,4.2218599509509431
3.71723986232,5.8109749044033476
3.34797136703,5.1155454217546366
2.76683039022,4.4436223419103218
3.30129929917,5.1524943397658109
2.56095694731,4.0624429246013634
2.5166058066,4.0035340284365146
3.01870478563,4.8379204698259999
3.37486952539,5.3312183606011523
3.5330500656,5.4301601651089095
2.87723623731,4.5909597506408018
3.6501388007,5.7440766708312863
3.17304979278,4.953755933651073
2.86066901751,4.4691890656176598
2.83311699253,4.5016628418144862
3.71047295152,5.7309294426678266
3.48337002853,5.450271759723444
3.53076788414,5.5145230385870549
3.58273231796,5.6707131635738985
2.88585471153,4.4484833004803939
3.42201919008,5.3153032513740914
2.74039534695,4.3915256600495232
3.46925614044,5.4205037709433492
3.02634401281,4.8039057571430641
3.40194904429,5.3868645814319525
3.8318793907,5.9757460524094723
3.79937753956,5.740699640338188
3.81614505338,5.7921707823427919
2.89998349906,4.4672415897035291
3.72383116353,5.8156252034752454
2.50942888586,3.9686629578442214
3.44879419195,5.3278484880535082
3.68441617616,5.657916806214855
3.07855669438,4.8729863541723475
2.51685988106,4.0760352647838003
2.80078859625,4.4420571892668361
3.72666736766,5.7834785957564021
3.32139617416,5.1676074053944898
3.07208813152,4.7915634021751456
2.77870595409,4.3963571718104104
2.63851920958,4.2239015334729553
2.78319959651,4.4178359656797301
3.62894133561,5.6256834848541848
2.51082818202,3.9948315100756013
3.55200516369,5.5782306119710965
3.11306963234,4.9218599956680427
3.70454372113,5.750677823932163
3.02976262667,4.7302830603266548
3.00796849608,4.7217812583683481
2.96906841943,4.6897737595574371
2.8110297238,4.4482911824369875
2.58876545264,4.1212321240888494
3.09669253985,4.8140527825717605
3.17614753756,4.9768084175704024
3.77257421964,5.8394325854581757
2.61993929016,4.1732602021363343
3.02173755206,4.8072164950059237
3.8275795221,5.9718430031213092
3.1269463531,4.8567239046430917
2.49354036492,4.0285692098802297
2.6390081029,4.1626119860721751
3.76497139206,5.839590752804118
3.1365116576,5.025991632908462
2.77620828585,4.340664305853001
2.52703570414,4.0513508560468665
3.4917276323,5.4816307940377023
2.77667576435,4.2780321999916264
3.39121673331,5.2989245540415419
3.77019974157,5.8030063182005502
2.96264739662,4.7299234854222147
3.61856013223,5.6060889677339052
2.77745621722,4.3292636987246071
3.53051230897,5.5787242041132901
2.56493480634,4.1032346567733162
3.45606182646,5.4604472160922883
3.6316917254,5.6035748421679701
3.03864716663,4.7620167691722042
3.09069324329,4.8491633137897763
3.70943530556,5.8406277698108218
2.52697896945,3.9887565331025612
3.85306387207,5.8918362027134865
2.91389793023,4.5673636362886523
2.8746539378,4.4919971242585071
3.20814895038,4.9925888222904682
3.51104102214,5.2525351662658588
3.53413617577,5.4785068428692121
2.51409457297,4.0443172525137641
3.07010004714,4.7994565557298019
2.79562025153,4.4473704373834515
2.92052573937,4.5909071850022007
2.6528876801,4.1672821661303088
3.84276896617,5.90864246299458
3.16823943551,5.0198852164570411
3.6875504226,5.7102450699912524
3.61377575649,5.5725263484400722
2.97662599206,4.6479131720591891
2.64019102035,4.2179792097277673
3.25501516604,5.0146047190493821
2.79565043237,4.4522279013304544
3.32446136668,5.3078384085059849
3.87427319826,5.9375024173450202
2.61343808783,4.1582432107484717
2.50121007582,3.9588432801118136
2.72177847593,4.291744042023999
3.09678331689,4.8709270921748562
3.73525168495,5.6687905240160461
2.54405183983,4.1127859745181397
3.15107704928,4.9225024099597832
3.7196887135,5.831907426904424
3.12716413835,4.974236228622809
3.3558393449,5.1925592824387312
3.32153603313,5.1601344299851029
2.58405166056,4.1288827942260786
3.43517499116,5.3301496106240185
2.60779621345,4.1582486437287223
3.3420331119,5.2154636282561011
3.83782268995,5.8346993050207931
2.88678319955,4.5553195668281159
3.28688751761,5.1210039326269081
3.45944742544,5.3120296217473957
3.24346713688,5.0848238817354749
3.27424768507,5.1170054528138271
3.07120559692,4.8293608576482452
2.68359890394,4.297266820059515
2.64778624606,4.1911895207393259
3.70241505698,5.708546789307178
2.96413795336,4.6840190009006282
2.51374387696,4.0480948574821101
3.03881349583,4.7918183043205484
3.60887558491,5.5611974988765791
2.51351390472,3.963191983221023
2.93469604341,4.6110323529551289
2.57113284153,4.0919675013863612
3.24735461074,5.1567398844056553
2.96164181111,4.6115299675369616
3.62384504338,5.6284228697551244
2.92805228355,4.5479700146066744
2.85219435142,4.5302371901382195
3.55605416442,5.5080613809829702
3.59094615733,5.5971411805895608
3.75655094932,5.7519577770081174
3.46416725323,5.3661344211083755
3.00940376004,4.7044725182243949
3.29139146507,5.1715097206241127
2.65505775521,4.2597377783582191
3.7821035083,5.8789037767937886
3.32753439024,5.1755657492477614
3.43020207636,5.3651346801476487
3.24161809216,5.011024343896981
3.46637246736,5.4166687782976766
3.16940745428,4.9962865383242985
2.73091119264,4.3534918712128219
3.02952825888,4.9021240416903513
3.78202809295,5.8382643712481164
3.50808808758,5.5038873197728595
3.42702890629,5.2098553492443518
2.74227038027,4.323527890050662
3.74580339903,5.7386707995215378
3.36494073088,5.2722941999056916
2.58698084896,4.1190143762246967
3.65587071124,5.6638500245903236
2.68175318954,4.2523858886806289
3.70885625439,5.6130133448565926
3.11609230304,4.8991286206226654
2.49183685135,4.0529896682409188
2.77249751623,4.3353996050023378
2.59023158479,4.114449360441033
2.82249608292,4.4261885164148174
2.76019709653,4.387835882480644
3.38093004893,5.2727171399655779
2.739610183,4.4028421954561443
3.07154417218,4.8344513221458296
3.37193261798,5.2429957231736513
3.5717689172,5.4624927532019667
3.28775166953,5.0774743422564415
2.56842255099,4.1403302370717405
3.12066789864,4.8450431530983176
3.82187722332,5.923875469496207
3.72027866641,5.7553775044474831
3.59022466827,5.4945953978900821
3.05465132852,4.7506586522234286
3.81955724803,5.949377008458054
3.26784207987,5.1280827432695251
2.92581999292,4.5483126358541375
2.78856592384,4.3649359057146695
3.43214398888,5.3323849685830389
3.23865983614,5.1141742798037804
2.89526364768,4.6296703063132219
3.46117266747,5.3178888952772558
3.60822697601,5.6238179964443447
3.09461528804,4.8077273136927232
3.24570743159,5.002457835430727
3.26955869468,5.1478205760786473
3.54247017227,5.5016493659958092
3.37687467861,5.3341193760914711
3.64659172479,5.6346341449553972
2.70165878651,4.3232536914301685
3.86353634832,6.0532295673223668
3.23292212372,5.0540580692380921
3.2967616311,5.1814543281883498
2.59396005468,4.1218578445444569
3.30358411564,5.1680626792302995
3.13256270623,4.8316081437788272
2.63709813057,4.172283618976798
2.7896463748,4.3541316361270939
3.45704292194,5.3702762342842387
2.64808538468,4.2129690822608126
2.67616286835,4.2050638334065935
2.52461936847,4.0440349153560993
3.82926724215,5.8187346837815221
2.61860098585,4.2748977078933663
3.45564052457,5.3643406702036005
2.75148749931,4.290144964080798
3.48228868091,5.4488919710877735
3.7470954226,5.8950769846893234
3.66920371779,5.6993904434162284
3.84809753008,5.8920094047132539
2.88437820886,4.4896291479544779
2.88934063109,4.5648838868339174
3.41952018802,5.3747021035946823
3.47344222584,5.4973537894350049
2.98468847489,4.7115247562683624
3.34162323381,5.2798183185423673
3.30989317449,5.175849570787471
3.08067816535,4.8996957686324869
3.4083783584,5.3179784834403652
3.39735422102,5.3281228987693234
3.22439962729,5.0112916554540758
3.22397757447,5.1323878742927906
3.17445069725,5.0023163257916181
3.54210244228,5.4401741534411281
3.29265906091,5.2036577970022186
3.78272032985,5.8584414372052178
3.3967971163,5.2451756641774097
3.7935242605,5.8424316664912119
3.21249015749,5.0275940178438621
2.54312215001,4.0077856200602175
3.33084966516,5.2356399861373406
2.76206202093,4.3855443164082093
3.13895384542,4.9374604913248712
3.08569370721,4.8925568921870619
3.32219421819,5.164924165436406
2.96957346727,4.754731487546751
3.61640840599,5.6727029356395375
3.31667809292,5.1896935367037127
2.73465913034,4.3093025413654074
3.35087768297,5.1374377813005223
2.74413641521,4.4094575229212314
3.39463403614,5.2143876450145914
2.51171560705,3.9585028074527386
3.47552713788,5.3505843764368013
3.52482740435,5.5157124341853674
3.06093422016,4.8338284780246967
2.84038867524,4.3866670976139615
2.77610742236,4.4892283102723312
3.01899139963,4.7674194134058636
3.68725674887,5.6889436684561447
3.10239342204,4.879751196285155
2.98795337625,4.7337119002417678
2.53659417322,4.0989776366639843
2.57404771764,4.1011674450004048
3.76163311511,5.7418710347528048
3.67705919198,5.639826812828626
3.38396383754,5.245535020673108
3.34217416984,5.1842793239290872
3.6345902701,5.7356743878837806
3.40284062479,5.3137776492211373
2.88392922722,4.5410218168256531
3.56590740157,5.540962550946527
2.55068150932,4.1004064591438132
3.81662719654,5.8914722919345985
3.09133879068,4.8015367921767966
2.94712554779,4.5530386962679339
2.65480501514,4.3004643894370824
3.65905961797,5.6892750571876363
3.43129861754,5.484901292879603
2.87166125404,4.4955620775408045
2.66744157673,4.2351235224591308
3.00827649757,4.717620436552119
2.80060996234,4.3443752071126012
2.83146723168,4.4361435337345974
3.1371885922,4.9335660145783482
2.81351603563,4.5409559157106969
3.40350043529,5.2953974345534105
3.4604380018,5.4576007790647987
2.84998903963,4.5217868466253321
3.36308503173,5.1817860340707709
3.66204296688,5.831736024896859
3.63714894677,5.62100620335372
3.86099619378,5.9518408026989658
3.66470367936,5.726488612413819
2.54502991676,4.1237903281071482
3.42172176242,5.3561728836510465
2.70971937096,4.2291278605658755
3.55758682418,5.5656155207926741
3.33693801226,5.2243042837648064
3.27377506387,5.0532799821096255
3.47585675441,5.4572905640685123
2.92856109828,4.6609379532807536
3.5577188298,5.5536992524039182
3.32648511636,5.1717188977542534
2.93524308805,4.632435807491869
3.62875070204,5.6083720882356785
3.06513066166,4.7981028757183823
2.76691673723,4.3594774719278497
2.696828651,4.2884522802244023
3.69360926535,5.7340792666469795
2.61212718482,4.1579082449307165
2.52444525217,4.0429150821736055
3.00272072551,4.7185158970848136
2.92055170649,4.6377954256277381
2.88051440911,4.5807714674064925
2.78578803317,4.3930603975026106
3.51912028469,5.4001014776463929
3.81054874929,5.8366203165264956
3.7030061861,5.7518408443826328
3.25181265262,5.024044968040525
3.86679231294,5.8826457260355394
2.81703693882,4.4406061256838063
2.89274496941,4.5927879593866141
2.71499351715,4.3236295662235822
3.39833910224,5.3016124983969695
2.70608315886,4.3448398939162898
2.92672712131,4.5383001435314165
2.83454341396,4.4515463634882551
3.33410095169,5.2023745863238533
3.82378209608,5.8313583666547277
2.71999052051,4.3528621401006902
3.58468143781,5.5740739735135119
2.90127125574,4.649664038641375
3.71212308075,5.7496949191550808
3.58536558066,5.5841951415504747
2.58443415468,4.1518834502982722
2.92611050015,4.6734849706044184
3.08381016941,4.7507064900012113
2.62210568975,4.2136285137581204
3.79173112272,5.8023904378581088
3.05860785542,4.7638036637799326
3.56548843351,5.5789297169439784
3.3915682998,5.3032447621271759
2.49432109055,3.9641201725227417
2.96146544792,4.6446237592513251
3.71289371008,5.7691967114684335
3.83545017521,5.9004829798627219
3.52428527662,5.5735786377648866
3.65869312264,5.7207839737834023
2.62449635715,4.190713600824532
2.98105206969,4.7161461439311214
2.7112991167,4.3822301151658589
3.86582730777,6.0700112265661037
2.57039821485,4.0979892043855974
3.66891549326,5.7326789676237144
2.7885103263,4.4233274358149925
3.33053297565,5.2371667676965519
2.67753143349,4.2575270662346982
3.78838359222,5.8628443573018014
3.51696812604,5.5175539355540142
3.54178923372,5.4328807218580542
3.61471843927,5.659753215233553
3.36517100323,5.4024777686727115
3.03898324953,4.7649191507953672
2.71259428393,4.2627556503905364
3.39742573637,5.2669974327110127
2.51206543554,4.0747668878789183
3.29296733691,5.1966750960299031
3.04689577726,4.8053063939806693
3.61181197895,5.556996276890704
3.11269226302,4.9132434277841082
2.73371854274,4.3837409740927429
3.59185388581,5.6154896191334887
3.6758210944,5.7161163293485249
3.75169441483,5.7468959464222253
2.83306588586,4.4541653834432182
3.21492281108,5.159518238235794
3.68070332797,5.7237882704818741
2.64972246116,4.2019231953375282
2.65639236989,4.2257918701113253
2.70125446931,4.3290593739699643
3.44559081944,5.2572169816771117
2.99123588365,4.6473844401051325
3.29385084758,5.1401992723268259
2.71815412211,4.3195692027404871
3.81525208574,5.9476672076059076
2.64028495672,4.162285034564194
3.51128610609,5.477115878471607
3.8120895894,5.9966756111846324
2.91877665273,4.6223859480355545
3.43119194808,5.3266257540795836
2.50198368747,4.0423910392324958
3.02903041033,4.7585861213845666
3.34847742337,5.2255573223012073
2.71289014533,4.3165739580046116
2.55818646285,4.078640814946711
2.72603317268,4.397124660313156
3.76430156197,5.7614435677546521
2.91956135612,4.623043703042315
2.71387066453,4.2917634143783934
3.68447264234,5.7902148826456896
2.77402821735,4.3386543100412771
3.10201648185,4.8973911303033164
3.10081166021,4.900582095167807
2.70728287504,4.335385821661685
3.38548724194,5.3082370736887752
2.6030213712,4.1654514880895981
3.86894221469,5.8793545637214564
3.05059055706,4.7885441228775258
2.591152771,4.1407249868010183
3.32823020364,5.0901125934709226
2.84094935688,4.5896746009531011
3.59906745876,5.6233629411938058
3.00410279623,4.7438216828818147
3.09824405472,4.8131090283331455
3.61450432682,5.5853803239932347
3.55195561467,5.5042188726464101
3.17806335624,4.9590838797121304
3.65036863562,5.7027542951023964
2.73230273109,4.2519180764002247
3.59258399383,5.4548225628537139
2.61493813661,4.1713799733680963
3.23054918258,4.95533282382649
2.81428366249,4.4737285346728664
2.67366824272,4.2340951557908388
2.58751331455,4.120816222599748
3.08094798664,4.7720682320949646
3.14625219675,4.9082245039776957
3.22141288426,5.0136820046834352
3.48711769581,5.4961373774930813
3.61622743178,5.5815467268731842
2.84965396366,4.4956229246751773
3.43199562078,5.4380945322743983
2.95163463797,4.608236911538623
3.0700557238,4.8967213207501397
3.46041134644,5.3526835481456141
3.41434885272,5.2851879106536153
2.81891249524,4.4411348021598238
3.81775773668,5.9035235493326566
3.67722196621,5.6185091550438839
3.53498185588,5.5153472932134582
2.94226365907,4.5845303474182764
2.95259518001,4.7506156354376143
3.08041659653,4.8851631599462202
2.93601794137,4.6491186915624656
2.85174781189,4.5540087152659208
3.73975160536,5.7510810756702151
3.60951891358,5.5461725924530167
2.63258168413,4.1969829870459412
3.42838726529,5.3422807386817901
3.16023143462,5.0121521848360269
2.52713952362,4.0551715053297981
3.76931502726,5.8036463895841779
2.58344561869,4.1054706054666896
3.25950990548,5.1220406637142322
3.44271432864,5.3514444612332044
3.58250785225,5.5924303250141998
2.69450012674,4.2740013335124738
3.1012906229,4.8563486593744978
2.54120672107,4.0059752299238003
3.51336369734,5.3589270105313149
3.74918476668,5.9764943052131194
3.63895286206,5.6091292469234721
3.31932528957,5.176849235508092
2.66345221962,4.202222647881233
2.61774717305,4.2077549382255839
3.07662903356,4.8392042460469131
2.82809433829,4.474310429716593
3.32591957342,5.1051975650496511
3.55012444805,5.5726738882981151
3.57628683786,5.5452734079170902
3.85771952769,5.8449431861483347
3.8427170626,6.0044896217019605
2.8122608832,4.4842261029356809
2.75426802251,4.3530913223168017
3.88377094453,5.9692530179186551
3.40949434263,5.3118272907336941
3.32436644863,5.1793432412506446
3.08534867139,4.7902881107314901
2.6989979967,4.2837170977391583
3.11207331077,4.9136717386810833
3.64423897608,5.5732208939383945
3.62090757577,5.5432415677644826
3.62841308949,5.664387501189192
3.04076956276,4.9189789449940724
3.66459013961,5.6570578788036245
2.81066774545,4.3593295782932131
3.29102324357,5.0762741329364927
3.78918873608,5.7616921013812572
3.07785799842,4.7734678996638413
3.18683058423,5.0229682096543131
2.84549601763,4.4778572802184362
3.0615387049,4.8275991387079165
3.74324359768,5.7405293116051759
2.85947058608,4.5245300535428266
3.51968090683,5.4284463910133596
3.09701128755,4.7936007317150349
2.9566813443,4.6212102314948034
3.84744515341,6.0032929825600956
2.93361378087,4.5876473525591033
3.74162798678,5.6943964937717579
3.13584362491,4.8720172971159625
3.00882339187,4.7341523701444688
3.04925508671,4.7807799466772893
3.59309471256,5.6408155762763776
2.54668435547,4.0186777892453174
2.98294368587,4.7248964683178185
2.73062805241,4.3646519798852461
3.87411269314,5.9097047312715798
3.63698291002,5.6873663790576874
2.90915621735,4.5195471286290845
3.35291018732,5.1204286350746449
3.01709770659,4.7693050830296357
3.63627432173,5.6850770655365235
3.3532884575,5.2495429905475888
2.8855453338,4.6125541466197761
3.61068456073,5.5655902974104166
2.91187230796,4.5272085951865719
2.83367116031,4.4870584207102553
2.64961173945,4.2188570784424533
3.72628865024,5.7018820342542833
2.78978919666,4.4476769940515712
3.63218620329,5.5847892261889864
3.75771824569,5.9022640539920879
3.43402532427,5.3474141728170377
3.71259149908,5.783207345089072
3.82599920156,6.0200258037861456
3.65311418385,5.6152815033833328
2.59978088549,4.2049285003169263
3.68739620793,5.7397563228063051
2.82701702308,4.4858425907228323
3.62163517556,5.6067354681768764
2.84053619033,4.5136965665071997
3.54717671973,5.5283760587195063
3.74585130886,5.8484154162672475
3.2636872765,5.1252601400939533
3.39122875838,5.2850982173231804
3.70327265707,5.7255211630946201
2.57236548785,4.2090338343902545
3.65587703611,5.5829884988985485
3.10826253155,4.8582065109708417
3.30910512947,5.1895551861586702
3.7229894909,5.9242778975676949
2.98718017165,4.7248751101376261
3.68033327248,5.610193582151016
3.573628429,5.5945110878341451
3.13509922843,4.918589438408647
3.45069561976,5.332805868720933
3.44726341036,5.3029815194123238
3.78324985883,5.7965987993354444
3.47248203931,5.47569945430691
2.93495191475,4.6960822887747664
2.96428911298,4.6739003028975548
2.9451919043,4.6349950805410742
3.80873630595,5.8951648232708624
3.74937212961,5.795349357054536
2.91522250368,4.5454288252116841
3.73695009049,5.9078336636308091
3.72707178036,5.7472844955339077
2.79838029377,4.4778211549034248
3.29734891711,5.1375808771839191
3.13000178337,4.9110877431901852
3.5540406411,5.5593130767254983
3.36767940014,5.2534958007661992
3.2119728878,5.0767627331667029
3.77108947884,5.8197592422032853
2.76864617933,4.353045637884227
3.18642694846,4.9713063500318952
2.61117454885,4.1485799210769354
2.81997583054,4.4280307855476444
2.97026372546,4.739256071356988
2.5487794838,4.0336168035658027
2.9506910963,4.6424527607942174
2.6872712817,4.3144243257890755
3.38782355744,5.3787850588674138
3.47217608376,5.300945008156777
3.3075873704,5.1732833234087421
3.13544079915,4.9496870409755784
3.70010084304,5.8170414066320371
3.07793462117,4.7900010292561745
2.68708314882,4.3195376781708257
2.96241039993,4.5920361003108079
3.63366315276,5.6728063680585743
2.96393736355,4.6691940418214237
3.03244714635,4.7285252903144004
3.87919828853,5.9498826470485531
3.32604171517,5.1990142641988628
2.66196296895,4.1927044963762317
3.33862968168,5.2882855732386425
3.84379502259,5.9579849608865825
3.49410723987,5.5214031355690967
3.62204590045,5.6095531460605139
3.14365178695,4.8940412957041772
3.67504582705,5.688007848714113
2.60973020451,4.1684299360880761
2.59959684107,4.1955564714125817
3.14413367654,4.9368490720598954
3.03411061948,4.7449913267554136
3.19481214563,5.0397804585396253
3.74277947006,5.7332155840076524
2.62525995188,4.1726374336976555
3.32529196725,5.1390190825372102
3.18309308657,5.0800058212262282
3.41687275331,5.3118550080427323
3.3421683287,5.2504076248234712
2.7097654916,4.2926778435399067
3.06668551303,4.8316168476684238
3.72309575632,5.82510662086242
3.80004046916,5.7689451548143058
3.83944200139,5.9581815656520645
3.01126683263,4.7633550748285591
2.57796614756,4.0842800520727538
2.67815045944,4.3025611955221423
3.33755529331,5.2284871017204759
2.92735900544,4.584441189291879
3.87710549098,5.8742515470069261
3.02267291597,4.7643937485882697
3.82524281434,5.9992129235950511
3.80336582218,5.8445864533713863
3.73208385436,5.7743902808373528
2.5576208131,4.088415277191074
2.81481969052,4.5351067220721433
3.2798335519,5.2036621344021432
3.26588649284,5.0861622000748996
3.77969480602,5.8487303820347734
3.42249835917,5.4370174904985511
2.76298591883,4.3263278103655454
3.82295550207,5.9572841007853654
2.72873448045,4.3459983351698188
3.6546978693,5.5991883450889119
3.69412695561,5.7022327088896203
3.49306288367,5.4406145298243445
2.6974936639,4.255791529667448
3.73303220974,5.7347253203756532
3.1689481265,5.024479941107173
2.54696127878,4.0444710733416054
3.07723433755,4.8186887015833015
2.70194076093,4.2685613292579108
2.97450448966,4.7416480449085912
2.52244223641,4.0366086045975562
3.10589140157,4.8733279980213364
3.12125605742,4.9249732647478766
3.13131079383,4.9091205778670517
3.25915467379,5.148830581927144
3.57077695322,5.5393211142120489
2.73185606612,4.3038776982678559
3.74600580061,5.7529690271772065
3.01354199238,4.7698342573677222
3.60320309592,5.5994460807786322
3.15250726709,4.8508286068265409
2.98524341464,4.7096670932174449
3.678934594,5.628283745872058
2.6903405204,4.2245104287108441
3.07771526487,4.7945128757920861
3.11465674075,4.9364095897736
3.6094261294,5.5716356864078769
3.42981314055,5.2763704143944423
3.52870324944,5.5545782123730207
2.87559209417,4.5448211362809925
3.32029284319,5.2765276843741376
3.36482401067,5.2267203537887816
3.6093264823,5.5904610709897886
3.55045034118,5.4307063740675741
2.64065614039,4.214344964287978
3.56852881164,5.6288014590239666
3.14711957417,4.9938055916206512
3.35165696938,5.245678038654364
3.2989314454,5.2358249616880013
2.84036311511,4.4032250918843783
3.69455944776,5.7644320444648622
3.44818403509,5.3349349989020363
3.08430008514,4.8551714509499293
3.05197404882,4.7757459582414601
3.01529501499,4.7099245325540195
2.74171494833,4.346218226489472
3.63439131679,5.6760909746601573
3.82173803353,5.8554897648999757
3.11708286077,4.9153346366452411
2.50547334093,4.0381610213932984
3.46180606172,5.3790725299342359
2.77804966659,4.3670950666767867
3.87929910505,6.0981996040005244
3.50779789682,5.4718114630663077
3.05622822972,4.7522411268938614
3.86670061655,5.9707302486441574
3.13408691854,4.9608417710965282
2.56843702496,4.0473591915774163
3.05016935064,4.8153628982963257
2.95091079411,4.6050353081340019
3.20783071285,5.0433327019991516
2.61396698302,4.188858108249172
3.83390854774,5.9924719587681547
2.70776001672,4.2634176869462816
3.06200636191,4.8051277192957889
3.44673216336,5.2784034924134016
3.31896423303,5.1546731734872653
3.12614051778,4.9293605710917925
3.11611326224,4.8350093603433359
3.56310226132,5.6451129453912525
3.17534660126,4.9719663535719585
2.56770583285,4.1675079378568256
3.42208765706,5.3286724010009276
3.70127212599,5.7394358013103597
3.13616748374,4.9004800832558013
3.55846829928,5.493313875631598
3.38434986491,5.2959125589614438
2.61464443531,4.1033664971653314
3.78840173131,5.8239369824684681
3.22802821309,5.0739140766424553
3.67602867303,5.5927366786128143
3.52791528207,5.4842909132204873
3.1961253991,5.0196784227574405
2.55315655843,4.0833362968609022
2.51291375292,4.0355643741277456
2.75596757981,4.3557938488529828
3.79381629024,5.8693200654648932
3.59845003376,5.5785168185917451
3.65212348926,5.6260242048167806
3.66138027073,5.6910345049304576
3.13739124081,4.9068708712925968
3.52900969232,5.4873446313107133
3.87037685167,5.929030253735176
2.90098639365,4.553651727779072
2.91427628332,4.5840338414085071
2.8624572403,4.5848100153743854
2.53268922852,4.0333566055803409
2.53906844952,4.0996354421529233
2.66127129884,4.2609394490670143
3.60068795739,5.63739963329333
3.55386803879,5.4408502722703576
2.64331805446,4.1975145424246323
2.97131051704,4.7058900086908038
3.42226640364,5.3615247291062138
3.139463878,4.8703216344099172
2.77697883886,4.3984352139515197
3.81050650553,5.905768098037365
3.73042762962,5.7949142481347353
3.54575788733,5.5173386016841626
2.82623972588,4.4965980607505331
2.66643375054,4.2183041369406329
3.34317553908,5.2737945798123524
3.6661979467,5.7646313356223642
2.66197067974,4.2370625534577115
2.92193252598,4.5969612664610127
3.63797885765,5.4927051749529188
3.48353704635,5.4653454173008633
2.8562266433,4.5405402304155311
3.44121869887,5.3507259478986411
2.56013686359,4.1613718119093583
3.72136574417,5.8386478993904243
2.66371462499,4.1428766109841826
2.91470711224,4.6227868280464035
2.61830367885,4.2422779746778785
3.37377383935,5.2663798367280776
3.38516536273,5.3248558194014759
2.51772128888,4.069063986647965
2.61703574044,4.1723153015685659
3.46195668493,5.3019949557074861
2.74893168174,4.3940429711407214
3.00964651328,4.7177864950220023
2.78609165276,4.4086634398094011
3.42596015844,5.3518159616484153
3.58468486148,5.5028176222411158
2.94163384264,4.6061555105613659
3.1278368821,4.8273828591921921
3.50565814639,5.5071250876882836
2.77345438721,4.3386499071657223
3.10032549775,4.8703183530803349
2.9626169325,4.6855771316254797
3.78131390095,5.9859821017212633
2.56237047991,4.1004344295595798
2.58334883956,4.0989112401549228
3.52035389654,5.5066454623782937
3.13521497235,4.868474325434601
3.37353829836,5.2772221361894811
3.84064173267,5.9033224352995903
3.23059564181,5.0470206661937294
2.74473120095,4.3346640479329919
3.69301162779,5.8637780167269282
3.65556235646,5.6604965169104
2.91578547395,4.5896380742528562
3.17375275895,5.0162560800715674
2.84190370128,4.5650156679207159
3.20302557253,4.9387406567803751
3.66317183219,5.702333532797585
3.48579382294,5.4645140610749765
3.84690539922,5.9737029532483019
2.52828529292,4.1120248816019158
3.30195573629,5.1486373481824987
3.28010212383,5.0949074353398132
3.10525852795,4.9497602374629261
3.12655184247,4.8511938726838562
2.54179323203,4.0121887859231915
2.69823411584,4.3293102099222294
3.4052401062,5.3085948260206903
3.50493008908,5.3329288974212643
3.73785181389,5.7793734812381619
3.78190551759,5.8282449951005688
3.47308215244,5.3293700537911022
3.05788014426,4.7478533415961275
3.41248683723,5.1558046724924278
3.48511209548,5.4259033530328145
2.55452142028,4.049541193032054
2.877541723,4.6109825220909162
3.05493968349,4.7706725513180137
3.21889576386,4.932047656061525
2.61666811348,4.1808832079345981
2.95269729877,4.6469567039880131
2.84187495144,4.5340209492548667
3.11410144711,4.8672636291353211
2.89179610628,4.6035176846530481
3.31740178146,5.0032942100485815
3.64074873867,5.6856386309202795
3.57451147216,5.5939446604983862
3.81917157993,5.8709134194739212
3.15225836096,4.9880313207894762
3.84119688839,5.9284537603617649
2.81890782083,4.4731198882125991
3.87769868779,5.8546806817509172
3.36034184249,5.3076870665508977
3.81715861295,5.960189068624997
3.57992604633,5.5472487724640649
3.16404408976,4.8778020677906335
3.16455672218,5.0149669184002805
2.86142910392,4.4098964719960358
3.62036342866,5.5497755784162948
3.11633215511,4.8641042270339323
2.94726212495,4.6150443214947696
3.59230084734,5.471662760694886
3.51076472651,5.4944318351997294
3.46176626041,5.3758682925828385
2.8229294512,4.4932938445588997
3.14312274615,4.8899066340464614
3.726573853,5.8017105796528883
3.64575605562,5.6957663077094463
3.88364376749,5.9660668579308487
3.41597387908,5.3756042733141447
2.64383924227,4.242515278700667
3.78557263708,5.8139240378914208
3.62469520801,5.5841407413616082
3.25625766635,5.1224521817228297
2.79878407659,4.4483097165838057
2.73337875725,4.3923055901627874
2.63294189226,4.184570172950453
2.58000154978,4.1135801362459308
2.77223980723,4.3614797456648704
3.00210360133,4.7108196885678417
2.68051625713,4.2878030965567895
3.88212253602,5.9732803259671829
2.95054337529,4.6776087376478905
3.30818617479,5.1768690204327932
3.36061712991,5.2534382195010521
3.68384714817,5.6803103342961689
3.47013410174,5.3670529495966788
2.85590912111,4.5321066114894712
3.74437632846,5.7966972762987661
2.54267337696,4.0509454749359914
3.14920744836,4.873455180681316
3.56714623667,5.5013587580102481
3.5190620667,5.5135803332672957
3.44028444496,5.4027906117040754
2.73434476382,4.37003714029664
3.23801944082,4.9931407099846012
2.81146729493,4.432524635281208
3.82330641885,5.8814155474429981
3.63726556895,5.6505747629521279
2.98677564049,4.7931330148954769
3.21916137093,5.0311831087160739
3.59060283585,5.5835689855589523
3.63225108728,5.6602274368883094
3.61625529776,5.6140484715662424
3.12439380367,4.9832862320217046
3.87800698919,5.9435635544440943
2.90993818329,4.533465883954821
3.66181057331,5.8020626939979243
3.14832792849,4.8795684572463136
3.12538485372,5.0255827593941627
3.59005088184,5.5815652410988053
2.72437941597,4.3782086814144376
2.98048125694,4.6451940648951098
2.84293163104,4.5761969366812716
3.39622509658,5.2943466657367324
2.80877429314,4.4669240846157479
2.7765121888,4.4110824633879178
2.63411022763,4.1530524385297891
3.19367879306,5.0424420956490374
3.70954043689,5.8165808625136783
3.5352175065,5.5613097040036923
3.4285504858,5.3249109860134896
2.97297464193,4.6328988857658384
3.71379625063,5.7567812238100622
3.50625536689,5.6256517993464579
3.74820500602,5.7852970491326907
3.59228639887,5.6830493900716581
2.89441451655,4.6818819132832239
2.6130025227,4.2122766523508268
3.30027259549,5.1607165398448087
3.25342997995,5.027095977114425
3.73554587134,5.716323840966937
3.16957862641,4.9318078406576591
3.19392400903,4.9707313231844159
3.40658964553,5.3983463299029193
3.21434181571,4.9900765959016393
3.59981076503,5.5600667381930915
3.2542429186,5.04565759399103
3.43506828806,5.2935726677143133
2.96363150912,4.603286658357014
3.19173722071,5.0198255937159999
3.63147171872,5.5392966921789446
2.93198713622,4.5887786409925129
3.60057078934,5.6088601893778947
3.51452215343,5.5777149828031751
3.29576781686,5.0964872410223787
3.37202920511,5.2594177157001738
3.31056935947,5.2454160803386314
3.61789807876,5.5420818666734153
3.20249429519,4.9654028303415378
2.72976549824,4.3426393637310454
2.99394541315,4.7019392382120317
3.24803145453,5.0843425208321094
3.57937426938,5.5948027654414414
2.54021964834,4.0919042048917342
3.61745595377,5.567995323021159
2.60222249184,4.0865444887286557
3.86725558025,6.0195402687426984
3.16427501614,4.8976763579473648
2.80491233954,4.4733990346208978
2.61010737302,4.1110691214019743
3.02996223513,4.7236557869690294
3.57007700118,5.56025390695289
3.12287670055,4.8742870720255524
3.60441772363,5.519453044114031
3.09346394869,4.7992443978896961
3.35803449912,5.2618512920542688
2.90024797978,4.5664454578033258
3.09862253129,4.881269285570526
3.68711402003,5.7080161684366564
2.90186918699,4.5625933583871294
3.20975657715,5.0315120658463268
2.71133808279,4.2800455041145602
3.87926326979,6.0705495233971929
3.34097610197,5.2233646544138628
3.56028822712,5.4737276818358671
2.92039668479,4.5088245496565262
3.25575157446,5.0801166247126517
3.13136848556,4.9766557353368963
3.40139766752,5.3560769510407278
2.94459292958,4.6424685919712516
2.79133596319,4.4899401122678251
3.74724833346,5.7006119163771167
3.43019856293,5.2700275043870937
3.80190603677,5.7712567866780011
3.56560765372,5.4832474381756082
3.69719124802,5.7356123113739059
2.86480261677,4.4405110454500507
3.02690471036,4.7592289474068954
2.75493437929,4.2931618503391515
3.66367251519,5.7146294977167962
3.15819532075,5.0218695808381435
3.42886927236,5.4127523225872007
2.59016918223,4.1686012398342687
3.27255955028,5.1134371411115005
2.80156452765,4.4280711088861899
2.57622216006,4.1372018791556
3.5275019551,5.4761026703053659
3.86788737585,5.9940639178616539
3.37720952781,5.1892092124855127
3.57484284667,5.5580770597808922
3.23969406661,4.9743141924354068
3.16251388175,4.91432887308072
3.58985477736,5.5524033612594375
3.16749152981,4.9524634978612392
3.26198256461,5.0514246013903739
3.83922257887,5.9193340130096779
3.14743389589,4.8643928897726516
3.45140020133,5.3776210841901797
3.06914618841,4.8468461888089713
3.82016091189,5.9408137490117117
3.03277675478,4.754011471388071
2.7188302708,4.3599287067383266
3.47789406566,5.4482959939060649
2.67268666341,4.2747716274097431
2.65283887814,4.1778569522784119
2.84903765667,4.4208854103231978
3.49576452613,5.5341136225039866
2.96283398908,4.6686682071814865
3.82277056677,5.8878900478493197
2.81027018234,4.4474322394830184
3.41954096972,5.2880172138821724
3.07842649099,4.8235673566135713
2.91103485176,4.5621976613143955
3.68037768661,5.7080691389908385
2.78714529867,4.3393877039181818
3.14990306967,4.8883048498000896
3.80799574562,5.9543991298897732
2.87811381925,4.5709485813482207
2.69588798981,4.3823721646544973
3.50621058108,5.435603423566187
2.73002675685,4.3155594401449262
2.75521335085,4.3960060733584143
3.33348146568,5.4198993720026403
2.96217936502,4.6374368929039829
3.28146716755,5.097890169134252
2.83585734586,4.5146930478579002
2.6379075474,4.2317053487047875
2.55098683302,4.1277643345971207
3.06626504846,4.8514603715071871
3.11624489465,4.9154304510406961
3.62450566606,5.7224954093082241
2.5418820133,4.0429014952024964
3.24220185039,5.0047150090614441
3.45965595472,5.3611728602622444
3.34852054891,5.2771807213853092
2.82471602431,4.5156032631933174
3.48938391879,5.43255882379216
3.00039643883,4.7264042482597928
3.27975278678,5.0767793588909207
3.06172266656,4.7669155691973524
2.61446501793,4.1945060482131495
2.90789906778,4.6312983926210585
2.90218291606,4.6544747969619511
3.06188471876,4.7754100899233594
3.22912429724,5.0020953361456719
3.30004937019,5.1416595223315946
3.29570076369,5.1804963931365053
2.8222117706,4.5407217869475387
3.50915842054,5.510334251629013
3.28197393165,5.1860813798875522
2.80818384873,4.4666177486892122
2.62549194915,4.1871549068916076
3.18793685079,5.0320009345476286
2.92953248431,4.5453491591229849
2.50254601578,3.9874875670171139
3.61395388901,5.6294912290752936
3.24805823099,5.0113506678001407
2.59848096793,4.2138002102498202
3.45692976286,5.3733190773102484
3.33152636714,5.1335537854472264
3.84954428808,5.9301935986180068
2.98774192874,4.7233718634397626
2.90080000913,4.5990011920548053
2.60263495209,4.1937457980001085
3.38215378581,5.435396986540562
3.20100902317,4.903200743903974
3.83953420291,5.8795726246494784
3.81356358911,5.8577329223933496
3.04278888527,4.7884059531832142
3.87636224042,6.0078940401770708
3.16989830802,4.9845845294953479
3.09195102179,4.8627848877328255
3.53082765125,5.5852788139881939
2.82690523703,4.4510264502779808
3.33925298447,5.2339262812533009
3.81210668603,5.8725205368904927
3.86697424355,5.9515696552599522
2.59497471201,4.0943947464859418
2.67383350568,4.3165553931808702
3.34894451897,5.2043673082266295
3.50852473832,5.4103978026227972
3.08575993184,4.8607968854563461
3.74136533785,5.7055999682575349
2.83940472608,4.456550085071151
3.6051005732,5.5447932346659528
3.82769221192,5.880983726310669
3.20743279548,5.0501875798382985
3.1366501224,4.9034243567066689
3.49633976234,5.310179369081558
3.12007275707,4.945257112330931
3.26544862622,5.0754967068183028
2.59429242991,4.1569622617310538
2.52520496018,4.0636290132232133
3.05528064605,4.6760605050852826
3.84083534062,6.0007050050523789
2.92230591544,4.6178073897439456
2.8043396393,4.4622114785769691
2.49489870936,4.0098156353537391
2.66044591983,4.256028871299562
2.7833608078,4.4808908341965532
3.34342460823,5.3376411985748868
3.60612018181,5.524498777826663
3.83794597201,5.857705108552957
3.419915252,5.3003668550135963
3.24297712478,5.0556295922686374
3.53184035453,5.579773855668984
3.70265903374,5.7322226387836768
3.0120603302,4.6945774144109196
3.81942979155,6.0639778062687402
3.52449342319,5.454641762900545
2.96511688956,4.6030090710692786
3.06323175162,4.777963608528232
2.62644043852,4.1190782743777774
3.78968482017,5.8491950388124048
2.59185097184,4.1683413824098645
3.248726484,5.0429648150419428
2.9186793281,4.683931137425728
3.7689897203,5.9448424383239207
3.41106727053,5.3479066581714232
2.66843236877,4.2277859596702454
2.89394799041,4.6452037701564475
2.56200225744,4.1173865751987551
2.64677609628,4.1907257804631648
2.80186696072,4.3990057638135918
2.93669511901,4.6795557989003358
2.60238898747,4.2295366808973229
3.17605654229,4.9787595625382481
3.79479885059,5.9307030917712682
3.37716402583,5.1918309877550994
3.23908206044,5.1136734428700841
2.99341164263,4.6871899998345539
2.86862765995,4.5502104379371522
3.33251061852,5.0919302256020105
2.74638981207,4.3890982285688649
3.09228614909,4.8167897572067941
3.5177988332,5.5632087623629634
2.70273403311,4.295234351980695
3.3336528307,5.2960847403748579
2.93954439677,4.6710784783930777
3.2464608119,5.1413375806212471
2.78463351293,4.4492480537136627
3.25245971832,5.0948190069604333
3.44925935508,5.4693484516060877
2.92353346932,4.615506812485525
3.73981632763,5.8013998894799679
3.40770639115,5.2489153288620871
3.23191399241,5.0802500915239825
3.80115628384,5.8029113709781779
3.64811768133,5.6780050601756873
3.80586600609,5.8571493549866327
2.56418953746,4.0951892598390476
2.60206706948,4.1472105455125998
2.70669270872,4.2968406891713027
2.78572692322,4.4864922960712672
2.52458687735,4.0976406331043664
3.71258919087,5.8305163323733149
3.35259521053,5.2094084196874268
3.53914557364,5.5473729801223426
3.38541995397,5.2916080143926143
3.11128084583,4.8466828889401334
3.12252464155,4.8541547619864964
2.6578522982,4.2289950895544903
3.50299564759,5.5134856009047581
2.94637236078,4.7083112476991138
3.81554382435,5.9107414632555439
3.48562237295,5.4225788723140935
3.52674696135,5.4511300463188759
3.20367326263,5.0674870576550211
3.16044465107,4.9531036155370192
2.62415112085,4.1771025943305302
2.65681830483,4.2439537453501259
2.87820765279,4.5415245054156044
3.7676997184,5.7931351896805738
3.18145173135,4.9729111662992356
2.99087242765,4.6682932790416682
2.88405455031,4.5269836676153421
2.84019359824,4.4896663310063074
3.65959775622,5.5715223478050904
3.38829139172,5.3084713784681021
3.58355148689,5.5792057035745
2.75307905305,4.3510056044935927
3.74113425096,5.6839187656520034
3.2979723687,5.1928517121272693
3.35077579031,5.2935645580943147
3.52012642596,5.4154687947766202
2.60047569186,4.1323548626705078
2.75721690047,4.3689000110706342
2.68409567609,4.2751835863959755
3.57353900813,5.5980803274310933
3.41668831332,5.3318749790293349
3.36854235076,5.1417344764867332
2.89791610757,4.4907004222128286
3.85259240689,5.8812158592981234
2.49487631225,3.9879730653506149
2.96904646829,4.6912080769917495
3.34946958172,5.1828351547652591
3.65250746452,5.6584764927673206
2.58610696172,4.1451487818736048
3.10019915654,4.83976487554248
2.78179290332,4.3597620177404028
3.84712927623,5.9579290891232413
3.11123514528,4.8420230870093555
2.83889792029,4.511625598972401
2.7817781408,4.3813270079221844
2.76845623976,4.4526971639435997
2.5081303314,4.0601313152471254
3.11873688183,4.885630044275711
2.51564730106,3.9939989842990125
2.99233473277,4.7108899567259197
2.83957417381,4.5148226855117279
2.95481937288,4.5489721798132825
3.01208816153,4.6829949450445065
3.38251895655,5.2150756450995353
2.60032716446,4.1679365937739217
3.67597203447,5.7001988683137093
2.64404922787,4.2398992250811061
3.07239109404,4.7713076108656223
2.55753698971,4.0995887565798279
3.33276376215,5.2427823249146099
3.69642187112,5.7651804867639607
3.43952689308,5.3527905561706639
3.48506974112,5.383128485138279
3.67640515341,5.7856116708722158
2.89409893868,4.6692671677065318
3.77591239466,5.8404253088223639
3.53077732844,5.4529129941056969
3.31610762967,5.2446004973460134
3.2811965315,5.1405502793853364
3.84135865626,6.0076236111298504
2.76915804635,4.4099433605743252
3.07874473384,4.8757850157983178
3.8744608668,5.9325174993963525
3.20953262813,5.0595932841744142
3.24416535563,5.0276598612224985
3.33758125933,5.3087024450654337
3.32159685932,5.1342153757541489
3.59647116081,5.5994419545746474
2.89346875649,4.5810964061340762
2.6428032118,4.2886071118336595
3.56357553252,5.4766857337127011
3.01553106775,4.7673527647635501
3.2306575273,5.0607459597459448
2.74064519602,4.3457987037737773
3.15487642361,4.9411556704018729
3.52103065958,5.531562278826673
2.65335251397,4.2891974536059507
2.83774239828,4.5052720156253585
3.38942479709,5.300596453762668
3.75000197167,5.8552013593989098
3.25798214528,5.0464680983214327
2.55675916611,4.1027845599356487
3.40796966585,5.3122006358619709
2.65620280874,4.2367468940892117
2.99120988827,4.6513159520251879
3.76331919824,5.776166042360102
3.75924884227,5.7916547907069287
3.81473151723,5.8307694552604419
3.22625046359,5.0268220031471937
2.96475754406,4.6966111907699037
3.53851153398,5.4019487349538577
3.47353565862,5.4257477027576266
3.42040592002,5.3936543912896484
3.59325375002,5.6060047839260561
2.60029497902,4.1296727843870462
2.78602162899,4.3786978750083048
3.07970830588,4.7568199911774434
3.43530299283,5.3187891338293252
3.65178030301,5.6526360635944286
2.51575955129,4.0284690439938631
3.48444273847,5.4328621655582205
3.74887510851,5.8666608097356789
3.84085060237,5.8312892267147163
3.20208069172,5.0180843433177715
3.88455932102,6.0620474424704227
2.65262061844,4.3041391535215885
3.4791466082,5.4131975138644544
3.13969943825,4.8291556978486367
3.52793611492,5.4975427599123359
3.35218062476,5.1768334911752723
3.02590758563,4.7539374039920324
3.48409900133,5.3995051895819044
3.73331744013,5.7574299318261382
2.70369932456,4.3653462713232729
2.9146872593,4.6913449499900279
3.54848056883,5.3922083158762826
3.80851483365,5.8619130607761054
3.08480222,4.8269218991674672
3.25300982045,5.044142588535629
3.56242726901,5.5358723163090282
3.64501138787,5.6666878075562064
3.52738520357,5.4487590472790304
3.64473040324,5.6845998661729658
3.78740614537,5.8224388044823661
2.76692063267,4.3806648593830699
3.29156888516,5.1532428799111267
3.32332832632,5.2212139829031843
3.65938527858,5.6016140647260473
2.58241140916,4.1359503549864618
3.09297486824,4.8652372830955475
2.90309222091,4.638307760835219
3.57493128869,5.643363339140226
2.6607729504,4.2092300675975913
3.74244850364,5.8843430085201147
2.77047042113,4.4592524224723356
3.53512281443,5.5235882364435076
3.42238928037,5.3376293452321253
2.73561540583,4.3245836645172462
3.06556551569,4.8246088086318188
3.48611860175,5.4908113707858046
3.34556294465,5.2840357954715822
3.21377405848,5.0576562044839966
2.92288878452,4.6450546286101169
3.13496829831,4.9093045150498815
3.69501231165,5.7771107275800659
3.8323221422,5.9348529436463346
2.68684405087,4.2486732680164145
2.68578314258,4.2952592371261762
3.23995484131,5.09238279940545
2.6924281199,4.3004568523239746
3.09983161858,4.8348528399419877
2.66848809642,4.243117258663947
2.93887894863,4.7662012710538413
3.6679062435,5.7035484021228271
3.40744864006,5.3186045760471155
3.73269407603,5.6704565312021522
3.61613583074,5.5184134796168092
3.36849433185,5.2315648575281291
2.79879111596,4.4530975272841342
3.53134458155,5.5364584348633663
3.14266295025,4.9421211949814632
3.50968924007,5.482758813349121
3.68397229749,5.6514134335122801
3.14007586259,4.9870424410578709
2.62696635582,4.2227341754093599
2.71586739683,4.3220375459994322
2.53038269903,4.0270529929822727
3.68420644826,5.7917453796497034
3.69128533957,5.7000615441154228
3.80681641463,5.8701829065766873
3.64789028158,5.6935941423039713
3.60186464734,5.5633620375776092
3.59606125104,5.5865654840680126
3.14896568283,5.0236665351405634
3.7623828521,5.7397424099275671
3.12545669184,4.947074336458785
2.7572075056,4.3344191575979432
3.2919695284,5.1380792251582106
3.72969156762,5.8668832831552056
3.88167669111,6.0106713188059731
3.62158406671,5.579977766072215
3.2158135091,5.0772721261167026
2.99186203119,4.728594914125444
3.03470610217,4.7782355783303672
3.70827452705,5.6830765332543631
3.42590599353,5.2756628298419157
3.03927020389,4.8251793110916328
2.61513142198,4.2443873566188177
2.78215100838,4.4287678066733092
3.46044446797,5.3860757844811804
3.29089522138,5.0952524311424074
3.87536676327,5.9264789109346472
2.63581383575,4.1936460437999337
3.19098930608,4.9812020098409109
3.4578404405,5.4333789204310623
2.62718261183,4.1143529257482125
2.7197463197,4.2463410110425448
3.81587929972,5.9839576938531334
2.88419253489,4.552409191290903
3.43277585653,5.2760378251916498
3.01797342113,4.7587459677899382
3.81331741577,5.8243741563493883
2.79474330032,4.4576103229786455
3.74586051093,5.7751429323361894
2.71826344555,4.2751168515536886
3.1051526717,4.7985833549286268
3.17719656678,4.9505380790748941
3.44906810484,5.3892301949000876
3.48654479448,5.4198786252103002
2.7801138614,4.4217247739953374
3.70272395512,5.6886131087608192
2.77495437074,4.4066859036511454
3.47778637128,5.3729930990946215
3.47462143572,5.3118879248564603
2.75456499807,4.3941786858145475
2.70852136216,4.2586254847938401
3.06551048596,4.7484952097526705
3.38410661704,5.2820952488746364
2.6176524678,4.1386637650921374
3.18054841387,5.061975369033318
3.29670101155,5.2760437622546918
3.13248440516,4.8259532953422548
3.22755624101,5.0093561391031409
3.73731183055,5.788713978049981
3.52168438147,5.328392718871501
3.01395548221,4.80470344470202
3.17707366937,5.0035833277892037
3.7656562043,5.8742931990728069
3.59544518355,5.6527863835593166
3.53200639545,5.5345643093228567
3.02222264706,4.7615209735834432
3.36481912835,5.2501296235329953
3.24012617648,5.0809627115824769
3.8167176807,5.8839402003449734
2.53051686946,4.0956010928373123
3.089902584,4.8341168326972657
3.40048421258,5.2905711080208331
2.81904745299,4.5161117990191242
3.39040907784,5.2246728601478072
2.8750782726,4.6303261702923644
3.08808236276,4.8713537032265295
2.69404906077,4.189613243813648
2.67080579193,4.24300797247788
3.38543101195,5.237687169401962
3.0637526944,4.8407081079231169
3.41149167611,5.3964974735695472
2.94394174732,4.6366954521179169
3.09925985347,4.9348242852030202
2.98347644529,4.7783422736949737
2.83194792494,4.5443069160150067
3.16765470113,4.9053658881711151
2.76486124079,4.3806266942029017
3.0229732971,4.719514370692969
3.17821322585,5.0368373800107902
3.36257199488,5.1979961821836573
2.97572099718,4.622522199786415
2.81117627814,4.3917625914466001
3.43982148815,5.4162552633841248
3.78703002228,5.9193264262897332
3.50150343742,5.4973874236505269
3.50761322161,5.5051483663626088
3.00944641821,4.728300569564448
3.17371760233,4.9803728821264546
3.55340576829,5.4862098777104071
3.85649582917,5.95073198635842
2.97342183019,4.7426557197312951
3.87413564903,6.0584198707950092
2.96918993881,4.6929102854760734
2.93225599854,4.6862521674709035
3.37060818781,5.24643091573075
3.88357236856,5.9144319943957919
2.89474146573,4.563481825294109
2.77531120128,4.3524239458391083
3.15819752127,4.9367999384697665
3.71734307613,5.6815464593999998
2.93097834713,4.5380407821395359
3.53013809309,5.5614179048503987
2.62721571306,4.1610991105974859
3.27518293073,5.2091677034770969
3.21193468576,5.0712875418192649
3.59686433454,5.5864482049564037
2.74371561066,4.3078114813221102
3.53970887839,5.5092634935611864
2.9021891142,4.5831331927622303
2.51052617761,4.0600497793080885
3.04366361379,4.8747559652125441
3.77452529719,5.8150037969032979
3.3904625809,5.2400638896206644
3.77196670423,5.8813359629808426
3.74322722489,5.7087404876834018
3.52963838117,5.4908636651434168
2.62756556384,4.1171469606241873
3.85058474119,5.9733400171147411
2.93598387048,4.5900300709242234
2.68935148467,4.2654470664453195
2.53390104396,4.0589498959604606
3.00537106933,4.7537114224119819
2.63088791766,4.1728512878063215
2.76569996687,4.3970753208938254
3.49267903263,5.4108378443275695
3.08635599707,4.8210266678765556
3.55568057149,5.4716408767915929
2.72742688192,4.4432384866713388
2.9057792294,4.5829788278844461
3.50290987404,5.4442591049519526
3.26707292113,5.2306403860483321
3.4540235975,5.3467665088917986
2.72369396499,4.3126365919843979
3.75308057312,5.7330214966908599
3.70570330532,5.8426774384672058
3.44137898565,5.3004603484587118
2.9916977411,4.6773788430848606
3.15271818563,4.9435227756351727
3.74785096978,5.8081916591150184
3.35294533379,5.2352499667811312
2.70873350051,4.3324145072423219
2.51824233277,3.9977046089164476
3.11824829157,4.8953945323323591
