k,omega
2.40672182446,3.9888352231795712
3.20354903039,5.1183485362400303
2.56310580917,4.2601009196633886
3.17482720231,5.15703746538688
2.71488918809,4.4730187503328258
3.6636599031,5.7973815695876576
2.77073597932,4.5653870797405531
2.59316075732,4.2600150885081529
3.23411386815,5.1691052501619925
3.34399678159,5.4149720579065104
3.50932893321,5.5295328864158311
2.83113817769,4.6056018048049774
3.55605104846,5.7227546872150725
3.66763346581,5.8955485326078598
2.88728811562,4.6750132527640806
3.20146641926,5.0612551304651889
3.23234144441,5.1821794304899544
2.77882505034,4.5215074320928812
3.5324698173,5.5841965125234161
3.50606403971,5.5209507841089849
3.33146237691,5.2673725222112822
3.62952379015,5.7042630874456455
2.59749869008,4.2405193607635958
3.63749870506,5.7857313108941035
2.51163336159,4.087046713616183
2.70033347314,4.4378692180794816
3.16618089418,5.1222117106135618
2.51409086134,4.1695867140121221
3.46281468703,5.5429704922837733
3.12858363638,5.0862304613019127
3.50750628802,5.5423445064893437
3.74169826656,5.9165102297058292
3.42122803383,5.4442949930090379
2.69713968471,4.358489989235208
3.40915815561,5.4685326809316992
2.39675041715,4.0583999639326214
2.91328614916,4.7273588320653737
2.51171394981,4.1632918986863015
3.27833568454,5.2720809453184714
3.77431475611,5.8958823317746729
3.79132953037,5.9444207918995646
2.49621939053,4.181576079789223
3.6006324252,5.7669850129912374
2.89103957407,4.5745890941989167
3.63889881145,5.6435869248163106
2.78782530627,4.5635724078080919
3.51627282611,5.5494951817341382
3.47146214243,5.5161757953066441
2.49264203559,4.1931978114848407
3.03887132567,4.9598980101209085
3.5686962467,5.639788919196552
3.3431665737,5.4104058954506922
3.11513723956,5.0665972027924955
3.77783796354,5.9982440259127356
3.74362378617,5.9190922938894994
3.13923414948,5.1344906091361944
3.73175387021,5.8647230776928359
3.69037652855,5.8060408169045097
3.66781588962,5.8871416830794123
3.16776480087,5.1055461173360497
3.09399861212,4.9914936550799602
3.70686162402,5.8366554353103179
3.36124625372,5.4306162502564153
3.4197664701,5.410152623081192
3.24323128234,5.1421815634044785
2.61780829107,4.3841496727790883
3.57851935469,5.6380922348655531
2.63381770493,4.2486877595016574
2.60013186307,4.3348008577806256
3.46108631668,5.5115746652143809
3.03579350911,4.8604196180574117
2.95100754456,4.7904135737560116
2.53643651427,4.1845067509188869
3.30284293337,5.24716667916812
2.62765744315,4.3100531535869653
2.43324463897,4.0553295503017548
2.5471867399,4.1464334693216234
2.42485394261,4.0147509869535529
3.14107346699,5.0645524532626878
2.51989408559,4.2175297743156959
3.81018640626,5.9745860887184046
3.47884641048,5.5022285048358555
2.68188234691,4.4660213702412994
2.56548549544,4.2572981300354185
2.51287220657,4.2167044191578738
2.81049098518,4.485346230402917
3.26603051428,5.2434227920581424
3.57615631861,5.6153156419395005
2.74376239447,4.4635614392788936
2.91521972595,4.7344137424440538
2.7107653566,4.4863876386268702
3.44807032763,5.5342879817514916
3.44034679027,5.5060662146386763
3.30554439995,5.2324786481993995
3.36405312406,5.4358954072926826
2.43116242698,4.0141312474456274
3.2108996516,5.0878103641031656
3.03149302189,4.9404501356983452
3.30541584012,5.2523231173559228
2.94613457813,4.7888595550817241
3.26030992104,5.2188548164391131
2.49588463412,4.1460301762321476
3.26619042859,5.1775825515806639
2.62351879287,4.2532087070962072
2.89536261621,4.7979921034687845
2.85146424549,4.6550766002599229
2.43866922284,4.1024355001265178
3.21773096926,5.111223369744625
3.69356313778,5.8187602302297723
3.09294214071,4.9875174496996726
2.67971768763,4.4207855322004566
3.36490869271,5.4924139420834033
2.66219263121,4.3689680585992834
3.65636259617,5.7631603907989879
3.64402855551,5.8117198279947102
2.5339592634,4.1781286710267098
2.63595637256,4.3730425716163399
3.02623987904,4.8354446505882942
2.40588012317,4.0012358114902611
3.3410908882,5.3231705403964868
2.42822260961,4.0020665169451082
3.54728956517,5.6330562557950561
3.29648179238,5.2266904631385813
2.67200456252,4.4335455314814167
3.26361503232,5.290022385330504
2.77554059786,4.5435696102508301
2.51828136425,4.1854095700686944
3.31855456541,5.2491834439367855
3.73056505229,5.8705419839760511
2.65100795991,4.3992758874826619
2.83886643804,4.6533250469184475
3.72425775286,5.893115069208676
2.57149292215,4.2070935449033353
2.41852418827,4.0851411262716333
2.51619677472,4.1652498558042179
2.64802529311,4.319945579389584
3.05109967692,4.9813152549941329
2.75620513311,4.5330692877933583
2.6346523589,4.4284759820125288
2.65747024118,4.4175631911188153
3.30868046587,5.2848807926503518
3.36305008394,5.355918990259001
3.59107737117,5.6607421809451042
3.50087453552,5.6058136358793265
2.52797191037,4.1660860212316493
2.49456638318,4.1757577244062603
3.11310761196,5.0772012042098202
2.94467056771,4.7179651740773982
2.64701706757,4.373251754368833
2.82863563836,4.533369234774371
2.64600420492,4.3469418670936086
3.24024952206,5.1343037007507224
3.19509181031,5.1064529596965329
3.34248433497,5.3171682540899718
3.55435287268,5.5451746346498236
3.7204568974,5.9160735298369547
3.22538317648,5.1656029278084832
3.37780223573,5.3546827749784409
3.40313974285,5.4312155172509389
3.17610012406,5.0535692370971113
2.75034502579,4.5281757659553223
2.82158421259,4.5788405242534722
3.66889215169,5.7732078842448686
2.43307216684,4.0466243408028735
3.34580964745,5.323211784321308
3.49547728681,5.5789626817750246
3.45241087515,5.5522608931577482
3.42724422057,5.4570918255083356
3.64499524091,5.7524349451982024
3.01154404122,4.8427589040679537
2.86593476395,4.7676882794344682
2.76305630793,4.5624470174657592
2.95660259333,4.7935785638734769
3.57456149983,5.5769901114736449
2.48446950076,4.1526777129931318
3.0774195846,4.9632976350128386
3.43857013079,5.430631060505859
3.05508116526,4.9473359589227019
2.59264221202,4.2971650338220391
3.03087763761,4.9134773102214417
3.20492471523,5.063534219290136
2.71125465409,4.4799003371534472
2.99161565587,4.7568875222942104
3.13516807492,4.9641663791508863
3.43262246553,5.3842326632612059
2.65992901764,4.4052538180911265
2.38103766738,3.9880378480557774
2.44220256167,4.1030042421756345
2.67532557246,4.3996914315586393
2.7794847608,4.5659303668877946
2.81809674364,4.6494533094006218
3.45902402565,5.5472519982459252
3.20432417328,5.1353171597616045
2.98154175265,4.8326388485124658
2.54140889485,4.2501834782163774
3.42781915772,5.3715665845923226
2.40251269919,4.0412768876425407
2.67903767874,4.4020307555329259
2.91150127379,4.6518223968509904
3.50432089577,5.5414987500838082
2.4773992703,4.0419806569640198
2.48894815872,4.1270753247776559
3.12220335593,4.9657318035134663
3.66586736463,5.8061646500664317
2.46401019658,4.1258954023471555
3.3464798963,5.3602913200920428
3.22495378665,5.1443893403950156
3.65073399284,5.856860661783605
2.46611855837,4.1121960090768743
3.40257567324,5.4416363434762296
2.95002845979,4.770761342158135
2.48677153263,4.02849121960078
2.61466576249,4.2179322350399646
3.32913875729,5.3196441771052365
3.58467473455,5.6949123188415012
3.7784395144,5.9761884847460145
3.41428727034,5.4337125744947938
3.45430082163,5.4236806151075712
2.50399041613,4.1119052137398615
3.26435144481,5.1137795736767222
3.47466350605,5.5557477626347955
3.45161581443,5.5165975649276264
3.80724083183,6.0323727076174913
3.51623543476,5.521394014499263
3.01630745639,4.884745445937777
3.75721922365,5.9090520244490063
3.06792463551,4.9901638857195225
3.60305803133,5.6526588773442299
3.132875782,5.0717386405537654
3.56635462411,5.7514509948109538
3.64231873064,5.7876578269133949
3.07870340968,4.9427589461379675
3.05051103233,4.9747227909474745
3.40514545747,5.4408241936172965
3.32797086865,5.2505474307321727
2.3802975343,3.9967727846836167
2.85792524402,4.6872009940200918
3.06503854783,4.9516681766720057
2.73804055455,4.5240114245560372
3.22694634544,5.1576287323283259
3.11512032712,5.0057401891444862
2.61673250848,4.3216204900892743
3.79693730548,5.977911467516166
2.91684155746,4.7230039156636598
2.49102873354,4.1630802798747508
3.31275218206,5.2597195999791158
2.9822128903,4.8628144852451731
3.54045181243,5.6260918714392849
2.88068325174,4.7000701298200074
3.05362516117,4.9046436521319867
3.26647637074,5.1557868908893338
3.30808879603,5.2581171355229355
3.29221697935,5.2029413527230224
3.04083502258,4.8508631610873296
3.15144967443,5.0152324194537421
3.72696220493,5.875034141612133
3.06651814969,4.9505358216064845
2.54539904887,4.2100536039980829
3.03206959383,4.8493742271698688
2.4813308154,4.121098035179994
3.49170246347,5.593374203125058
3.74388946071,5.8983101494353543
3.8096832499,6.0629719317122381
3.59640934659,5.7300472819669448
3.71097178264,5.9575819047553171
3.17426227456,5.1551466371433863
2.89235843191,4.7136022348738624
2.51136925062,4.1345193963729452
3.06358319871,4.9309382428142996
3.17414777661,5.172843676385682
3.3880047921,5.3817393220419865
3.30759253531,5.267401745703026
3.05165617224,4.8879262903718468
2.66509803571,4.3815024897444879
2.85035355474,4.6461675355949676
2.8923501005,4.754081616697694
3.37309849041,5.4846402668977232
3.59678807798,5.6573182066117402
3.61297502013,5.7157867390903014
2.61272965167,4.3384603382764979
3.01857148244,4.9171253638783439
3.61597329716,5.6344632030267716
3.21406241437,5.0593590176428958
3.17909978262,5.0109938996744798
3.68403526463,5.7928089693833797
3.11366655338,4.9162773243479814
2.8148512689,4.6197083147941544
2.6925040467,4.4373720079921632
2.93838134292,4.7834835724331013
3.32287521753,5.3437324042779775
3.41658443633,5.4446884626587719
2.72406810387,4.5541729308448993
3.6342259707,5.8323303668685194
3.38555987461,5.2703130157153817
3.14360103262,5.0425079754393218
2.87659957972,4.6697813498442038
2.92548014148,4.8577573497336752
3.49334702456,5.4757787048038917
2.57948001544,4.2863755101794005
2.50018029623,4.1250611701082569
3.75548692265,5.9350882699576202
2.9230241242,4.7361985641260134
3.70597513046,5.8752281227251784
2.64510603501,4.4206803698662931
2.87070298173,4.7128362307412397
2.40670390524,4.0540058024589936
3.06464280027,4.9334388357839956
2.63982091103,4.3101008624841235
2.49015520744,4.1094620647889304
3.72021624576,5.8262081623666973
2.56978903384,4.3139177096683623
3.67787059724,5.8675076768184216
2.94550192093,4.8260885367998876
2.88846009234,4.6765880793471579
2.48033016733,4.0893872975667627
3.55132613944,5.6464889125941582
2.45094104584,4.0945394601483711
2.42275733396,4.0442913412778312
3.70502351253,5.922021474381995
2.75409128517,4.4971309451159964
3.49507895637,5.5113747109665754
2.9094497417,4.6946518755500062
2.78028010871,4.5997951838917848
3.74445304902,5.8765782684979504
3.0901073939,5.0044640257393622
3.70699267448,5.8879869849387658
3.65971910804,5.8691005783690029
3.03259952799,4.9001127389631627
3.53329246228,5.5747562294007773
3.23700210178,5.2283970800471868
2.89123750179,4.7300097023489336
3.3197542036,5.3573135304625383
3.03720021647,4.825141858923482
2.65066123186,4.3786773822064067
2.99503260413,4.8469337631563523
3.56241782555,5.6781210721175794
3.56168210108,5.6598360430246659
2.65302833472,4.4052620638239635
3.50721740053,5.5652489525966278
2.79805973887,4.475121432100658
3.20697391822,5.2716437983500724
2.8379887501,4.532576933347098
2.87619736182,4.6817077135643741
3.34869075022,5.3593995748675241
3.26760138684,5.1869651014342395
3.44686382517,5.5442626062572034
2.60237401816,4.2944997977917616
3.26247446454,5.17216753754224
2.66008597328,4.4289186547326107
3.19506268037,5.2394207848691101
2.76938863541,4.5396536981221178
2.88820960626,4.6435901082003745
2.47302382168,4.1262439402428397
2.46335056883,4.1620724248127114
3.31618745313,5.2770021319343723
3.23369358847,5.154693349483038
3.14614800458,5.0877268138977216
2.91212751417,4.6827213548289786
2.8820674889,4.8004000164432661
2.75306976973,4.5153617458699413
3.22726468347,5.1625910304475511
2.51064904595,4.1504105579789536
3.23622776867,5.1518908930329372
2.85966996147,4.6686584158406514
3.72759291466,5.784331768536692
2.40666386663,4.0355497751855447
3.62616387841,5.8557919707110395
3.3367571298,5.316978407264199
3.22043382913,5.1297120600733832
2.54259144649,4.2539910012198305
3.62966373561,5.8260096370301779
3.39192460881,5.3824219088647389
2.46779892368,4.0725096540219736
2.63350484173,4.348309317085115
3.35970494881,5.537973594674634
2.54156015079,4.1921166792390405
3.22031063196,5.1375105341023941
3.80079917491,6.0686784498572992
2.61189556393,4.2574003216837992
2.74840139977,4.437943200740218
2.69951580765,4.4202368095396789
2.6876839421,4.493703967081963
3.64884775763,5.8995677144231022
3.20475324342,5.1884029501980731
2.67108752663,4.3235128844216719
3.0572688147,4.9621436292846814
3.22266725017,5.1293382586615168
3.76930910771,5.8968701236211816
2.45818282001,4.0510316694484825
3.1734759919,5.0849051144419537
2.54315031585,4.2145149925109662
2.41513797759,4.0213695285675222
3.09416905695,5.0405435428060823
3.44915523283,5.4932151413627617
2.95717467912,4.8273061592121431
2.8264343341,4.6054635586658126
3.49681508391,5.5833520970487873
2.66765609558,4.3916813019595766
2.76580384188,4.4648623031365018
3.26336003989,5.2231363242642272
2.42183139203,4.0491655619181319
3.21988740139,5.1811548989707346
3.43869790909,5.42159079721847
2.57136007865,4.2436058947201998
3.69480583121,5.807317522718388
3.61970329801,5.7632918253735959
2.47771674757,4.1066292715822321
3.38875489472,5.369061709380416
3.39652857129,5.3610926232517269
2.7369931098,4.4759290446210649
3.04544590251,4.9253553711955158
2.65861857383,4.3401929534530526
3.33080206993,5.236701244906409
2.5925934717,4.273131435056488
2.43452580826,4.0623181247275557
3.5706159227,5.7209545507976856
3.29334558526,5.2914517329246307
2.42724147037,4.083101922794711
2.60186675634,4.2155654968160734
3.3950118524,5.3766166894273812
3.07830575818,4.9887215816250174
2.70065488042,4.5001593990818112
3.15723093406,5.0783988401023654
3.56802202692,5.7063302213756106
2.65767189954,4.4358553013652733
3.08341196226,4.873598354396929
3.62338820808,5.7428670295674777
3.05426976968,4.9521692758036826
2.63142587653,4.3315661807760746
2.74551764056,4.5235447752536571
3.3649402607,5.3518378118306398
3.61293217642,5.7583940550357218
3.57388058141,5.6772974328538268
3.62604519133,5.8559408076242327
3.67256864855,5.8626606369036249
2.70208710341,4.500911939467291
2.67500791096,4.3374386071766491
2.91513000495,4.6480282568287139
3.72375742014,5.85945023357392
3.27402058976,5.2585933041415203
2.9627133885,4.8718462875114952
2.41064584017,4.0598788231691323
3.27887891439,5.2304847022387975
3.39087031157,5.3182439054388055
2.80649647564,4.5414125049008849
3.67143054048,5.8622579391384635
2.5439921903,4.1767788926517113
3.47503054894,5.4947118090112115
3.20502530022,5.1670210510747516
2.67041024468,4.3745839733938849
2.86424149915,4.653370572818436
3.73651626835,5.9701435111714565
2.72233348573,4.432853365088854
2.92423110035,4.7083191560952375
3.4480377144,5.452761779308112
3.56736967028,5.5559776542964521
2.74951919514,4.4124219189147524
2.84836448436,4.6380512222589667
3.33009212446,5.3613674590821256
2.99935845982,4.858249464171295
3.41780324499,5.46173473643299
2.87518256902,4.6563931611582623
3.38051611556,5.3751949050558077
2.67063178969,4.4114880321106815
3.47432807638,5.5000892385835165
3.11521205955,5.0120525990017901
3.63782955717,5.7933340094160002
3.66929462061,5.7711001532003792
3.68068640563,5.8374754313511117
2.88124031387,4.6954387482011262
3.54372482274,5.6649399371696116
3.46483268988,5.4378077571881223
2.8061021279,4.5639549086886131
3.01826272545,4.9517363450035043
2.838967561,4.6231504738794511
2.494328599,4.147374107137165
3.28878878799,5.2338859578573764
3.79589795757,6.0430949973957908
3.3230485025,5.2621958083187597
2.66822410813,4.4440409173679774
3.04339965335,4.9020254805096659
2.75659286398,4.4563822172397574
2.66808579181,4.363673056416129
3.09682425364,5.0288536856663404
2.49531440326,4.1182331635386342
3.62742306923,5.7701320100973783
3.41236154464,5.4813070710561576
3.0645354282,5.0177940060339186
3.81177658449,6.0675251582163066
2.960727478,4.8103107696641079
3.11150433624,4.9535735714159363
3.39771176659,5.3555253515909031
3.01407723869,4.8399640321133512
3.6285622491,5.7569212382315547
3.09552263962,4.9685545540778087
2.41617253542,4.1078886280198326
3.75654913683,5.9901849444430875
3.6413833134,5.7321245241173893
2.75577073002,4.5178014779048015
3.18499931925,5.1873579215541694
2.95903433586,4.7720204922253187
2.55385246205,4.264008773940362
2.62284145595,4.3254857722087401
3.42813743265,5.51312791321212
3.59447305531,5.6953129525710091
3.77355002163,5.9834443261321351
2.835098345,4.6546820860032829
3.69537403123,5.855054006662356
2.7461145575,4.5557732092888594
2.7573331489,4.526308683787077
3.58051482916,5.6941756770675687
3.79207185876,6.0321818974231611
3.76740478939,5.8796601694847013
3.02887795537,4.8538691036125492
3.57146390784,5.7298027088532555
2.53405702926,4.2506473859494163
2.63845167254,4.4484947647238862
3.42026598244,5.334180455137072
3.10662301782,5.0200258601907191
3.24658250917,5.1708538191648659
2.70049154451,4.4010517384076229
2.46993560521,4.055352873915516
2.68533808082,4.4628349562429994
2.62580672284,4.2853094413773656
2.8824377352,4.6625295209181905
3.74174696408,5.9072168722828344
3.2065056,5.2686322062932316
2.68382734218,4.3279483513773007
3.79405526766,5.9807429959847171
3.58623658447,5.7529944193089815
3.36693603688,5.3634224157662018
2.75066467946,4.5732860354648519
3.1977754146,5.0902138776020545
3.24560049116,5.0345555812072007
2.88602033089,4.6106830209291045
2.89452904628,4.7087047016835468
2.45197448879,4.0940698295782934
3.07683202994,4.8548162432926629
3.39595894216,5.4445964764669732
2.73161484671,4.4572438031455066
3.59778675112,5.6717386823764189
3.58753838515,5.6292594112644636
3.07793624118,4.9064737932817799
3.05582450047,4.8988871357625499
2.50587241812,4.1789865722791566
2.40436623783,4.0965073476851037
2.85541416334,4.6452129718748019
3.2421455075,5.2804821766965855
3.68313999898,5.9332727201257978
3.04871740446,4.9333594268427436
2.79599578719,4.5810281891425078
3.1782766107,5.1189186620307199
3.07456075672,4.9720210600783705
3.01609491948,4.9205569333711709
3.17641316743,5.0486360234998529
3.23310753701,5.1688765911877663
3.76577611327,5.8799654305500102
2.90025485342,4.6359258074934413
2.44385507926,4.0625953580121443
2.53288979975,4.2434907189650906
2.60213022174,4.2751053957409679
2.78001265959,4.5779586927187896
2.58997155506,4.3213787669151698
2.85013152247,4.7352894166773121
2.78299242284,4.5013744432217182
2.3948942543,3.9746109421906559
2.83310683843,4.5158869015738592
3.22603512605,5.2079892900117057
3.67858035723,5.7891377403226514
3.35789051326,5.4835982182191598
3.52080376108,5.5347041360636062
2.87527576155,4.6209346713549886
3.22182357089,5.1972857590091488
3.64626085349,5.7894385021175543
3.36267231301,5.259337690958203
2.99642616412,4.8104476874558948
3.76437699027,5.82796255288173
2.52749494104,4.1442705439310892
2.89784820507,4.7406510098923702
2.6328172471,4.3278975389066483
3.61551406494,5.7001836029703776
2.72243051815,4.4875430755661272
3.78219597682,5.9104580867720902
3.44982608323,5.4796444608409303
3.50257191005,5.5969449493435297
2.53806785859,4.2360559507146247
3.73373971757,5.9590483745407123
3.61950053471,5.7301096914900214
2.75215257303,4.4967117647609118
2.49950940677,4.1460815071249311
2.56715346888,4.2592004282930809
3.51781528646,5.5985083552508446
3.49871790814,5.6063417704153196
2.46331717667,4.1378180999109642
2.78090438554,4.5920822514670281
3.51394769853,5.5032577953982527
3.43645433687,5.4372311817158501
3.10914769521,5.0271033041880937
3.64057930665,5.7028223504162172
2.68300075417,4.4155909070835415
3.24351728596,5.1588288576748864
2.68862549739,4.4244811213176316
3.01228134696,4.8702484281774021
3.50357573586,5.5663071780529245
3.58751017515,5.7011706926684091
3.35470100797,5.3296402991175942
2.50743093242,4.1173277653791862
3.38261026663,5.3782328642898305
3.15035886508,5.0738999582309114
3.7457764975,5.8708209554124009
3.72236913773,5.8436615445221953
2.82296572577,4.6425433764940811
3.70171842824,5.8023381629285984
2.76171941439,4.5515514589048003
2.67461442384,4.3703034449233016
3.5383800501,5.6109192987177483
3.31020533949,5.2149884766681049
3.13601872998,4.9839143232249628
3.66306027761,5.7595083305685666
3.02484998152,4.858899263763254
2.44793617144,4.0996402081006256
2.65193085202,4.3334817436436239
2.74268455248,4.528447327882728
3.76359679636,5.9421905100195449
3.26127901784,5.2140003518252636
3.06848608886,4.923829585679063
2.65734040101,4.2974366133839883
3.64341439594,5.7965096226337138
3.0109290059,4.8125071330144928
3.04733562123,4.9223543682559727
3.24113893195,5.1533108793280533
2.40504141162,4.118705992651452
3.02946668117,4.8745964279399443
2.63582035286,4.262580008670942
3.61681661706,5.6634605876006594
3.78043319489,5.90479288052867
3.42394484101,5.4564495276830529
2.62257485056,4.347013182182347
2.50161114312,4.2100904970112492
3.26900980494,5.2546714287067546
2.44353953416,4.0675862054509206
3.30024982036,5.1894774896894509
2.90194823728,4.713842059101915
3.08728978774,4.982837360832411
2.43518727177,4.0717655551615666
2.86226758666,4.6886925095977174
3.6238007115,5.7819321202890306
2.79437578009,4.5489750787995407
2.77877960751,4.5877502572657338
3.22952777872,5.0665143950313274
2.92018269782,4.8167229603424007
3.55418539115,5.6159931558005471
3.11560389544,4.9091018863438567
3.05254152682,4.9615599254557567
2.89678083855,4.6641380575472091
3.25037702327,5.132990531832677
2.98028406581,4.9600272433074082
3.35134788015,5.3404748123860868
2.53131693293,4.2023715897071945
3.30449753044,5.3310752162121871
3.06984373002,4.9653771566707441
2.40948393969,4.0074823606234338
3.5865911526,5.7082580010869366
3.55733340465,5.5547213601532102
3.454791738,5.5257989956675626
2.4727469017,4.136280154903651
2.5523167685,4.2734187073149732
2.51625399591,4.1591945825211223
3.62820604471,5.764362741269669
3.76200003973,5.9401527364882236
3.38813049995,5.4958046229390138
3.4589961826,5.5652439142938119
3.17843133778,5.1446179085404768
2.86383389317,4.644850095108489
3.73102712866,5.8477055907237325
3.634382459,5.8204756063184409
2.55116401632,4.2893702525188067
2.46578049475,4.16292383194775
3.38436849783,5.3382701110477457
2.57865235619,4.1320703805423866
3.22991751041,5.2571286588551223
3.6067558526,5.6355872734540444
2.85309582827,4.6122576416419614
2.87830617886,4.7719422507810725
3.16935062844,5.0627510593786234
3.60092166361,5.6408335796461913
3.14921314877,5.1221745685063969
3.7205479391,5.8679709961912376
3.48193798042,5.5070902608222614
2.43589613609,4.0742380088445813
2.49034183305,4.1319547667363272
3.72465744628,5.9289707696890614
2.43303221696,4.0486097021376866
3.33330387662,5.3421790105343394
2.97170378005,4.8072446837821303
2.90994263593,4.7374780300564963
2.8924146352,4.7908879298601184
3.41093759242,5.3641871232838163
3.30384997291,5.3480570214724921
3.06963541059,4.914630501799925
2.59803640253,4.4011871879956894
2.68232429892,4.4967256872915584
2.55035281028,4.3417132839759072
2.93372690013,4.7141562607271226
2.46622898769,4.1306721081204678
3.64183563281,5.7779218955715841
3.1155144461,5.0927017889170916
3.50043601235,5.5142652945961412
2.95998785813,4.8279395095455628
3.45131758538,5.5419371095792691
2.91751421738,4.8042370889941175
2.92475719866,4.7049950267364089
3.26046325646,5.3500548528874345
3.6908091459,5.8816658277286651
3.45817607863,5.5127519832955976
2.53930004627,4.2635200530378743
3.51346264771,5.6173516485475119
2.40187096783,4.0655010162109217
3.09590927262,4.9969467881261336
3.4369540156,5.4744760622946584
2.85309123755,4.6643684730299793
3.35225865327,5.2855485454666606
3.01324065708,4.7163307093575764
3.21846303004,5.155346069621813
3.32762667232,5.279096046401536
3.76210830005,5.9072964628861193
3.0409460357,4.9168274081964949
2.88480384787,4.7314371106239186
2.85896209291,4.6962108810339913
3.71797670343,5.848870326568866
2.75293065637,4.5476855983241427
3.26928629595,5.2466060050184122
3.65112155652,5.7621640938877592
2.79907351122,4.5822300060908452
2.76476653486,4.4233854552027374
2.70519355082,4.4865233140800651
3.31752695385,5.24537687931271
3.46643312342,5.4981714996007076
2.55237037303,4.2275491962194334
2.51321019502,4.1615279647030832
2.91361611256,4.6638029364289295
3.05684988564,4.9532028593403492
2.5467380675,4.2063304543825542
3.12971972922,5.0286429783549611
3.35773203464,5.4135720352495982
2.66790504055,4.3786441451366231
3.30209705828,5.3201732354001772
2.9498297253,4.7505776552865155
3.34191096048,5.3445469233201752
3.3011599058,5.2362800089786212
3.68443142432,5.8883032721964979
2.82130623678,4.6285204027736242
3.18295091561,5.0065324816517727
2.95902046817,4.8111222627721206
3.1515361841,5.1257097748558698
2.86196779428,4.6462030009512558
2.91529259976,4.6989200161054914
2.45153439821,4.1951334562183229
3.64282853841,5.7214512852818071
3.51989229052,5.6249821323625264
2.92673734144,4.730190434047727
2.80386853306,4.568680121398172
3.37561514749,5.3098600608354456
2.53579630556,4.1844567372674772
3.10304969151,4.9219328824600312
2.39872525874,4.014052302549735
2.61422575355,4.3396808127029765
2.96728630371,4.8478608096704061
3.48930779587,5.5288830951406895
2.99386504516,4.7786191125264645
2.78157368494,4.5266423117092192
3.17192552996,5.1410150865752513
2.89126130824,4.6567320649906119
2.64068326294,4.313620614056159
2.66907569626,4.4639556189249836
3.00327032996,4.8456701497653567
3.20747576179,5.1114347052856939
2.57587624589,4.3062762672388821
3.65938627433,5.7768852670162216
2.81199819661,4.5704141026369731
2.89830815111,4.7322151563993007
3.7220147515,5.7361705972642927
2.53084314909,4.1751988013872054
3.31290567832,5.3555968248922374
2.94750887061,4.8316099781484185
3.27832434971,5.198502027559571
2.55241658022,4.2806625042281183
2.6322307454,4.3496679251302881
3.27594725546,5.1896326132206712
2.50760435036,4.1431096440705968
3.3570334367,5.3694571894232874
3.17098449526,5.1527955354045698
3.25593152899,5.3470397638774045
3.33877460191,5.3047125742093959
3.29143509381,5.2078273165373741
2.9824542819,4.8123968864762192
3.33872504707,5.2991309745183441
2.98063301131,4.7821165844358653
2.80135793786,4.6830519450543902
3.80251570338,5.9540430121473209
3.64354533237,5.7287532366926008
2.6934737162,4.4397348802911782
2.97903570187,4.9107825082838721
3.01718466908,4.871558363023901
3.14206798133,5.0774832104049681
3.51450308248,5.5936180397471054
3.56898850354,5.7094420379651218
3.71102679818,5.9096322059348978
2.94981342074,4.811192447442278
3.08888174687,5.0076452291595679
3.00770174652,4.9243674523829508
3.70102470143,5.8602131407400249
3.02592664614,4.8010499131747579
3.2455075974,5.217349096529543
3.28958284605,5.2097106837413572
3.77436192066,5.853974961613976
3.24278787801,5.1897681280725294
3.24689256851,5.2211838858103228
3.47445118089,5.4916945106722483
3.07294121539,4.9730995464555958
3.57830201117,5.6369725631155871
3.4087917788,5.3907707496226633
2.55419784792,4.2889699189441934
2.88624311357,4.7256224546350198
2.67825061188,4.3912959216746641
2.63754881959,4.3885286776776633
3.70387936575,5.875084813386116
2.49966326285,4.1283892090042187
2.87370756496,4.6950920656888933
3.07301642592,4.9426480552115004
2.4544575459,4.0840237472163814
3.62377190996,5.6948824665993847
3.67920888614,5.8896292077205041
2.48623155831,4.1106992595779408
2.5949028912,4.2908135614048684
2.67857453411,4.3784192994643316
3.73078128055,5.9038953709732951
2.68081003888,4.39786586370513
2.53131620835,4.2081952145109591
3.12123708517,5.0497267721884214
3.72860684698,5.7942346208820723
3.47125681725,5.4839779104703057
3.80916754153,5.9113193256954855
2.70847028912,4.5044616678488385
2.79992937438,4.4999327944065906
2.81610898131,4.6145947106060436
3.48474174192,5.5562397853890051
2.75302904861,4.4643917227713068
3.79992695444,5.9112483213586824
2.99005825534,4.7889469221083356
3.66655902351,5.9107310105803812
2.88325509142,4.7147023944014075
3.43708627351,5.5060546851351369
2.59045463818,4.3424892351938764
2.97229403859,4.8409223050298138
2.76789698997,4.5681505261494131
3.47869607377,5.4987696402458024
2.38803369947,4.0200597251174468
2.83310874657,4.5934181542083854
2.7562907793,4.4789708466710554
3.29875066405,5.2416735962302328
3.09887045954,5.000131082944705
3.40681851048,5.3963573834346352
3.50874727523,5.6168144693612296
2.49053572523,4.1797876509176124
2.82739000239,4.6175279958849194
2.48143103404,4.2150731591087185
2.45779173748,4.1765983714901385
2.6369582958,4.3366952133536429
3.49157234585,5.5820693964944699
3.73063960709,5.8881109125723041
3.32735852582,5.3205849332515287
3.01699531333,4.9023510936383543
3.35715412638,5.3869407287108428
3.15837286895,5.1384573390499844
3.76098229628,5.922467454062029
2.85330090492,4.6513687531382768
2.54941391917,4.2123356548120201
3.17938616751,5.0854995278130222
2.72209963188,4.4747728181268993
3.6087076228,5.6846153849648431
2.91135212109,4.7747119443895345
3.49933484882,5.4926185114079855
3.06157459128,4.8600027583676795
3.33653879711,5.4485850052847873
3.72095415987,5.8592019590711377
2.69693045489,4.4498136587820651
3.09950747332,5.0058070824393219
2.95456275922,4.7300812354369386
3.46492542785,5.4326297256880665
3.37028960256,5.4612713955034353
3.5499807493,5.7162683416691102
3.43189920529,5.4419020356305357
3.19437755038,5.1408978788336599
2.44934894876,4.0674571747687454
3.33113217325,5.2596208945735894
3.18807756309,5.129333073051134
3.01257879716,4.8914853494886419
3.73353954427,5.9115887246684977
3.00238155714,4.9366131390287276
2.64401193307,4.3191705766611532
3.10519079806,4.94827106520213
3.04549649696,4.9430414018386877
2.96057038141,4.7060789185692684
3.78220784068,5.9603283992627114
3.18595171463,5.170527803914708
2.6849575918,4.4657524492295533
2.81415842075,4.6561237985903059
2.98755860364,4.8075409308867911
2.64825919492,4.3641928928942919
2.41675488867,4.0215299676360061
2.66413412758,4.3967290669534762
3.15494370865,5.0582566854122852
3.41257316331,5.4113951896786263
3.32364719899,5.2480545084302284
3.4534080394,5.5267328627996228
2.803302645,4.6053644662635387
3.70701134447,5.8663904085676704
3.31018468599,5.2741339068930841
3.7154112517,5.9121428710145203
3.64821714392,5.8380111783104427
2.40149160431,4.0744988928132084
3.78865985523,6.0142238657558309
3.29515212823,5.3454928157240991
3.46265425864,5.522010044870953
3.17508388845,5.1137986193664551
3.67489465641,5.7142320252841605
2.68703070589,4.4151253451205168
3.10789045261,5.0373698129357889
2.55421418903,4.2045635439624638
3.34744662041,5.3593322178847451
3.40215008334,5.3647565298882611
3.20506202646,5.1598801727055204
2.68356279726,4.41707604530641
3.09414018822,4.8717206257448291
3.08026824343,5.0109463152515925
2.51213168921,4.1460211934289672
3.53260588075,5.7078592528781886
3.64194096246,5.6052826166287115
3.57550326028,5.6233154602798079
3.51942133554,5.6128355012936142
2.92779002445,4.8385448358098797
3.79790387378,6.0852693960130351
2.91914010455,4.6115872796459794
2.47334731581,4.1263969625998964
3.05919518996,4.9447055133171629
2.40604686639,4.0264396612298583
3.2730206443,5.2045450156336983
2.81467475838,4.5577279972679152
2.67496665907,4.4103987132583553
3.72935750979,5.8813094613357251
3.44393501155,5.5059419531700318
3.11159635695,4.9379158039083046
2.85427383987,4.6372762492208697
3.03336321058,4.9244114628818894
2.39124182617,4.0899493823976885
2.74460022764,4.5304062763548263
3.23077304161,5.117353706880996
3.39030961589,5.3197829555517897
3.36618359036,5.3045505834284006
3.01687516773,4.9750265572043917
2.68288462938,4.3958436914762347
2.43952975039,4.137758749334604
3.46600289772,5.4382736267016094
2.75484429298,4.4304026595594159
2.95848984275,4.8007611644028545
2.40889462384,4.0312167979994413
3.53067101945,5.5786636291356944
3.78034113694,5.9589756377822098
2.45214037778,4.1621906890350608
3.1617256097,4.9939392452428715
3.56353497574,5.5685146058209254
2.49300390241,4.1484208313825937
3.25952154519,5.1662879103071884
3.37772369984,5.4456546612847712
3.02765588542,4.8589935326337024
2.71666381559,4.4381878371704842
2.53183246268,4.2042518644957223
3.02105534498,4.936628350853792
3.14801488035,5.0280010077895181
3.20990543089,5.1027105715542476
3.24815766834,5.2003565773634985
2.39253966169,4.0346144640732762
3.370374054,5.3845282178619431
3.7892937789,6.0097366264551875
3.64527968635,5.7864479771692485
2.79042815499,4.5952225002762539
2.79237002334,4.6443642561977612
2.64815537015,4.4361114093946279
3.66230839606,5.7994222581073291
2.3779374252,3.9775226361101623
2.85820298956,4.7515239878330817
3.04397284303,4.9269675714027024
3.0062534038,4.8375551340590501
2.46976528738,4.0916422824814909
2.94341242464,4.816840067947882
2.78432149741,4.5371334163251946
2.7816522421,4.5134120691285462
2.80564961852,4.5956636330367742
3.80492878674,6.073064999106264
2.93332464143,4.8589127062201998
2.55197922128,4.1823845791665981
3.19810866765,5.1796033227608262
2.69765791271,4.4001543410131028
3.80125310562,6.0212251250448618
3.42210072304,5.4303809719706813
3.54772903655,5.5034287938908522
2.69902655512,4.4326033342614561
3.74081874885,5.9173614968514396
2.42745131202,4.0380622819739251
3.21297000944,5.2059640877493623
3.75104572099,6.0180500931851997
2.84390625078,4.5442837046580777
3.43122414276,5.5539880114184683
2.62070979187,4.3091563993111004
2.93822218557,4.7719563787187429
2.54338541207,4.2493983357348135
2.42879810436,4.1076610778455356
3.60648878998,5.7282692327747995
3.48752415259,5.6639006766090443
3.71952175,5.8708091365840911
2.47585411847,4.1152305297992768
3.50474141093,5.6168162441689242
3.39263761811,5.3416433385658255
2.73176852271,4.4439036819303546
2.94157943885,4.7791165458653877
3.64414429192,5.7617290454003918
2.65098128296,4.3061225371697738
3.04965082207,4.9454258056085907
2.70909690681,4.4721666502484929
2.75024479021,4.4853818938200378
2.44447132288,4.0911194163195415
2.76224092724,4.5136645553854331
3.55760863307,5.5965468217185128
3.25798743106,5.239442660195845
3.75062091025,5.8949757899847199
2.41365170919,4.0578694188723041
2.79368661207,4.5218079435063068
3.29140489086,5.2849803916449059
3.60539410353,5.6850063203198991
3.29313132162,5.2934365167554409
3.36115406897,5.4016996691978401
2.79333721221,4.5119594041590396
3.12165476532,5.0258864733992636
3.48949237351,5.5895084428401738
3.35321677462,5.4084173681629073
3.22538854597,5.2210149652757307
2.41354261721,4.0042935409493676
2.4474965022,4.175089034610826
3.22127754936,5.1778049874755734
3.19945015921,5.1449642054069189
3.47602815688,5.4659153202193984
3.72196976057,5.8959921944034219
3.59208684209,5.7344644524473445
3.17281998481,5.1441863043608596
2.98490453404,4.8635157294389755
3.13279105731,5.0174834189024651
3.43350292312,5.4193171379042235
3.29132930948,5.2183734020922694
3.51702170352,5.5895197202921727
3.59420382629,5.6652306734983728
2.71771043756,4.4972505952028179
3.79868986327,6.0605890595938527
2.93292985555,4.6720665651645774
3.61680520858,5.8264256691585663
2.5532386788,4.2710255080747555
3.67012635516,5.6348443802879924
3.59849931368,5.681084620403368
3.68593507923,5.8036234442301415
2.5530791332,4.2240234608360554
2.68348831119,4.3761684330438246
3.52969092152,5.6460969160959218
2.41809441959,4.054039903292125
2.40088065251,3.9732872409920126
3.51632831722,5.5633777307465335
3.02421520638,4.8325661073630215
3.42373711757,5.5525343146763131
2.40095489076,3.9903415906973119
2.4763264318,4.0888613568405097
3.02493390459,4.8651126967538598
2.6520315585,4.3643438102373322
3.12005114505,5.0972038665352057
2.74021874844,4.446434027232999
3.39033018568,5.4344966623244044
2.56178823557,4.204861167417616
3.50575142905,5.6258006404642806
2.38701547489,3.9905224767535614
2.4243384436,4.1139746285785801
3.53896876115,5.6705643486138095
3.37236107331,5.4591103031714958
3.1715122272,5.1105587453036607
3.05511542821,4.9335236251864298
3.46989601992,5.5299275024659655
3.43600331833,5.5186827151695299
2.69760372553,4.4315998195285804
2.53521513386,4.2182962277175342
3.19727981188,5.2023637562885137
3.39234215173,5.4269320658086073
3.28623646338,5.2033374806797141
2.69859782465,4.4773934290537554
3.18469374103,5.0874836852043641
2.621127848,4.4443269845654365
3.47474918013,5.5394048673281153
2.70616332732,4.3920430513115596
3.50667356532,5.5400688672490359
2.81042186443,4.6236412126111022
2.69947301283,4.4167420675964992
3.27003802464,5.2651191363627472
2.95342491077,4.7627250283250557
2.39228875607,3.990489422808603
2.75762121614,4.4970558644050627
3.17463536361,5.1001479676397619
2.87970044979,4.7345881991976801
2.80598009392,4.6275529357878709
2.64075714526,4.3179462573202434
2.52691089938,4.1645279740602135
2.48955008365,4.2409065327840265
3.76504499094,5.8078947907031528
2.44222835774,4.0804493482259909
3.21591106466,5.1562282437775089
2.6611966977,4.3677560342289494
3.22669512632,5.1835747207645504
3.63747115729,5.7550477853411746
2.49435081558,4.105821236298496
3.1595118164,5.0511345699979691
3.76266558119,5.881422224514754
3.60124717786,5.6810016399302938
2.79292118522,4.5518844850442521
3.0235665938,4.8858560060773009
3.56253709995,5.7621490845014485
3.58690338354,5.7382829147004806
3.52087707705,5.5030004380838982
3.17991022533,5.0943513471387076
3.63510336769,5.7857238815582983
2.51514430031,4.2392747326178304
3.57001076312,5.7066218684739516
3.80567623281,6.0279072870405734
2.50581121464,4.1589248107876697
3.41662014425,5.520969458762357
3.33235149878,5.3364081909573375
3.59207646395,5.7458930931391254
3.1911662607,5.1755906091988164
3.27453382617,5.2103168669982427
3.72667014537,5.8916761095166743
2.96751189868,4.7800051499582601
2.75444084313,4.5234943825494645
3.07102429517,4.9257266108912745
2.68471125993,4.4027264272177833
3.52033456099,5.5727981817672205
2.8199751531,4.6456986133571956
2.97383916215,4.8225139614429358
2.38047786857,3.9944985363698216
3.45854636265,5.5027654883930159
3.59862906174,5.6986891732626166
2.7811632659,4.4925891244094398
3.63821406561,5.8823253455999494
3.09796338888,5.0284577418165295
3.17159853181,5.1254773239255202
3.08332033612,4.9193754104587422
3.65180393552,5.7714063423103763
3.23759294416,5.1821430364653089
3.8093823841,5.9812249339702719
2.95859616849,4.7618282571787329
3.15964450497,5.1207161475504366
2.71880988033,4.5120064281717811
3.71014533544,5.8841324506076669
2.56165051673,4.160980858224419
3.46809164438,5.4036800230249673
3.28994020667,5.3134782605073658
3.77582590147,5.9029516338578674
3.15003761268,5.0388451658648457
2.86674819795,4.6695859538379256
3.06025416925,4.9847692380010349
2.49817161772,4.1563502184004646
2.37724502715,4.0164634675317918
3.79154191191,5.8598530877855195
2.50895272648,4.1483742165937203
3.19460968395,5.2180003030830537
3.11373969184,5.0118856399408376
3.41003475151,5.417010110782269
3.14291321872,5.1692018678127001
2.39502196993,4.0294002418400536
3.42841632663,5.3886810138000785
2.97673877939,4.7928951238497906
2.55144384482,4.2468574708682523
2.88613235913,4.7201477203242979
2.38321561747,4.0373956137266935
2.78421950637,4.5641008433672905
3.29522231582,5.215317053097154
2.58729901811,4.2924383145735119
3.04369013317,4.9182531911069223
3.34229900636,5.2990340366108715
3.25253622359,5.2423252151533566
3.52119149892,5.5749612537847746
3.01136666514,4.8700418924306392
3.76845325047,5.9327989741882332
2.48226840433,4.1621304153399103
3.63378788109,5.75032946092752
3.29047016682,5.237798871459689
2.52878651717,4.2447708347894508
2.52486312014,4.1120085357656571
2.61735400994,4.3852211883216903
2.91798025283,4.7333971230109277
3.34264795114,5.3440961629985111
3.20757018634,5.04297543047534
3.79542648553,5.8671083591569939
3.07795491283,4.9449681081167567
3.11490962952,5.0104749022540629
2.48901769517,4.1926305519023064
3.0686139406,4.98496236214954
3.33439801334,5.3093965085228136
2.6877450535,4.4062539474161992
3.77301527997,5.903176485477065
2.87465598305,4.704160849916815
3.18868599639,5.1810537150196314
3.51440402141,5.5866546188955617
2.99617279915,4.8813816686640727
2.74966283299,4.5924414057776017
2.79345722458,4.578055399279279
3.2464275814,5.2153259426013889
2.57900649097,4.1785582797003089
3.64077721794,5.8347318611741672
3.49376962117,5.5348345346270724
3.80962732369,5.9463043388267796
2.64495471406,4.4156558383141569
3.31804904144,5.3236502996967099
2.65504616689,4.3984623990902776
3.37647744698,5.4368834038908105
3.42158335784,5.4102854072209077
3.5407480773,5.5051419769158265
2.87968361588,4.6767990928555792
3.38880937188,5.4440452968264292
3.1155104097,5.0489484061189076
3.45131744881,5.5345079458378486
2.54856464444,4.2555412310560286
3.18798362307,5.0880568663043695
3.55678318236,5.5122815608188915
3.41157250313,5.4247317347499022
2.95542755974,4.7629401623012573
3.71781792535,5.8921763185831315
3.80752285034,5.9552566447635078
2.6030905657,4.3657898192122628
2.50578823983,4.2070648063678311
2.67209067142,4.3363552221481152
2.90764114251,4.7154666683326765
3.39138700571,5.4463122866930629
2.42589004021,4.0151741174680131
3.25558795233,5.2025937296612836
2.43593376218,4.0541287076913886
3.04456703708,4.8693268266512879
2.70995107937,4.4460858694658798
3.29492462402,5.3643502023992236
2.84675885292,4.6356228597584819
2.66248801105,4.349936078171539
2.65497089264,4.3453019273892926
2.4738222571,4.0724518861025851
3.32989491218,5.3136749724247112
2.61880878231,4.3234084554986287
3.4077842088,5.3932124980658998
2.41335483446,4.059405482981167
3.09383364863,4.9508871938634957
3.40879449068,5.3789844429831222
3.17341329061,5.0546663593879453
2.43304200834,4.0692695623188238
3.18077275042,5.1182831026677862
2.40658516603,4.0143481117861377
2.39583659281,4.0047729665790994
3.58212460868,5.7029075858688314
3.39720223014,5.3465340864432926
2.79306960845,4.5555237964080026
3.32097740377,5.3122713707204685
3.18574170875,5.0825071492281957
2.49407007656,4.151939749257024
3.67445350319,5.7378174563279938
3.51115503428,5.5670098294286401
3.45345354628,5.5152502490432553
2.82403394693,4.583354053221818
3.45369185525,5.5276056128082303
3.67901738157,5.7767537718463231
3.31008026556,5.2124929313399662
3.01336845266,4.9434267212661798
3.44185630106,5.4312866391153065
3.33535781553,5.1964380411173474
3.35495646002,5.3448470662757162
2.76918425547,4.4819549117496047
2.82875135329,4.6010572547485333
3.10253174829,4.995690304683519
2.61647465467,4.344335228877477
2.49481265575,4.1650231327422089
3.5172966497,5.6593707384746121
2.92425018664,4.7094678056028911
3.21996750715,5.151492775841418
3.31616564532,5.3090110433131121
2.8020020014,4.5430911400614455
3.51575994885,5.6359061588153381
2.4986581981,4.2008342208664331
2.54644539313,4.2795494898575024
3.06620975719,4.8893934357909794
2.43771404981,4.1116748263625942
3.14560917807,5.0227645003247359
3.55450368376,5.6686927546825796
3.35570490419,5.371481970353833
2.83345814909,4.5826456898456494
3.68239825349,5.7777272690614891
3.44683473908,5.4895311956567863
2.70852994065,4.4153740157906611
3.74936741633,5.8836032586165716
3.0181025339,4.9049403692940601
3.8087556715,5.9831170040123123
3.22593679845,5.1290281310222321
2.52719288151,4.2160604794804639
2.86857523383,4.6986473505615214
3.30765443873,5.2072458191651316
3.5550376142,5.5543991685054159
3.01191082189,4.8244283540381314
3.5501592598,5.607476436466543
2.60194421409,4.3605426305739332
3.13046862085,4.9834327769951345
2.46674231741,4.0362419917711243
2.39852713676,4.0286336228465602
3.15283889527,5.0841612066726443
2.95304395245,4.7273471733008119
2.70611161676,4.3937062502014435
3.11588733588,5.0309734174582861
3.20895519613,5.1867161656806209
3.09109482712,5.0229710804667604
2.4910349675,4.1521846165959326
3.56662921608,5.5977590636263734
3.56905737434,5.7290462794343053
2.44644364334,4.1202773269876865
2.76195481452,4.5085409106526084
3.06258191221,4.8575123801813138
3.69248934939,5.8827082041080843
2.69417024142,4.4033787198063079
3.00500155076,4.8482989658629103
3.71465787408,5.8818248494614194
3.49281966634,5.6242250885378251
3.34224696638,5.3281823843274427
3.3180292969,5.2323964280919428
3.25800057416,5.2088410664122238
2.79160979944,4.6131452296247755
3.14779174694,5.0685357730348279
3.00412363576,4.8643906408358051
3.55133530123,5.5722969258001669
3.32468657435,5.3543434721083916
3.73860243909,5.9132382906453884
2.54755436204,4.2983403626135352
2.92920850684,4.7008521453405949
3.3215165887,5.2474712813904087
3.27048859722,5.2883135313269847
3.74378226477,5.7967092282748833
2.80944494681,4.6209492265063563
3.49645782887,5.527421388938965
3.44976102897,5.3801333559342313
3.75740138937,5.9688246641714571
3.09052407534,4.9352406244963412
2.47037829488,4.1738435796824911
2.71542379588,4.3923026941514092
2.54646484038,4.2306768483524468
2.51054741532,4.1074009622290362
2.66631991378,4.4437248655496475
2.94193488356,4.7979925894182003
3.42103662998,5.4741937824244271
2.82596856103,4.5741135924509448
3.79694270053,5.9838492469856011
3.61782969874,5.6910596028507987
3.75240957129,5.9203636817005707
3.33456015565,5.2602636167090058
3.75090185411,5.8726867834433332
2.98087089075,4.8216477747446724
2.47525070882,4.1530537178147018
3.64889066669,5.7566117259581322
3.07056644561,4.9508919793084347
3.6178226408,5.6909036454147204
3.31106817402,5.2505857906218543
2.71909484849,4.5268804722942164
2.78770070124,4.5632890334537857
3.17450625398,5.0871907904868952
2.75915952502,4.496580220824816
2.73342461427,4.472655414503107
2.5773360825,4.2603817438128999
3.3083163168,5.3091251515013047
2.51283520597,4.18624484716673
3.73103627145,5.7233416987441919
3.38012495875,5.3888253657567153
3.06043291504,4.9369389209358978
3.23692063421,5.1663604836475248
3.28141049672,5.2403156905458239
3.70539824099,5.8898021580744278
2.49084496688,4.1281506424937344
3.67751939197,5.8943793711581174
2.94821009629,4.7744533094183916
2.61337348339,4.3137267189070085
3.00338019313,4.9069992398093421
3.68421081875,5.8886247520394139
3.3447419196,5.4350747878293566
3.66151144541,5.7791894815630211
3.39614880523,5.4513134651184929
3.40890555675,5.4865422156936114
3.26573581753,5.3318162133321376
3.67207645229,5.852288320741323
3.41214110613,5.2734757103023586
3.67204143311,5.8582477126473744
3.40613250545,5.3356691716421132
2.54129298895,4.2225082863595826
3.68171266816,5.7889029072832061
2.85106708626,4.6225027289559648
2.76765697309,4.5105277832978663
3.43772493411,5.4708605080751216
3.59302172967,5.651653714617078
2.74913855746,4.5367569361035631
2.38399089488,4.0025584677352342
2.90625371651,4.7203379826738487
2.6381301736,4.3728226008514088
2.69889798079,4.4847255080136561
2.59797698946,4.2674121335119812
3.73390913113,5.9016766289049531
3.47452050384,5.5971716167754764
3.57325272286,5.6228949682216722
2.67591987066,4.3351824753719672
2.92330447875,4.6713615268844997
2.50450135553,4.2144945744138393
3.24169752764,5.2716550600833258
3.56054100006,5.6267668012023107
3.61033913684,5.6911489676694318
3.50307523853,5.5735294040981271
3.22152076911,5.1342882135661503
3.02706197238,4.890462568844602
3.17113632005,5.0591990169333858
3.81225030594,6.0024463572767619
3.73499084016,5.8753513464226659
3.74015950447,5.7966978924017081
2.57241517495,4.2810085095410804
3.1769566273,5.1343079769941342
3.59119817559,5.7092711983836786
3.74237934642,5.9380316780243385
3.17972545076,5.1681130546584217
2.37914433343,3.9899074371240646
3.73945584451,5.8527986336345146
2.52261989364,4.2215746588225729
2.8923152548,4.7534507171024138
3.12555669336,5.1178149160873279
3.25278058112,5.1405770141723766
3.52898602532,5.5788309547228563
2.8226038475,4.5590253234902205
2.73987818597,4.4814568684911924
3.53841376059,5.5627004798859954
2.70775079383,4.427768243699064
3.09546000554,4.9980340826373055
3.17522931855,5.1793370073698215
3.26090347551,5.2561995208709549
3.51465998305,5.5872223267017613
3.2634754364,5.1599560846647226
3.43900946524,5.545374412768548
2.44842930616,4.0712694114169929
2.76244413297,4.5883754604773586
3.0017206773,4.7808563981489121
2.39882921094,4.0664102640741939
3.5837965822,5.6523941868339325
3.79338579808,5.9523519085443928
2.77359466942,4.5693570621692219
2.60642505606,4.3173781352915253
3.03064321147,4.8769890159081237
3.07379079528,5.0676473990303688
2.6203113312,4.3127981599473628
3.39108431279,5.3719560230839107
2.66187058463,4.4254028680863504
2.44279020026,4.0964381997073094
2.8838171595,4.6168458023786849
2.90575389315,4.6789122443746916
2.49974482198,4.1461513593720776
3.22281475882,5.1122126295138051
3.71258721863,5.7697604933636502
3.65186657357,5.7340033073410135
3.29357556929,5.2624100683455879
2.56459100746,4.2798506022113774
3.17176066966,5.0858817029000383
3.20361796381,5.1724418115640711
2.62096051621,4.2640901301162693
3.3880817392,5.4450044216430902
2.80970466541,4.569358906006566
2.74201321789,4.4643750477299387
3.0420149152,4.9556833932460487
3.01837785714,4.8785851958272479
3.71179258999,5.884013585096036
2.91784254489,4.7406537051025532
2.69905057511,4.4074203478098193
3.25667828916,5.2230710488204846
2.94948910892,4.8265720723182852
3.40240056932,5.3706093361393297
2.98060337715,4.8566916848597028
3.20432345291,5.1229194727222849
2.68419586586,4.4375393813885919
3.22270754437,5.1696056923798119
3.44822774311,5.56061917637658
3.49132906124,5.5040705251192943
2.59448684369,4.2799558272237856
2.65730657861,4.4211607289774859
3.71559657933,5.8695628588142359
2.60999606628,4.2421926678282951
3.03975954261,4.8762287622806504
2.811175988,4.5435211063958558
2.49866094324,4.1348496343639152
3.46818357566,5.456928160364324
3.71706558625,5.8672444250333466
3.7537419054,5.9565957908787057
3.74824866108,5.8732091135301445
3.48540853994,5.5770171378018443
3.10222159444,5.0483834334316917
3.75190772267,5.9224643787833093
2.70737956474,4.3809379301900613
3.46781382721,5.3982848991750387
3.0122630249,4.8472594190756038
2.66638742107,4.3540883997414843
3.73860706773,5.8011340189121112
3.18885777926,5.0942603122665533
3.29794610808,5.2626136401920016
3.40884979652,5.3902491305106324
3.66544655269,5.7271036791297574
2.64163721671,4.3461737371259641
3.6199029532,5.6781810725351551
2.68518180703,4.4667775828743679
3.02748780014,4.9025216789177533
2.87008924141,4.6557858150784339
2.57166190522,4.3410057693192092
3.49151545978,5.5606322860810371
3.14978999292,5.1322708725622563
2.87296035282,4.6786865365524353
3.71227340221,5.9068951913573455
3.65834426579,5.7464427194744481
2.56667392293,4.2075326696903401
3.02044387081,4.9067837753877566
3.08268953325,4.9700086928630975
3.36316777538,5.4491576900563574
3.16686417689,5.0780913738459601
3.2161747835,5.1633050008578927
3.43190039466,5.4974290117119224
2.43649456981,4.0643935519959271
2.43090977854,4.1274904735569971
3.23291557997,5.2254679769201529
3.28726882124,5.2894826411822748
2.71058113239,4.3964803822260325
2.69864212107,4.4095212028592394
3.55121854982,5.613528561152842
3.54364501296,5.6215844846074683
2.42650037128,4.0724661626756378
2.49795196941,4.1818246369339311
3.57518745943,5.6763167162840666
3.4171621678,5.4956753686790449
3.77664853033,5.9380255157019919
2.48411370529,4.2215485294209554
2.9564970496,4.7255121130302111
3.71439648856,5.8285648965248331
3.2562996597,5.2396300838839807
2.38599259135,4.0151932434970083
3.14265248655,5.0669299224135695
3.35855736123,5.2794347528902827
3.05077656313,5.0048614368015203
3.4285471604,5.405905954158114
2.78816549205,4.6052735830043927
3.78279196554,5.877762249976886
2.57669592325,4.2576104806735788
3.62392430649,5.7177116384129407
3.24779807121,5.2916772839618336
3.39293021629,5.3702018382151335
3.5259724411,5.6278400910525974
3.01953296262,4.8603229996305428
3.42501636683,5.4820478704186026
3.40406239287,5.3875087968594428
3.68184878814,5.8553407960830057
2.65103335446,4.4152991702752429
2.3848170152,4.0438623445226876
3.36375531449,5.2932003755198815
2.44200372536,4.0745484841716086
2.53096953289,4.2408385558569064
3.47287090754,5.5126544826280623
2.85526913302,4.6444451612987701
2.96402315248,4.7770636510809572
3.71863344596,5.9258842420818079
3.46962173608,5.60606654476112
3.26433148447,5.217504047364308
2.74042605323,4.4329175994440266
3.22646675255,5.1068639005512679
3.54707519833,5.5652418453093855
2.72825924722,4.4506779964014811
3.35504456103,5.4277461507244675
2.60189118213,4.3137137182610585
2.40998839159,4.0267057329663061
3.04866738906,4.8926609763112774
2.65500866036,4.30619371091794
3.3718064081,5.3135184744948845
2.82394346719,4.6202908161169436
2.79579195475,4.5473672865549268
2.43502235865,4.0426480497726303
2.40732498874,4.0125299273307782
2.71439248392,4.4793194159910144
2.75714361369,4.6047539658865286
2.39392848581,4.0860772225462823
3.24875696708,5.2382295462058046
3.1501737062,4.9998364419520573
2.80197454592,4.5997913859731563
3.11020185904,5.0647228350657283
3.67625653503,5.8588981871900163
2.76178171196,4.5930861287312101
2.46519142624,4.0711375076004375
3.18279517439,5.0675159724708809
3.10275730606,5.0051366165988922
2.85816509191,4.6980127120669941
2.45844994188,4.1043233355361419
3.40391044877,5.3622282994484367
3.02413822726,4.8603951445825606
2.4022213945,4.0444162402079522
2.40663935968,4.1244229966776578
3.75514379116,5.9706986564454549
2.45043989019,4.0482337650769429
3.46430144398,5.4296353368934982
2.71489606485,4.4634279687453384
3.28452219323,5.2214821923092387
3.61590745502,5.6947490526355953
2.69791216288,4.4374535369717423
2.61773769455,4.3649469179450779
2.55413356041,4.2192538754070128
3.35721713964,5.4079253906573186
2.60145860291,4.3283022251255643
3.36078091801,5.36750197412203
3.69438413364,5.8394509816323561
2.97797901163,4.8515840732078219
3.70645074799,5.9196876549724671
3.28491604349,5.2574637817473837
3.74641334972,5.9146249427127247
3.19038245149,5.1743220558383829
2.52509222687,4.1878248883410345
3.20070456076,5.2276452111513647
3.70953849094,5.9238387741529577
2.86860190504,4.6551124120663836
2.8208575962,4.5856288654653037
3.03761323984,4.8883385401716781
2.61616544011,4.3726941586597841
3.69571477692,5.8469703261983321
3.16697015273,5.1090366938375968
3.04876747086,4.9564091275671434
2.67034802444,4.4150130038351287
2.4308149442,4.0670828688196128
3.54728785083,5.5925147603516479
2.68426629941,4.3883495799307308
2.3954169405,4.0371208728421859
2.81479307048,4.5995228753705542
3.26179092618,5.2368059784937495
3.26051694364,5.1697107120369914
3.23110586057,5.1048668523031022
2.75653666694,4.5656525136745545
2.59076602824,4.321021057867326
3.28667097001,5.2232684135963554
3.62444986628,5.6298117315567806
2.47077933512,4.1040152251877355
2.80109036732,4.6064120890342934
2.72279727201,4.5306121035617997
3.46141322917,5.460691848801865
2.85097365859,4.6514335285933885
3.79583087586,6.0287821464560531
2.52537016333,4.2635645902799899
3.51211457981,5.4800125239298021
3.29511646079,5.2036363328228843
3.20364317365,5.1737193669417803
3.19813734462,5.1158343106998831
2.58123607659,4.3157755945770084
2.56240536916,4.2215293123526383
3.30355114861,5.2794985233413634
3.06816729199,4.9412463486718643
3.31780259812,5.2551416713199055
3.38668175385,5.3772053509023108
3.4085806063,5.5347471789514362
3.69154357025,5.8477725530087907
2.68583240885,4.4867932488612103
2.79550044351,4.58486632870948
3.79887130925,6.0089387079984302
3.59146314044,5.7281677346116959
2.8549142141,4.7058970418077806
2.55189240182,4.2814284840890098
2.97839397442,4.7858130175597697
3.637032839,5.703028972479232
3.00494688235,4.8799794884523831
3.73698973811,5.9114075437307232
2.81559639663,4.5754581136504973
3.64877617872,5.8369832804881172
3.68402973803,5.8512542621448222
2.95778783197,4.8455953943159678
2.8878673619,4.6503873522026318
3.14810085253,5.0699443547344938
2.51637922985,4.2190035016543987
3.16877902344,5.1083111803974344
3.22544300279,5.2075761573442101
3.47897613724,5.453152764279463
2.58077426501,4.2686029470363005
3.65271284,5.7311689002705499
2.52552767499,4.2370599143024821
3.79104040217,5.8494231135157317
2.41148860073,4.0715741942282726
3.36822052887,5.4080451664191971
3.19483995723,5.1899828151653118
2.55567929203,4.2436675817217306
3.01497637068,4.9175410659984351
3.40257957194,5.4984135179934004
3.07392745868,4.9687877911544707
3.34466098165,5.3422617685471065
2.38862251255,3.9844684356039446
3.45504728875,5.5170193838868302
2.65892397339,4.4513584587422077
2.9896803389,4.844891295562193
2.71920026134,4.5783137685663622
3.51542798876,5.6486440145431915
3.02110577341,4.7892851185787846
2.91209408558,4.7994108707894503
2.72377397618,4.4798737241696731
2.69964345401,4.3644384868655584
3.56259309473,5.5632490387312883
2.86554278254,4.6863390601431281
3.56100816556,5.6102792297558128
3.63699244843,5.832730571350119
3.12635789602,5.0085857163890894
2.99436877892,4.8675387781146213
3.56324267297,5.6245768081677898
3.75107619062,5.8714758566135705
3.75270965585,5.9162054875785586
2.60815129957,4.3419877966958875
2.79697282923,4.6033408138792007
2.4012522056,4.0199571305403792
3.31208953602,5.2938483217013914
3.58955730892,5.6409196080477377
2.55241033768,4.2910492383149714
3.3475918181,5.296297439121509
3.2962180634,5.3196221695495725
3.25995408851,5.2908133172193033
2.52748221093,4.2165936192667717
2.76485525753,4.4990171287535707
3.44376604605,5.4881642155172425
2.92194344695,4.8296059688887221
3.23316334355,5.1569768602476307
2.5420596814,4.1718547042524108
3.52856696199,5.5586226924378446
3.02402061978,4.9318567161327795
2.64251878874,4.3754112339790634
3.21210745426,5.0779271081798534
2.911532178,4.7233504462290705
3.5933045264,5.7310968851300501
2.79026446005,4.6117397412860477
3.49767419833,5.4951709037532446
3.21786478091,5.0503735772027722
2.70134718814,4.395832742218917
3.23508772766,5.2125006244556715
3.23604878693,5.1698571235440163
2.87623545372,4.6550751819451888
2.66705188093,4.4018236695354318
3.07810095806,4.968054979936201
3.08343175103,5.0020644183849505
2.92237766585,4.7532279987067501
3.10322296694,4.9012030879705355
3.64928645283,5.7423687364057328
3.62921866636,5.7389786692146219
2.91907269535,4.7647695360799212
2.6105630208,4.3999210388656893
2.37980524469,3.9233618683527323
3.32496504674,5.4394065638847646
3.09123983515,4.9797841545634665
3.128801376,5.0964543917011023
3.78021177258,5.9688235387573059
3.23401562935,5.1730901185536311
3.23578924359,5.2343232074824204
3.6730691971,5.8709721798283949
2.80353525693,4.5494821451054284
3.25108998664,5.2590478632644606
3.6933587122,5.7556194577732818
2.54429952187,4.1719240870743457
3.68486552202,5.7742613925127113
3.21932193,5.1995518259136402
3.3117037542,5.2771606825999822
3.66847975543,5.7484259335060219
3.54600473511,5.7175273018862969
3.14574105306,4.9622889444054854
2.87203680715,4.6975846781407871
2.88633526064,4.7681191534712202
3.19323294379,5.1222856784842419
2.80154347243,4.6509998578235354
2.40301560403,4.0215217428945964
2.42812558378,4.0769435233290112
2.47108552064,4.1171670794157533
2.50269225664,4.0734337675843211
3.5780709561,5.6432267010464496
3.09363817452,4.9378878105570871
3.50482235146,5.5692983120833892
2.52821548736,4.1932680654114947
2.617429982,4.3260273519340098
2.70430411885,4.4934319681730033
3.74861329221,5.9818737344158954
2.91987065577,4.7565090497993392
2.90831057971,4.7953356064415118
2.49818755234,4.2584344294691068
3.37965864032,5.5033874213986902
3.47479655841,5.425175025931031
3.12402585316,5.1367143715543904
3.05977079787,4.9523114854494645
3.75559988791,5.8720181413668371
2.45382062125,4.1367461855731467
3.62675162275,5.6629732157967529
3.12349288041,4.9819166779018769
3.09534809088,5.0477617546553706
2.57252414124,4.2637969604972534
3.03092267155,4.8919661228408327
3.50851445062,5.5157079330466425
3.71428166955,5.8220887177641369
3.30865495467,5.281954774251516
2.76971875654,4.5665396771106783
2.91313831527,4.6849907578410628
2.82628858651,4.6219538676870719
2.71306873101,4.4397891080234899
3.58013805002,5.7240780121200974
3.78412312771,5.9057678208045701
2.53378929958,4.2599961547202838
3.23369197754,5.1586031162219781
2.90383397676,4.7061091934139636
3.6619435378,5.7084759415429316
3.50254292089,5.4346522775242665
2.6224968199,4.3518590494845037
2.70736606119,4.4986182316461258
3.57821357352,5.6513185845497294
2.4330905314,4.0579521668067873
3.0062395132,4.9089710319069999
3.2646377662,5.2092621686526135
3.17785651116,5.0862315250051839
3.02825052117,4.9480428738011195
3.60849121846,5.6724789222833145
3.48661464282,5.5077272161389104
3.18951387864,5.1164151028545817
3.42437873577,5.3546202481477438
3.72842905609,5.9643995284253819
2.80086860192,4.5860520567637604
2.9828755209,4.8581205747750857
2.90794518611,4.7349230674749281
2.38413351673,4.000470980354355
3.34605601705,5.3103489811148332
3.41407255232,5.5927766436085014
3.42147732769,5.4211264714084484
2.40772955848,3.9889194669293433
3.42414391104,5.4830964826040836
3.17007799858,5.0816761665236001
3.69034858134,5.8499721866922734
3.50134932927,5.4653224311454363
2.62341012876,4.3656891775995144
3.44255424307,5.544718432725233
3.792371027,6.0066553481015248
3.73690581361,5.936344860915109
3.41688593542,5.4421956906842679
2.6598708557,4.4351244101722989
3.80821082474,6.0387419428284508
2.58256579286,4.3160187152702418
3.80960528928,5.9033664032094135
3.76274429198,5.8513534351797976
3.43351020497,5.4660096641379416
3.08498991032,4.9464314442835313
3.21268963535,5.1887825222808734
2.48441345151,4.1534264855558947
2.93734745642,4.7295679552150149
3.53088398881,5.6496785812412247
2.99356853668,4.8111352623656849
2.51266779649,4.1834582227877108
2.72515492967,4.5121063711600593
3.23981656391,5.2620721826786347
3.15723116643,5.0924471195280772
2.52819460772,4.2046183500025247
3.20095303131,5.1141963028137711
3.24700052226,5.2116371060870508
2.67080093548,4.381174682087857
3.80874379512,6.0603960756710435
3.24689033131,5.1559312677181071
3.56326673454,5.6608623264142848
2.78542959932,4.5668535954987188
3.18371786662,5.1438133111849256
2.46310121892,4.061855954418502
3.57968976893,5.6434473843414663
2.38710634517,4.0332406438036292
3.35072903696,5.2701384472954933
2.48904615793,4.2116561420083789
3.32905248246,5.2849817364761984
2.92454409323,4.7265384153844039
2.84123820494,4.616550855850079
3.35816461208,5.3444333222621099
2.79078280931,4.560061192376283
2.81512852624,4.5655692735825015
3.42521379163,5.4581104392123416
3.44471803672,5.4313100915143391
2.59459198188,4.2751082245386032
3.04698815813,4.9523690623348076
3.386008663,5.3924071358116858
2.51263640946,4.11552863137317
3.62366236303,5.7247910425024626
3.58386545009,5.7002113603912843
3.12450114424,5.0896456304500433
2.78332348246,4.5509651613041688
2.45704762676,4.1888355927630156
3.10471548096,4.9970164574008606
3.32727408872,5.2405307391585403
3.38152861578,5.3824579854369006
2.61799296207,4.2915648116896978
3.48414675633,5.5964914004854451
2.93418228727,4.7937070607767973
3.28934365926,5.0886161168907185
3.70736138025,5.7941249387999658
2.87842078333,4.705351603712181
3.4418639152,5.4518710549810354
2.47003855186,4.1168175943128436
3.28512661489,5.2965052085752413
3.2359746474,5.1715685206415491
3.64880026783,5.7043006171753348
2.83711964009,4.6354562603323322
3.75224610416,5.8238131973648155
3.42816094992,5.3983267755984361
3.43923895167,5.4208791153069944
2.5461316037,4.2509118849187413
3.57983950224,5.6943995868660693
2.84486501068,4.6689457181240988
3.2482068779,5.100409849651089
3.01933197015,4.8436633810054337
2.66677169919,4.3906555662101834
2.65696251993,4.3212023314448027
2.93340157662,4.7125239534331724
2.78385106878,4.5112013360043495
3.1033121153,5.0077335444925533
3.53695675182,5.5500936995841554
3.23487199917,5.1604467644634271
3.00534513304,4.930029984780389
2.50566169422,4.1775470603227758
3.0903309947,5.0511333437997497
3.43790883968,5.5564124486321527
3.09991513439,4.983189650233129
2.41216133506,3.9834029424755171
3.30277457945,5.3745786311184833
2.79451404592,4.5451569690256983
3.65030948179,5.8183345638052995
2.74748336496,4.4495429369588315
3.67348573797,5.8398711390897677
3.41223492773,5.3827764722907832
2.74201101724,4.4309902001703367
3.05498679423,4.9356690228463966
3.1253960174,4.9875151427011701
2.99463878903,4.8913548041677251
2.6257679019,4.3809682691107863
2.68643408532,4.5132276813911112
3.45031993349,5.5201861741516183
2.90942047728,4.6330682195065087
2.72647945554,4.4590914882945958
3.63421765064,5.8352357882305581
2.73979433483,4.5419681558082292
2.61269913329,4.3186189371662866
2.86850628161,4.6709488430127957
2.63031010983,4.433588215884031
2.47890849803,4.1239521408174609
2.92090440651,4.8826329640798907
3.55050539189,5.5778418767475273
3.53359253714,5.6403245943699005
2.70032162901,4.4214261966493948
3.62856238529,5.6745513815477713
3.568257204,5.6144207242405511
2.49249503321,4.1859203312587896
3.1978856612,5.0670257060411883
3.78030890203,5.9984850186720093
3.60396007659,5.6938488171184245
2.82101403066,4.562012756452873
3.07504136543,4.9673706063771794
3.75402732006,5.8209735054876379
3.57694002559,5.7149635812353079
3.71333587728,5.8846813303435024
2.61442893213,4.3384866767153945
2.78763657543,4.5911910445169406
2.88209405966,4.7070554706690642
3.28709704883,5.2898804941886013
3.1973240501,5.1163330186658955
2.58560056193,4.2912987644707616
2.79514193429,4.5491107675191591
3.10669435643,5.0273714831012644
2.80684079907,4.5100549350515626
2.91071443889,4.6993299171022178
2.48974237965,4.108730961288698
2.83883293037,4.6954358140139059
3.29827152059,5.2832761515807025
3.25192223007,5.1852282718927736
3.5312980741,5.6023707392326454
3.19640962209,5.1530151143349805
3.07153613886,4.9758121818782959
3.14887300047,4.9859318817210374
3.81035800561,5.9663331590450062
2.89832033161,4.7121840442496801
3.77909712961,5.9787262164759349
2.66924622867,4.468007939040965
3.08393529232,4.919849613753061
2.41154794216,4.0463986428721501
3.00847952429,4.9324807662845718
2.88771383488,4.6446380647128294
3.73079390008,5.9406685466214038
3.61478616398,5.7967911228480631
3.01315377654,4.851485383544401
2.97111326257,4.8014307842630144
3.55267259716,5.6696634083438369
2.5556005082,4.2599954367181851
2.96270568395,4.7328948459440818
3.17358478556,5.0167022275984259
3.33511639163,5.2972557091871488
3.05062365046,4.9492577339238712
2.84974033205,4.6948720582268217
2.39797201314,3.986927833563183
2.90180499909,4.7978009258109759
3.79092997815,5.985592561418752
2.47677146562,4.1090383489422155
3.21772721911,5.2013414023704874
3.30967355638,5.2156743984927108
3.54595239418,5.633714103931462
2.56361333507,4.2217024929526321
3.41815216414,5.394925670149278
3.61666618055,5.7335095871133221
2.69799813738,4.3791649072585708
2.82480767116,4.633328701798817
3.64616764846,5.7477006841757055
3.52154485253,5.7152997071082101
3.08949224786,5.0218619033355347
2.99727291953,4.9170725161586493
3.68341080737,5.8398213084298085
2.77421190866,4.5208088765862753
2.40992958167,4.0627775323321886
3.45511469368,5.4626843672088095
2.47636147723,4.1205948336156446
3.15900013004,5.1019847919851662
3.04291415293,4.9426821458957093
2.9463030357,4.731507824157414
3.38436067309,5.4259834489864796
3.2727116309,5.209177538329822
3.12117007055,4.9933471452014002
3.31275226672,5.2800513770140052
2.69047184352,4.3582285185251939
2.96711971935,4.7487303096829345
2.69704414753,4.4688937038901839
3.11323314115,4.9552505771568551
2.8252601792,4.7403697617327039
2.83669695769,4.5775143444730864
3.59117241258,5.7168608103687308
2.67687512372,4.4009796019655214
2.38486590407,3.9982809782561741
2.48755624159,4.1047980757052125
3.48741212108,5.533614203290119
3.79819189629,6.0603686165000292
3.38783412653,5.4223330727168646
2.90120278682,4.7229415669282977
2.81478107177,4.6330855315746087
3.69984553753,5.8316477912255964
3.37217952587,5.3642604251710138
3.78621945814,6.0860838714889631
3.67451365374,5.7982486930357187
3.70193065395,5.8568418025502691
2.67443165265,4.3986491127093137
2.423701919,4.0606651466411865
3.49996559824,5.532668727255321
2.69993144195,4.4728943014317677
3.14701522,5.0416620986457765
3.55859452054,5.682738319322957
2.62833904218,4.3283436256699623
2.84035916158,4.6546909682803248
3.47057658081,5.5378755944223998
2.77652054228,4.575934955356904
3.19962390454,5.1549976325269471
2.64421746034,4.3407529613467775
3.45306844591,5.474506295612418
2.96899803287,4.818185532837985
2.44465387373,4.0798531954217454
3.53019416065,5.648464221149788
3.29474910064,5.2792876099505559
2.51558291021,4.1018194211517072
2.59957833398,4.2642413229655638
2.70570522732,4.5405895999743526
2.87994040725,4.6807664782634157
2.69579537381,4.4336710555393708
2.67487582165,4.3816884727739733
3.46940006912,5.4901065304413343
3.38333936982,5.4551169305771241
2.59507026772,4.279951746017387
2.51824415811,4.1979942683965588
2.86127267214,4.7179769182117743
2.83333543868,4.6416448794870018
3.61933018816,5.7151741807793108
2.77285334848,4.5441468872364066
2.49947826054,4.1813550741710523
3.65765434454,5.8452592061391258
3.78037624086,5.9305140786121688
3.37698984529,5.318099733635461
3.52454082659,5.5244094777659836
3.8107401433,6.0117957395171544
3.20824383269,5.1498221729604436
2.98147735666,4.7797697162695743
2.67726918466,4.3690049326359128
2.61018693178,4.2581268717232001
3.26941009586,5.2073295882568464
2.53270528636,4.2225395536061834
3.30300019222,5.3628374454085792
3.11236477688,4.9816041080549889
3.1318009352,5.0487127122028932
2.66209487971,4.3118514889905235
2.59304673705,4.3704117556218289
2.55638390065,4.2336810634605255
3.31347457776,5.3402575533514343
2.72517833716,4.4783099796535168
3.19339801652,5.143187991139599
3.13495059764,5.1165460058697141
3.49652188671,5.4838763272909343
3.64694989263,5.6998451981430529
2.62234385069,4.3542182578230797
3.51802259697,5.5080530937756054
2.61862358518,4.3115478846783866
3.00439376274,4.9487523986685629
3.7918331946,6.0068043045862893
3.38754151807,5.3653139695526804
2.97912358739,4.8608748576831546
2.64728810078,4.3216840921329958
2.76418148098,4.5510309730447762
3.07817743727,4.9295299198536702
2.78594976134,4.4779792312308278
3.33435578062,5.3241025916388942
2.67892928253,4.3955377822722914
2.85280913411,4.6406841816928717
3.53018064467,5.4902488248320465
3.25935937233,5.1714249403074248
2.48288349374,4.138144092937118
3.13839589099,5.1252604141984657
3.54444824839,5.681340036006743
3.41460567968,5.4110345486905356
3.75139167568,5.9720030551567245
3.00978481184,4.8022159290977084
2.70156098254,4.4963423026730585
2.92455344115,4.8226101770105787
2.64904594167,4.3843041824793625
2.43763001842,4.0076267120872613
3.13414392144,5.0107142532140818
2.91925032155,4.7523032870666455
2.49393841621,4.0554416276199392
3.07470472078,4.9013714136272144
2.79039707544,4.6231883597776955
3.72508144882,5.9083542816389505
3.45746314115,5.5254233624072899
3.0530833321,4.8291475210101327
3.5082393244,5.5256144928268656
3.15497411564,5.1172277536757749
3.31205902952,5.3252655582724531
2.58806724233,4.2543131984501485
3.02856461736,4.8915872070623605
2.37686346531,3.9925317825656474
2.65362754145,4.4206371812754597
2.49281322474,4.1251536629152863
3.77650998633,5.9935899706930753
3.47501625769,5.5007232666535906
3.64490990115,5.7556345835034985
2.51755895351,4.2531567898024107
3.60801392143,5.7013320996780044
3.38715119514,5.5270038088752731
3.51628086109,5.5740017044224315
3.45935276239,5.4334863824416493
3.76821069708,5.947911727623012
2.71409102469,4.4683174996819108
2.79939291736,4.5776673034510731
3.24687784391,5.2530516583341544
3.50475686063,5.6144885587558342
2.77889348985,4.6184507501503269
3.75844234737,5.8814728395694038
3.7404181317,5.9740938533821106
3.58822373634,5.6898999556188956
2.50773432569,4.1281624362695384
3.24586126508,5.1999389195018413
3.76320127377,5.9325351328330092
3.60126841895,5.7483373444413877
3.17333539663,5.1227531602642262
2.56650704264,4.2375769298599826
3.60601384169,5.6613030976456873
3.80721265839,5.9826027146208354
3.02316328375,4.9683906699211988
3.75606784065,5.9121221185578481
2.79735846257,4.5734421325300376
3.20187293855,5.112419063057196
3.21044814008,5.2567938712317606
3.22988021941,5.2054709787389291
2.74243392195,4.4925397278956947
2.96301397876,4.8111067081371761
2.50176376794,4.197692221915494
2.641537374,4.4042582508049977
2.59898777518,4.3116420551187327
3.20566417655,5.2022435321816767
3.15185364769,5.0618792293089481
3.78197124563,5.9650105343587905
2.64331371646,4.4808416542399234
2.79974517947,4.5601983308439049
3.74049283948,5.8420507193480606
3.29407362013,5.2581164517721337
2.60225810047,4.3208344051590393
3.05283685215,4.9209358791243707
3.17470387376,5.0169434164331124
3.16127435481,5.0821827476765886
3.76461186024,6.0015213969147538
3.28545116263,5.2953845219474172
2.7661554531,4.5588178449543921
2.58437337025,4.2752431030616238
3.79781908191,5.9834358007788015
2.37901410412,3.9898814854489775
3.62263463541,5.691601099641769
3.01195586515,4.9252247399056683
3.59873705612,5.7245578057700213
2.37805184013,4.0138825930199662
3.5662427004,5.6880239477745267
3.18565160587,5.1081358364170537
2.45239494341,4.1427789551513383
2.83940929097,4.6171880214784595
3.43501111366,5.5018350584693581
3.13249059612,5.0212847017163096
3.28754289301,5.3401001030752182
3.35286946284,5.3462062945188071
3.07242352467,4.8498044286878095
3.59868609355,5.6495343490484187
3.38832394161,5.2994241990499908
3.24507666726,5.2917385571595252
3.08035968777,4.8811883286178626
3.31147174251,5.2335872868555633
2.44395414902,4.0665019395119391
3.33960102073,5.3276369833411223
3.57069168807,5.6156315041900671
3.02122552992,4.7526988993459502
2.9852711112,4.7252756056954182
3.54278479553,5.6405344636661496
2.81624465107,4.5603597414501484
2.72827207136,4.4547326173799027
3.01998511323,4.8753994575060533
3.79623023719,6.0098962850706608
2.56794187718,4.2953016289198853
3.26702486266,5.0851512039907014
3.21872759638,5.1631422458851963
2.40924809916,3.9450232783259822
3.70757483635,5.8990388593109753
2.53960518171,4.2358116456418884
3.80551101398,5.9882622384970796
3.70851586725,5.8779211754270166
3.5229088183,5.6521466559489806
3.75853764522,5.8830413497021103
3.07954585431,4.9833630128660493
3.61059414194,5.7037396436247487
3.38601132344,5.4766585511086552
3.52009883972,5.5503272055258739
3.22823680996,5.2932275685405754
3.77904357764,5.8674630585137013
3.02807509559,4.9189124049134012
3.00135916504,4.8120343068881049
2.4975440289,4.200399366155426
3.77883001355,5.9702913955469592
2.78703511096,4.4991169695465896
2.46858159712,4.0860248840868874
3.32975401368,5.348259077297552
2.92716274814,4.6671374840328994
3.25824779954,5.2080887247122982
2.92807703677,4.7683053027757918
2.62385102292,4.3194573841765163
3.7234464386,5.9023960959163944
3.19046413315,5.1534359675977575
3.14525250027,5.0733995348023466
3.05256476853,4.9434976848713772
3.05516620111,4.9905796745937803
3.37023487604,5.4019956115518504
3.53409609552,5.6394938811918847
2.48435182298,4.0850204847610634
2.74681477593,4.5321844933342197
2.88555013031,4.7342979524856945
3.60290154481,5.7707580380257149
3.18246362989,5.1928684479344129
2.97904627553,4.7554621551852092
3.55337623231,5.5754352480408702
2.88325473227,4.7301679523809081
3.57407459999,5.7457931337589878
3.62376124878,5.7071168165709754
3.77566790317,5.8941545749496091
3.21808138258,5.2356532772136548
3.2927447295,5.2398071378545854
3.09165225349,4.9902724163379224
2.7698002163,4.4906432263963874
3.54712853803,5.5629585810276785
3.71880018002,5.9298750844963628
2.51796428215,4.2003783484253958
2.52302403012,4.1655282311934192
2.78318919551,4.5192563300760797
3.31486171362,5.2856756791083308
3.23502161481,5.1562869588851985
2.57028590715,4.3233242507718614
3.38199989481,5.3174063004769039
3.47972647484,5.4910684499081839
3.39728272257,5.4020307190067465
3.51280935232,5.6133775951363587
3.78907141121,5.8838600993046271
3.30621723559,5.3080133798690712
2.92518050013,4.7695111578278047
3.76479637771,5.9128777933220311
3.63873154906,5.7299019322048439
2.48557172222,4.1678321795988298
3.23100561192,5.1310938839009292
2.94236742009,4.7445228826110775
3.12172091143,4.917497517399104
3.12776844661,5.0947755878757484
3.19650563969,5.1361518839354314
3.39001192056,5.416461183173733
2.88725587725,4.7516590833974837
2.65685607027,4.4064094763432751
2.53068901682,4.1992819692794461
3.01650630234,4.8675548554658894
2.41412775483,4.0848783782988827
3.03145230037,4.9459137071782138
3.46218503133,5.5377219192986251
3.15950419957,5.0687601793389057
2.62782463888,4.3301996702496526
2.46530723242,4.1504793233333741
3.42444273775,5.4353991158797843
3.6143921879,5.6765010606090351
3.49791975599,5.54329023880815
3.37983485859,5.4161993817500278
2.80970085032,4.5607605614641642
2.76715986838,4.4500393139624679
2.72676099297,4.519039040144877
3.78788279385,5.9746332657102155
2.83795601882,4.5842346762363881
3.18235565213,5.1534229856827896
2.40946469364,4.0475236544841868
2.96244597081,4.7661454324919754
3.16355658096,5.1225644564518475
3.36664598522,5.4073834781478736
2.41976429538,4.0968731450833227
3.69560824662,5.7302443342374563
3.4745720151,5.5404480389000224
3.72177848778,5.8583136714689648
3.52362023298,5.5696159168443629
3.00260553841,4.9203909292948396
2.74805331662,4.4660008338935917
2.98229992045,4.8058206944818567
3.53860365448,5.6133129121401932
3.02728079305,4.8540744918703629
2.41218971474,3.9737654384889178
2.89669707903,4.7751663293169617
2.66375272485,4.3897051292336071
2.81470136102,4.6405594428287147
3.12504187685,5.0900838257879073
3.24889460066,5.2241321904791533
3.544715754,5.5785054828627798
3.30634201605,5.3013028813917815
3.29963562438,5.2606606849011417
2.87413191656,4.6259184360107142
3.19330832281,5.1365648521475382
2.78292280592,4.6231425199531335
3.72372307545,5.9360569366552838
2.64053659181,4.3293612047653784
3.73987513727,5.8629047748860224
3.57689181267,5.6543389310604368
3.23957261633,5.1935009807209704
2.93293766295,4.7902956316499425
2.87141206195,4.7493165302761424
3.01510694283,4.7965152877857333
2.79099624033,4.4981880348740777
3.56524118713,5.6322786568536136
3.62272193348,5.7225308854998715
2.43313854526,4.1247075875991381
2.81819772949,4.6511043054458829
3.8125221033,6.0932487810273193
3.36391006917,5.4312019594850725
3.5482042435,5.5040403080404179
3.19934787922,5.1159492952707151
3.60920459406,5.6353405253530884
2.66541723917,4.4539684149086574
3.34717650508,5.3599088182081145
3.01094192726,4.8973459891520346
2.4733148345,4.12405093586775
3.7741193111,6.0828421590019737
2.60812102038,4.3224051197736513
3.494874207,5.5151106889790951
2.51203088474,4.1947481280479852
3.36794675817,5.4634374109450485
3.20752110141,5.0964234015386474
3.2852886765,5.2012764710852641
3.61998340525,5.7871085809950626
2.69396035938,4.5292832109242758
3.01431488577,4.9425029713919137
3.52314485946,5.6476461462661041
3.44813192249,5.5488953644714005
3.237564638,5.1570156707998462
2.40381372113,3.9840243655099208
3.60755319472,5.6354880468392619
3.55008320918,5.5299593045904656
3.14912738297,5.0861531239798863
2.83262832686,4.6718492661926039
3.52052338924,5.6178231384490616
2.91624246534,4.6889988857239642
3.04936278063,4.9037057999180336
3.54579548857,5.6360030336886791
2.93977335652,4.6201371826558839
3.18909940565,5.0784336348940142
2.93134205534,4.7239239157474513
3.46042205926,5.3896204755814203
2.90131351964,4.7628701882842455
2.9443841712,4.7345697883631166
3.66154795617,5.8153620798820596
3.49779896478,5.4725698086983332
2.38474855749,3.9752061283072617
3.21846012839,5.1262443211602013
3.1670796064,4.9689069973542646
2.47511286155,4.1210026411211684
2.44384100395,4.1854599304255471
3.6469730419,5.7685598048483797
3.0562485398,4.9685211100315643
3.59506769375,5.6111866231445706
3.25489827637,5.1368237554801768
2.51795227105,4.2298528907228228
2.8805789467,4.6778056543617579
3.56512124696,5.632526857173235
3.71405531558,5.8065930799103604
2.5364394728,4.2603157074338798
2.74949601251,4.4843953118003883
3.25347852891,5.1149515659093918
2.85273108047,4.6901594992705524
2.93046653783,4.788775052460494
3.64254612688,5.7779049585020799
3.67142690144,5.7296260551175724
2.88821567664,4.6850671546808398
2.38766603078,4.0020456233553094
2.55807806633,4.2855116779740561
2.61463534089,4.287062654566701
2.89112348089,4.682873551312742
2.76629095681,4.5475099776544585
3.6440597277,5.7922919720498838
3.75548328341,5.854628269377832
2.73853568583,4.4498157465203834
3.5526743704,5.7194980402251847
3.04439092136,4.9352526070998488
3.23811269103,5.1944086235426843
2.80634014814,4.5912475345970387
3.4954546895,5.5469504021610012
2.64128680201,4.3242637013849148
3.52419406168,5.5356257218192493
2.37702982664,3.9588212473394075
3.25266972711,5.0526425915252382
3.01614452965,4.8460204154084225
2.62258521252,4.3311555175200036
2.86185011875,4.5933891416582684
3.71388744172,5.9006637830331439
2.89192840224,4.6885141513473076
3.03661764428,4.839283944040953
2.88042190925,4.6655934819533149
2.61430913419,4.2613515269957238
3.37755199595,5.4715941173901061
2.980782422,4.918899727011909
3.33772989296,5.2614301967844597
2.91366002818,4.7528093015467814
2.70148787618,4.4337754718461726
3.71792466406,5.9233250275013081
3.69727617458,5.8252603902409685
2.56486925034,4.2791909270221771
2.76483802349,4.4842090683819569
3.75424985793,5.9595766457905945
3.36282132805,5.321315236008016
2.54094799178,4.1651797542569531
2.73989203928,4.4821912296486568
2.86149103628,4.608454866960904
3.76961000497,5.9573061726296181
2.4615038644,4.1365986241317652
3.62817588636,5.6449757129182752
3.6558802327,5.716298004809313
2.77410828239,4.543587789541462
2.87204797247,4.6518702990243286
3.12076938582,5.0685983867739939
2.97146401677,4.7807053391788328
2.81991025191,4.6258694182925808
2.79684627194,4.5270648471847377
3.16009439816,5.0829410461519311
2.56360029813,4.2659922586681995
2.68708167792,4.5030581829063978
3.74613095185,5.9315274524493864
3.6678368974,5.8210529376175595
2.93775825211,4.7580600400438504
2.88324029737,4.7551254025509708
3.52402055019,5.586651427654207
3.51934531522,5.4524830012260423
3.47707813058,5.5115314269618239
2.84007924559,4.7295244485050212
2.78178642595,4.6149197305219118
2.56383713132,4.2867179045943784
3.00300350411,4.8296227405585848
2.42117579011,4.0422103204848012
2.41718842381,4.113760552857336
3.45944391491,5.4836550946476885
3.6492549447,5.7811483650438777
3.18196254595,5.1553352805959323
3.13687511709,5.0071681901488114
3.35733540153,5.3779465684008851
2.49036336852,4.1166402789924996
2.58315064094,4.2992671963320719
3.50755610259,5.5879266756140673
3.22915243048,5.2048879272275803
3.35747453295,5.3837148992799806
3.19319753152,5.1360462965973666
3.75019304566,5.8264935516339671
3.6092491585,5.6122081426448229
3.01808155246,4.8660740836000578
2.89970978679,4.7500181933901429
2.40412540937,4.0187416693166274
2.3766095635,3.9554139665015682
2.70852805296,4.3869597457066849
3.0997781996,4.924187210384007
3.4083604334,5.417739966052145
3.63568836207,5.6971747864667446
2.72287811929,4.4536624374194771
3.08196478229,5.0010442008080185
2.61491860731,4.3479558922453378
3.51894471677,5.6110872688030433
3.13017390945,5.075229570013418
2.99943027171,4.8631070880131375
2.87373241014,4.6753953926282366
2.99115404141,4.8507302342692009
3.59356898269,5.7040826486764029
3.01110565852,4.8682326485872398
3.01929315614,4.7926535759665176
3.11131693775,5.0111397015088608
3.33949424725,5.3790687041578193
2.52014477982,4.2060179977030714
3.72172980323,5.8946112693486086
2.40517703055,4.0329097504514069
2.63607092706,4.3394203196391947
3.10571518243,5.0373010183823439
3.31776389336,5.3280944833250237
3.20937644546,5.1594843152073953
3.1148113223,5.0188039985188295
2.90210555777,4.7907340852863394
3.6856887383,5.785552780164509
3.72607431226,5.8832250444141856
3.59180546294,5.6599579397092166
2.86748649956,4.6953251821251349
3.69071637477,5.8682314744146069
3.17892161648,5.0838133982249278
2.43377850507,4.1136322239637613
2.59719849548,4.2562396198206178
3.59952281901,5.6637415501767272
3.0087419552,4.8642073390804148
3.05414668512,4.8454723727321545
2.94256615133,4.7557192421765668
2.8712692238,4.6257413106402643
3.64015883871,5.7190074147455725
2.46337210524,4.0753531408535943
2.7121795598,4.440026898699557
2.73225583499,4.5284921857480631
2.89129895513,4.7090478723197009
2.52873786186,4.167751309760245
2.53157488124,4.1787626566635794
3.27943511449,5.1406388324152736
2.49076665495,4.1027285203518673
3.06845483508,4.8851036888226869
2.82908215275,4.5963081587069521
2.74957712613,4.5172576204683423
2.96356645864,4.7720943502623587
3.04593736166,4.943636020864262
2.72885395511,4.4391513390983821
2.93499265981,4.7421489603873335
2.70917947265,4.4575842688611527
3.79042589691,5.8424345126787811
3.7493591235,5.9406876335986043
3.35414512932,5.257074764853499
3.29697200886,5.1307243120697876
3.62292681146,5.7471836169485968
3.80485187168,5.9705884240861753
3.34917764333,5.4040079330286783
2.63873569322,4.3382907782201965
2.69936048884,4.3892075876844396
2.83707230711,4.6609490252212424
2.56888476226,4.2365829302542748
3.47933304517,5.5254048830238425
3.78323457958,5.8369025588533638
2.47626487609,4.1417472395185335
2.97968446081,4.725812518902357
2.72509470849,4.4822652241367225
2.49034348726,4.1021424556581643
2.72562639627,4.5426932703083045
2.91568894236,4.7125696111776119
3.18608063575,5.121981146352951
2.44338394422,4.1627659958168337
2.96461170249,4.8065678375081173
3.61483238815,5.6160030326764563
2.88467749818,4.6469272564774755
2.79130912329,4.6096803384928648
3.35526373407,5.3386397125844258
3.07538009416,4.9533140585940618
3.25204372139,5.244345738065876
3.38435345641,5.4360930032244754
2.4140852195,4.0540372377823033
3.01449145885,4.8376271123283621
3.40488995111,5.4821273831646877
3.45678242098,5.545349537632025
2.37949227545,3.9884036192583401
3.80112387641,5.9501210232633612
3.50151082878,5.675024730547273
2.79203515587,4.5908958483369018
3.49059749797,5.5548331931924926
3.36163615775,5.447654996614113
2.39305735768,4.0005376248011535
3.51336312261,5.6069446277356878
2.81652243763,4.5525476916176792
2.64839199121,4.3830428573959255
2.4125217094,4.0482734578610211
2.99197555735,4.8177125593997578
2.46637702913,4.1351633541016657
3.79960817291,5.9950255814274254
3.13386064592,5.0283576179162015
3.27299945382,5.1463036156226343
2.95451808478,4.8805911098285275
2.64877647414,4.3397717132498617
2.62994822925,4.3005433370520887
3.2959703254,5.2783904219230369
2.47455950377,4.1475266377266911
3.25422941553,5.2648718099035463
3.59122576037,5.6642952127360369
3.43787818723,5.4226657683186259
3.06915236884,4.941625123847297
3.30341461977,5.3392254027559956
2.67102738137,4.3253536823222865
3.14188568492,5.0290735619842213
3.30546242809,5.3527245203456362
3.24765777347,5.1600369966892528
3.7729958596,6.0508807777955722
3.61994263325,5.6350781370810221
2.4188635337,4.1058719155862571
2.41666898837,4.0538574791196567
2.46199504058,4.1303505583939844
2.81558254425,4.5383084948522452
3.41523900364,5.453511286963499
3.1797154348,5.0743568612931762
2.83108965452,4.5941819323939352
3.22597267238,5.2252773987451171
3.66221458138,5.7716919941965639
3.27515976256,5.288235588193583
3.70541865036,5.8592228649761804
2.8004582322,4.5125222013514437
2.43308354501,4.1030358736431696
2.6326531568,4.4261064708038749
3.331952337,5.3460481233067645
2.45600012572,4.035489008412636
3.36986593004,5.3277338232873293
3.51018220268,5.6137418218013879
3.27419521967,5.2214910364851503
3.77554346445,5.9381823649571075
3.22877763686,5.1425235267170084
3.67583341332,5.8066066423306717
3.61602305153,5.6982056356166044
2.76065674013,4.5657188093850003
3.11377687843,4.9488538947233085
3.28391563678,5.2110605538709338
3.47502082178,5.4728547433004886
3.77885676724,5.9076522569579248
3.28993873836,5.3059565787215286
2.60615419273,4.2982293151298565
3.71029862729,5.7774397240735533
2.45171734847,4.0897214970509221
2.65503548642,4.395886431800597
3.68393607317,5.7798652299692694
3.44150536359,5.5340593627486578
3.27620648176,5.307799741763449
3.14821455246,5.0566491213392215
3.13559207039,5.0798754146860894
2.48391083274,4.151650734257438
3.66185876474,5.7648330945606876
2.88094384633,4.6670537377175263
2.60522613265,4.2656407951348214
3.14917225355,5.1194830143176597
2.96284137638,4.7749382351697545
3.81245648742,6.0718813112949963
2.75917260766,4.5036226496749636
2.58722785845,4.2274854710127352
2.84719122785,4.6109771486019113
3.58524873108,5.6297525055236166
3.15314206107,5.0536345570757186
2.93462807846,4.7439782130817356
2.71991310689,4.4695423691459268
3.24596274508,5.1126827316091807
3.63817162073,5.8424919098162942
2.55357105124,4.263240583918332
3.55495674241,5.7246824635781213
3.35799569072,5.3642332101213599
3.2198066393,5.1097190045727272
2.84879605725,4.6740305107946174
2.46562752252,4.138177898992681
3.3660682163,5.4050656694215045
2.43059028113,4.066324140526663
2.398839563,3.9932499526070142
3.05137841514,4.9447526851476731
3.61270623639,5.8047360482067853
2.69102962603,4.4063295834736156
2.97308868252,4.8042290927294342
3.17959852898,5.1478749791874066
2.69219643947,4.3358174550542099
3.45384837975,5.4909080941736379
3.40537348126,5.3922323142729782
3.15255880251,5.0797415070157692
3.70258139666,5.9723599252412916
3.6663771822,5.670761012602914
2.70028103416,4.5047403640472163
2.45059673678,4.0791783203892802
3.64967167699,5.8165933863320873
2.99765972053,4.8832055542275716
2.44043667636,4.1736262951384777
2.63622833203,4.4021195853962354
2.81588030216,4.5359086391695991
2.59902919055,4.4169710462410059
3.40507444712,5.4080581650359605
2.52742578985,4.1849991141892229
2.80173399373,4.5744209246332241
3.24226700585,5.1683518483828479
3.50378909374,5.5376234859814168
2.89038746725,4.7192154484335331
2.52309657169,4.2093743428709995
3.48060667174,5.5337014543913332
2.54361082594,4.3188304737346002
2.82813446701,4.5778357427980767
2.6713882214,4.3497876971754721
2.41607386267,4.0344076231556159
2.67022366758,4.3828393457570831
3.13559429759,5.0993759464503254
3.59012546331,5.6637134774918776
3.79910481642,5.9744861671790241
3.42092461319,5.4345096814911997
3.55093904939,5.6170903587414935
2.60524165315,4.3508327330365617
3.05795121251,4.9768678352903812
3.3370207534,5.1971153538870105
2.97108099692,4.8929899569302542
2.39978999011,4.1011778790830675
2.49171446315,4.2074188029932218
3.38874536079,5.246751420835932
3.45722405759,5.5233979108709734
3.34956565875,5.3058456751813168
3.40822927409,5.3691269017551049
2.82012427325,4.5217681985018094
3.60129858425,5.5956651259095329
3.4142870535,5.5278287253000657
2.73495837026,4.5081238200073841
2.60929227836,4.2714425083562793
2.44632022184,4.1304737614950122
2.6469509803,4.4121761454270825
3.46729685907,5.5984334379495664
3.65092214306,5.8717354052947686
3.18800064483,5.158808957582675
2.39098108711,4.0083913112267187
2.39378641105,4.0561032920992819
2.51195299294,4.1875832260077441
3.41630548813,5.4738629853741942
3.04402102196,4.9046697018014633
3.10387091339,4.9858024593721701
2.73921231667,4.4377633092683721
2.56392118758,4.2034417930682126
3.78591759824,5.9482934846609714
2.89406328554,4.6898422274947569
2.84547475213,4.5854286646903955
3.56656309231,5.6690850579970817
3.22810971448,5.0796436376261198
3.79924260921,6.0126781898447303
2.77807021268,4.5290502298678339
3.28367117866,5.2648891723361615
3.26411403171,5.1460984882689873
2.37745584936,4.0162484990928151
2.39857400492,4.1239614822260853
3.11937489124,4.9966132601474431
2.76771269984,4.4911017826444448
2.80368911377,4.5883867388925923
2.94120888897,4.6749062423681078
2.97376381432,4.8511119771279869
3.40895324579,5.3914740789016449
2.48400323187,4.2093447292244921
3.39103395365,5.407250584977386
3.06675809989,5.0605747368252674
3.52406267872,5.5198961186758453
3.38010628224,5.3973307409006432
3.70165904153,5.8508341788795049
3.55042422603,5.5921213771967286
2.38851246434,4.015944831338456
3.69890869016,5.9136348745668883
2.93569941967,4.7554650327741115
2.74226570791,4.4870576130795072
3.31183588771,5.249115007254094
2.9214548168,4.729773316301169
2.67600234384,4.3699728613047952
2.45681408725,4.1499779309162026
3.09347323743,4.9996783084500835
2.76657146115,4.4635156438468888
2.70874533339,4.4129153674608483
3.64529488737,5.7439815513200845
3.59602342324,5.7223901058693611
3.56600869461,5.6243026609238918
3.30742393772,5.33087617997188
3.0133593678,4.956039172071149
3.34734656684,5.3458943542194186
3.62517885511,5.7513802672126264
2.88800576017,4.7330773867860012
2.4892971395,4.1476267972076073
2.48394657819,4.1562194103663552
3.21994862297,5.1853614533178023
3.05893286157,4.9628498124957137
3.67387575324,5.7785481354812758
3.0590484519,4.9589817407083219
2.41498564743,4.0259622761080891
2.49142390947,4.211209463578224
3.29130075593,5.2220846306910138
3.63619521301,5.7739956500932026
2.48092419808,4.1781321011384733
2.84545816149,4.6599245433951273
3.71677058491,5.8653399497357217
2.82393015862,4.6028587546136785
3.15390989659,5.1603732938898794
3.64821084804,5.857358109973009
3.62764292455,5.7726208307615527
3.38307547605,5.3175624016010437
2.45937415905,4.0843285156115376
3.53499867868,5.6210955396827229
2.85602088291,4.6983276286983422
2.95196095529,4.7479352249677227
3.42578187358,5.4970060957556139
2.95173175939,4.8233229825786683
3.0127894329,4.7875987850472486
3.09802250025,4.9057966568794846
3.73357367266,5.8981753474454415
2.95822811222,4.8337477519863858
2.41538334318,4.1348966009159289
3.55633190064,5.6685720389504386
3.24399689216,5.1968270562301138
2.88125854077,4.6670201517944889
3.24313588933,5.2150302092092078
2.44876479323,4.1468478684892576
3.37766370684,5.417547275692673
2.97368027272,4.8062503813165414
2.78780476692,4.5125881344667738
3.37450514244,5.3295367747884015
3.43244069492,5.3951352065095763
2.86606940157,4.705207597196579
3.02733697671,4.890704191437603
2.97259021832,4.8242787457638334
2.38467196478,3.9696234602242653
2.64671342114,4.3651157163750023
3.24647886273,5.1639132380121868
2.7021665175,4.4448899895508376
2.78090040359,4.5734251265940582
2.72889315711,4.4559639397392994
3.05805641219,4.9504822743864372
2.89853205163,4.7161659478589435
3.29532906632,5.2589257897049357
2.42594097775,4.0643736068668259
3.23000359589,5.1538961436304884
2.91228687987,4.7282302675062775
3.05451419162,4.9264581060899548
2.50019442678,4.1823939238102446
2.85650064516,4.601514368852432
3.01139685705,4.9291910748807979
2.54842943189,4.2941831134967572
3.606773092,5.8021698846025931
3.8083261424,5.8781722360867201
3.80755299074,5.9932055391304697
3.51422096001,5.5340057655095505
3.5959191389,5.7736063729550668
3.48473302407,5.5595146857901385
3.03657042244,4.9458297991197551
2.70499988542,4.3947413985091988
3.69238071663,5.7768663297154896
2.98855105575,4.8419727438482569
3.03480566916,4.8862958498284756
2.60544043887,4.3162979318098804
2.58398444992,4.2606060366063758
2.68034672042,4.4232660130818529
2.7071206018,4.3853253771899761
2.76437919779,4.5134960661360797
3.42918209528,5.4877684821708215
2.79845409416,4.5699979839211746
2.82190312021,4.5650214731980165
3.75936319592,5.9213466531623187
2.57366639643,4.2487946555017109
2.58455555116,4.3038172349961314
3.44181129781,5.4302988047739209
2.78505096508,4.5757160308157854
3.7805497928,5.9715301876722364
3.0794951196,5.0079265993982727
3.49921522791,5.5937436296623693
3.69941720373,5.7787468164925988
2.3947287534,3.9406740723939557
3.40322749633,5.335366600325977
3.42078213417,5.4152747645558144
3.15247284281,5.0712808983106141
3.0862912989,5.0052439413516474
3.04802329366,4.945806759474074
2.62695351567,4.3153686354766165
3.2739808944,5.2534149678064965
3.68892700165,5.896898351801485
2.43989527391,4.0730098677228934
2.89826538097,4.7010587642332409
2.51389909324,4.1609840854924958
3.23304826627,5.1171592945222288
3.09428304776,5.0332437392954406
3.56893851683,5.6411620642889915
2.87411755551,4.6560877192337182
3.36986899016,5.3603377624435788
2.87936382371,4.6279766380274472
2.93728338359,4.8320397499284979
3.25765586899,5.2622687927840293
2.9718029586,4.8806534292977366
2.79479078994,4.5337462369603321
2.53583865931,4.18560019013605
3.14899156225,5.0880098908560116
2.88555842587,4.7223341009045718
3.45417018481,5.4697137372433611
3.67310454131,5.7979580423311283
3.07090875151,4.9601249973592862
2.57640170282,4.3442045411218224
3.15029487168,5.1347444719042228
2.44531017186,4.0408951684947763
3.52244772567,5.6089538861430599
2.7571971778,4.5175647684224209
3.74567330945,5.9404017180494657
2.43939642719,4.1337113329390363
2.81130979522,4.5812440646176311
2.47743383626,4.1392848852738453
3.64296555176,5.7001254713200007
3.62571682542,5.7911606639509783
3.72636545538,5.8104341865646942
2.67445079675,4.3106051593164167
3.48479004213,5.4920036751923673
2.62665925169,4.3174452108590948
3.32353809027,5.2415725795124803
2.65059474664,4.4517753775179605
3.0459185779,4.8408949577468459
3.35086053837,5.3470138389127699
3.68937082683,5.8238697131974551
2.91734182246,4.7516869982784264
2.49212797525,4.1199636479891781
3.36614314875,5.3332305375415565
3.25660336377,5.1380121139265382
3.57186186824,5.7351365489885566
2.48814465055,4.0713489828412319
2.99016105102,4.8952811416297877
3.03605539291,4.8990429065483454
2.45484616269,4.0922140556849724
3.09746939198,4.9705233448178978
3.37484501817,5.4426976845738597
3.79707438549,6.092431925760434
3.42628691297,5.4428564640658275
2.49795670171,4.2187432052930749
3.08901129528,4.9591702800018389
3.26256219244,5.2077006546628448
3.25595847922,5.123132225708142
2.90741330583,4.6598519532711498
2.70613774553,4.4886928171507927
3.37738422235,5.3136813993743948
2.61073534742,4.3950093671634738
2.46967345609,4.198340964238584
2.79474674974,4.5852688535675536
3.6326128143,5.7173796674995767
2.66648095541,4.4097744632508036
2.97092401184,4.8419817871467954
3.18681114913,5.1135792555813602
2.69094157397,4.4737982068937692
3.09223297508,4.97007439584522
3.67487443371,5.8068060886776598
2.95759902996,4.8204125326725444
3.3114149065,5.3207294955184308
3.31795668936,5.2986524079242043
2.96724858506,4.8077492386347309
2.64753518406,4.3985879521140046
2.86403974358,4.5772936670155469
2.73962947822,4.4832762238113393
3.580389962,5.6678895609816333
2.61441868785,4.313610898652751
3.66533691773,5.8857605484433693
2.87650224019,4.6830783139214649
3.54493692531,5.5446509139699653
3.06058544853,4.9511494646590934
3.78821910142,5.9153647183837306
2.55344637533,4.248622349520728
3.65764946793,5.737167882754183
3.17039297279,5.0637359192961657
3.0561686231,4.8841372077703458
3.79623533033,6.022420352371233
2.88639645865,4.5778072828780774
2.61619131683,4.385008272973244
2.76176233726,4.3935497271464579
2.53097082109,4.2090321253757805
3.45353301014,5.4878657000947069
3.80456203143,5.9480673506349566
3.45557327692,5.5340818177323525
2.46047899496,4.0972380215229274
2.52925849713,4.2085267319828894
2.78513531008,4.6215909244103139
2.68933874131,4.3543514628430033
2.90187635309,4.7392363618200308
3.08723532157,4.9820961867308595
3.214777981,5.1378273857877401
3.56897162379,5.582270647478019
3.63561055744,5.7935084949844899
2.72892969257,4.4647830384746623
2.79943707312,4.5103395772723722
2.46025264005,4.1444775172482764
2.3960208718,4.0324369219056493
3.73914259429,5.9294694525437226
3.56481356574,5.6146998844101237
2.89278236164,4.7267381958249537
3.08507220445,4.9169070489930533
3.39776672107,5.499890866607358
2.5872544551,4.2319071600558589
3.25508427642,5.1647221947040096
3.76042460315,6.0088394037172428
3.35410171689,5.3815636917945504
2.54278470381,4.1945160149626917
2.8575615417,4.667568383549245
3.54936368284,5.6079763309708852
3.06952671146,4.9454139992338746
2.61680489489,4.3260519321976352
2.82047004294,4.6073573412235511
3.79296902768,5.9054082757455078
2.68076879562,4.4685351008510503
3.05814389703,4.9129655176145652
3.43660229903,5.3563819758555811
2.94374860038,4.8168235477001025
2.54776151547,4.247059927211474
3.12988336175,5.0177079623297463
3.60648326857,5.7144622239081757
3.24241569199,5.1838284213487951
2.97035602348,4.6973579602625408
2.6315797473,4.3994762254369855
3.31455197499,5.2883563559881877
2.79750236837,4.5752830811501592
3.77782880548,5.9780887020696074
3.27337838436,5.2686774037709618
3.40886481387,5.4225759580255515
3.40407279571,5.4238781626499266
3.60977150937,5.8757597415275686
3.59030162707,5.6980969288822996
3.76605546908,5.9157723069721779
2.81840919935,4.6469513911629532
3.0308971434,4.8775964848536972
3.19357955458,5.107595025686269
3.55151757381,5.6713070119006286
3.30424676103,5.3244844278165386
3.49166394039,5.5626217238630735
3.4305003831,5.494395973542809
2.92351429447,4.7196613006405874
3.35409074745,5.374440395541713
2.7015621763,4.4481508538334467
3.20541004388,5.1839061342812407
3.53261491239,5.7021390538566603
2.4973264048,4.185620352919778
3.3247464282,5.2980143027983075
3.37041155176,5.4176854430032506
2.76912419204,4.4760076167069105
2.71128132626,4.4386079828560154
2.81440117476,4.6012412204134217
3.33467653668,5.3321916167175356
3.2787551662,5.2186252483886886
3.17489762775,5.0552269001164047
3.69897385416,5.7595080116440656
3.62956957043,5.7556260648604249
3.60094922248,5.6599981626553619
2.41773688847,4.0793786638341674
3.11828851942,5.0371174419589
3.62736809457,5.7974743071378096
3.47967031711,5.4634813038602008
2.5349726523,4.1717185351984014
3.2399860012,5.2056801954965621
2.39376742056,4.0186628446429165
2.8914245325,4.7314397515972448
2.8591084512,4.6136221648020488
3.21303714206,5.0680028262915569
3.6539797799,5.8439584933576034
3.50323114491,5.5282593604131485
2.39298271747,4.0478941504113095
2.63672926212,4.2840220083035305
2.64727305089,4.266451464178795
3.80824922015,5.9971008848831087
3.36850880216,5.371922280931404
3.32104230793,5.3263502224575916
2.719819594,4.4785921081964686
2.89253628093,4.630242688759421
3.49343398628,5.5125062048250788
2.91288267093,4.6963396973225731
2.8009049265,4.5460252039417925
3.29408112062,5.2985546921269053
3.38433706465,5.4490889749399765
3.02546512145,4.9171601938471898
2.88000494133,4.7178240967632252
2.42987580198,4.0527816509372245
3.67770682704,5.8092249609328315
3.74350189263,5.8832602667395895
2.4746347542,4.0999134012152654
2.88867383284,4.6806304690104419
2.83074091985,4.6375881636775942
3.25317389114,5.277689080663067
3.6622744678,5.8132111983152788
2.4818526684,4.1723580720305087
2.99585991315,4.9949822335333618
2.87292776244,4.6645931942475087
2.74246593499,4.5043314841795734
3.77480447776,5.9077239022777022
2.57826749944,4.3854330646347908
3.01560875271,4.9209826641791521
3.53849470174,5.6402368932224514
3.05270514219,4.914641325750666
2.53306843883,4.148649212449393
3.19411526327,5.1047622218241617
2.49217309685,4.0966346340084794
3.25471653703,5.173456047342345
2.81423987685,4.6481549587814177
3.09992521358,5.0431344563557028
2.91178396215,4.6786952523181498
2.71433537689,4.4618336408151986
3.77338500711,6.0108691043923823
2.62884223163,4.2933082170628873
3.61294625754,5.7083881759610451
3.55782069127,5.6727048422840776
2.65630451246,4.3608705960442755
2.78950006834,4.4448572337052576
3.17027287111,5.1783384639474965
3.51369406178,5.6266353433650806
3.58322876616,5.6932193711231509
2.61088516618,4.2947742855874944
3.20368611752,5.1331978854899862
2.47514636754,4.1138440494125241
3.5348326822,5.59545095601037
3.52115694224,5.591589775498675
2.73716001829,4.4473574435946821
2.40674378167,4.1164941208217689
3.33803222812,5.347616213727254
3.70418665222,5.8708431994368562
2.73429710145,4.4560555572153326
2.53616244169,4.2066061155179693
3.43130176431,5.4888241801004778
3.4849076128,5.5455559080098791
2.8750129279,4.6823113737355078
3.13117621386,5.099578166627456
2.63189242411,4.3423078467282377
2.65569898705,4.359490133568892
3.61175853675,5.6825703121153195
2.53402977091,4.1847926686237118
3.02581399474,4.8874748572878941
3.01874705365,4.920988791637714
3.17090766645,5.073879107840753
3.78866595971,5.9338908437785847
3.66786585919,5.7466793519178401
3.54871661826,5.6222436494551831
2.54067595845,4.2791239201980344
3.05243680803,4.9273750308161652
3.15485705085,5.0264311450126185
3.25587172614,5.2075077620969488
3.46920275909,5.5447814708811745
2.74530514788,4.4354844143031338
2.67875263729,4.3768828875377412
3.31705753041,5.3528554491090645
2.69675467675,4.37019176780524
3.1855312408,5.0410432141446169
2.81011050097,4.6025897463694463
3.00756339166,4.8436171949422473
3.42159259637,5.5048288902701668
3.80335223859,6.0150345398292204
3.05028171817,4.9045524830908898
3.42666427237,5.4252933942884818
2.58440240059,4.3554871832409825
3.5112672559,5.5999481404221614
3.65946840743,5.817060319018724
3.04740434268,4.9025124363153543
3.3048194454,5.2626434615976558
3.12226646425,5.1175059990939324
3.24146845603,5.2358610877241789
3.22570358112,5.1412400485962442
2.83725029631,4.6016861862756597
3.26730710996,5.2722554421224617
2.42027620594,4.0782994268886279
3.05922516992,5.0145076774603003
2.97418432546,4.7807873003186288
3.08840632537,4.9077747039741109
2.72506233828,4.3754209740528252
3.55244779635,5.6496972485753068
2.52892895889,4.2551852581039027
3.43811861116,5.4843584873628215
2.59789761956,4.2880202196180468
2.98347145794,4.7585953895457278
3.00874619046,4.7840003410727352
3.69004189779,5.7958780190825205
2.56320512381,4.3382383847165835
2.47027312972,4.0763135782948217
3.5494019575,5.642960037874885
3.48231392517,5.5312398651038954
3.33735858135,5.3456791307973299
3.4006895411,5.3971903901285678
3.31090947146,5.2792109535087839
3.7416050566,5.8421709037586611
3.37435601182,5.4132496145408178
2.85836784881,4.6648366570751634
3.49000236202,5.5485461231611097
2.58710529581,4.3100368595194842
3.17834436984,5.034054161256174
3.5953221485,5.6706045339670137
2.5531699013,4.2218665260877888
3.25243169088,5.1921033959655842
2.54311694491,4.165288801407824
3.07735061695,5.0156421197464027
2.60026684002,4.3301654252136856
3.28758688102,5.2476504433768731
3.01344729139,4.7993966926166198
2.71720889027,4.4511342607164828
3.20201195251,5.0694271115959992
2.98378487116,4.8322142986263001
3.73623198561,5.9202975407820571
2.4025982389,4.0691329741178635
3.56429015383,5.7758702707695431
3.10628456298,5.0637794344216687
3.17463564126,5.1883507010969385
3.56752211701,5.6284868370316081
3.77343906584,5.8004036578849609
2.44385220062,4.0544536754847851
2.99862361823,4.7640424421905374
3.24693434959,5.1116143736723245
2.63869703381,4.3106176037651789
3.01378694696,4.8962890842676838
2.87562203049,4.6970573034141214
2.40878572003,4.1051387956654688
3.02522285287,4.8871195893282531
2.92164041419,4.7438006599478637
3.70942409758,5.8764738615528689
2.77095919521,4.5616660455517337
2.66866387036,4.3129126012962393
3.19849522687,5.1554276694963219
2.53177855801,4.1863701518335592
3.04132530241,4.9690235822596476
2.60198336019,4.339245553058789
2.56322165763,4.2864984323420749
2.48485061043,4.1381143098082376
2.68849583602,4.376108544469469
3.38169670804,5.4283892881350937
3.05879329341,4.9423714716444307
3.74068048645,5.8624309977780271
2.83131003541,4.5510614665978109
2.48291902973,4.1959408925964228
3.58229262519,5.6187681432303114
2.6728825359,4.4577550469344898
3.4635085592,5.5260319581176676
2.39877862126,3.9774122001437737
2.73330261863,4.4486437353481261
3.48263904066,5.5293513821015292
2.81930920206,4.5921040678661909
3.16276827853,5.1081936900381599
3.20787058435,5.1149545522814028
2.92262196218,4.8235858012939428
3.26018905117,5.2856642780584773
2.4167993304,4.1024326803669515
2.98054006163,4.8613188350686345
3.17443463576,5.0976776330228883
2.82015366185,4.6157500792496133
3.80940508709,6.059077219884526
3.39906699018,5.4110170423297994
2.65096695732,4.4194706589196482
3.71551061853,5.8248050620347502
3.30736379616,5.2549811684777126
3.69569858977,5.7585415147003953
3.27266903819,5.3040964071668455
2.85284846066,4.6540019014716636
2.89935051543,4.7225715282180865
3.26481018585,5.2743404349758416
3.49352152316,5.5326049099234567
3.78512083545,5.8792746574732879
2.45931919421,4.1628633687208456
2.42784675346,4.0944325132427366
2.51433155616,4.1863981652574855
2.888708923,4.7648804100468301
2.99518518311,4.7181541771657542
3.57473469519,5.5934724111572081
2.77561016371,4.5243754093599655
2.72076540521,4.4960885602982996
2.9237891243,4.7952568342680388
2.56355396064,4.2820795082897432
2.90427476329,4.7291076845642985
3.67365320329,5.7791344643332252
2.73820175506,4.5795335086894937
3.12014598511,5.0311984886042946
2.39136293879,3.93948188527742
3.17716118338,5.1518567926513859
2.99422994453,4.9142807224802549
2.51596958847,4.1956742079464862
3.6612288447,5.7120837555774733
2.82848210771,4.5756587416583647
3.73365262093,5.8972655450268743
2.52447813761,4.200701691740945
3.41194909217,5.3821763781513887
2.49909811222,4.1561236607631562
2.86616388067,4.7101775291872006
3.76088345964,5.9644553582689541
2.64901173017,4.3503749215259955
3.79365821681,5.9222093043631441
2.50883333588,4.1837253700096326
2.83618984624,4.6554179176434607
2.77078856786,4.4607870482771421
2.71979904927,4.4594203380924018
2.81679185456,4.5886497145464515
3.66763359209,5.6779271863161753
3.21367259547,5.1047812156913013
3.01121562412,4.9171119731075033
2.92327737195,4.6624317119563958
2.48205848907,4.1098898267154418
3.61803916387,5.6244167447267559
2.7287913578,4.4223528120565954
3.55538480438,5.6175524426517889
2.96014432623,4.7627108070755115
3.75750896367,5.896600815751885
2.56548500726,4.330401638674573
2.54975019523,4.1645927693856608
2.67525132849,4.3560169823994981
2.37711304222,3.9940323882322013
2.47819252853,4.1398605279838838
3.42389907797,5.4552348596683045
3.23907636351,5.2255296272504665
2.45890680557,4.0538861154366721
2.74306288213,4.5470021484232186
3.43562561597,5.4625332369648678
3.68228611756,5.8771079985046137
3.79278131129,5.8873967421491127
2.53815064444,4.2156363623833126
3.10630830301,5.0470296770745531
3.62145816226,5.7589013161864351
3.07674530479,5.0029993906804684
3.41461718814,5.4498738159061748
3.31572624791,5.2386215133336398
3.64744715779,5.7826799695843292
2.95590184543,4.7842695934330459
3.40424103614,5.4009065724823042
3.70769013496,5.8475676545171407
2.65614517671,4.3741071942169167
3.75941962423,5.9047266954153725
3.40618696953,5.4746336153947146
3.45059330904,5.3452040348750183
2.39302918131,4.0655812189273997
3.21089668415,5.1345992212594833
2.69835236613,4.4932190882642002
2.72182416347,4.4780533203023278
3.08811774922,4.9602602254281605
2.67083852436,4.3986862252139689
3.11343522805,4.9894672559278517
3.35760622386,5.3891879183836338
2.99756866911,4.8095890145167717
2.38156909041,4.0890168466434984
3.1254728183,5.1002601471692159
3.20977302158,5.2198638181941552
2.53795200035,4.2002666501990298
3.15555256388,4.9954994635855865
3.80654092134,5.9007098584751523
3.35596928901,5.3649675304107882
3.51403537597,5.6918083796834225
3.38688862453,5.4686988214386139
3.20355728687,5.1259232730082989
3.10486421721,5.0275188167385698
3.53161217843,5.7057168359315416
3.58594340002,5.672809474930343
3.40241344131,5.3992589353072091
2.58549893067,4.2516111622225576
3.6582911534,5.6472714375513773
3.60017081941,5.6220340987027795
3.4071940517,5.4128045874167094
2.74779493625,4.4916593327198395
3.23451391603,5.1969658144237787
2.56617862463,4.2515631321177301
3.02553392108,4.8660827467444552
2.92414940626,4.7580085688272504
2.53501644474,4.2132150992284716
2.93522293931,4.8243143362902305
3.22385680366,5.1750067444625678
3.71820809817,5.8880634518248174
3.50560421899,5.6129474624898696
3.53574655711,5.6665663266775947
3.1943734915,5.0611789933627813
2.71522956092,4.4706098988424721
3.59948737741,5.6851977661876338
2.43126752334,4.141318170148133
3.47323004988,5.5391773427657203
3.08928257598,5.0371626945312054
2.62346315684,4.3291820656613549
3.75877191873,5.9164767065001369
3.51989420976,5.6028520916919469
3.66288761116,5.7258364857896362
2.58185030216,4.379850659726559
3.74168567896,5.9033285910421469
2.94385883769,4.7878398222765837
3.73140223044,5.8736772040210656
3.10850897639,4.9882934628311766
3.43945482905,5.4391905814197248
3.10962896054,5.0182557730953983
3.12367586126,5.0982094666624374
3.5661734121,5.5895254356860677
3.75299625193,6.0014701665639301
3.23308458315,5.1547542932290336
3.63182242337,5.6549286093491622
3.62042611348,5.8486388828747042
2.53771475645,4.1182188260130896
3.08345820049,4.9250336737475102
2.6672118296,4.4152263199221604
3.48801692003,5.5067901676176145
3.57079074444,5.508694250786597
3.47668525584,5.4888815357814709
3.02094516978,5.0146878039141409
2.41013735007,4.0574653968986203
3.57421999977,5.6710416957789977
3.47612798898,5.466153331638953
3.56008073939,5.6231548775885516
2.54255737104,4.2752721171914105
3.31138210371,5.2878896515673928
3.38149690844,5.3906923507947138
3.77050223052,5.843070420039818
2.60032929227,4.31316728759451
3.74883816654,5.920198276620706
2.89047376797,4.754121125510391
3.60272612793,5.7158955187021085
3.49543666993,5.6671541156883825
3.58830953433,5.7487852299207258
3.69155251635,5.8383915577705832
2.96012111034,4.7749298536769373
2.54033185823,4.2537969360404473
3.21334676763,5.0979425721912222
3.06962046981,4.9471054128689715
3.64185689556,5.8489648487361636
2.82137585403,4.7134918858396562
3.33411244649,5.1648370309004141
3.51963097822,5.5762773821673237
3.00518828798,4.8709725420174861
3.49354923243,5.4937583227357489
2.9371944808,4.7696501401462914
3.25548782005,5.2081018835302464
2.68698612728,4.4541506818150314
2.86257194085,4.695759008720195
2.83158841577,4.5771526378658995
3.64604917534,5.7681539789444338
3.21635279044,5.2028758377020861
3.67264029032,5.8696025183995282
2.90810504602,4.696715204299049
3.08731843448,5.0907721889361586
3.33736083761,5.3136383657290978
3.32171606531,5.3491043407737475
2.6338817116,4.4171986971388959
2.56277650631,4.1593020954666313
3.15931574971,5.1206579393615277
2.77251222688,4.5104329643137726
2.71261439624,4.4579921282608064
2.40722503308,4.0685950230598396
3.70804792826,5.9191724668605046
3.72326970075,5.8399641908974624
3.6003157296,5.7153744195337097
2.95872052052,4.7686836606099927
3.79990035243,5.9505275917298466
3.41425109777,5.4904156033959275
2.607355408,4.2542256906983722
3.41357590659,5.4094316413839652
2.87597368513,4.6336377125392865
3.20494390256,5.1480401317446116
3.30280946423,5.2091293184189338
3.62507292117,5.8350217561498718
3.64092517025,5.7573684826445026
2.58326154311,4.24216655439304
3.58346312781,5.7115769787676856
2.76436471918,4.4944616466368839
3.40241418356,5.4079167190302657
3.30189587841,5.3246486207396329
2.60066302952,4.2858688809570236
2.434928545,4.0650556524810328
3.22873069514,5.1527959175010896
2.97340284898,4.8763468610307106
3.76740664432,5.8705611245307301
3.45557837954,5.4371902701353925
2.45579274729,4.1075492417333512
2.39995331493,3.9818560910987535
2.62091193929,4.3390459949640192
2.39868473537,4.0567055380699113
3.61947300719,5.6312525398534738
3.03455149021,4.832360821993567
3.61347933364,5.7252993241992298
3.5432449543,5.5459114569947312
3.74235794392,5.8522642638213576
3.64281994701,5.7530573000405409
2.7849771166,4.576817176881943
2.46653592534,4.1568323506123503
2.38051604449,3.976642809620667
2.88721954333,4.7293556427310355
3.48995797392,5.5016117817153294
3.10234957218,5.0439086585476725
2.96239697507,4.7680858570016564
2.44155656277,4.0714202969723008
2.91515306027,4.7585916880352759
3.06046738908,4.908052433294718
2.43793081522,4.064844923219515
2.94751604784,4.7984139378392356
3.69943993528,5.7931253731494392
3.74608656321,5.9705103314138244
3.61847079437,5.7651782381265626
3.55893631162,5.5685023553266797
2.56882986888,4.2590950668263838
2.67776337299,4.4389009855354917
3.3428022153,5.2528134827251431
2.61188266748,4.2367132313348055
2.83357884779,4.5890313851127296
3.80311297186,5.8985396887280421
3.19099903134,5.1901013122600688
2.53668694388,4.1833135441638998
2.76434178901,4.544308467928813
2.8576969223,4.6161120353193681
3.58853767421,5.6202907513894216
2.99798987437,4.9410015619208574
3.56081229976,5.6446250421231561
3.25030620874,5.260487539924724
3.23159048482,5.0961447499280847
3.52277509582,5.5826758311864699
2.64461237796,4.3587071359579586
3.16199561053,5.0339580861828388
2.78406531527,4.5643538966566304
3.25848438362,5.2654237610336674
3.73213136578,5.8969738176180657
3.73442309128,5.807875314602005
3.71788340213,5.8915635399993267
2.74175933248,4.5165914232705049
3.61266801064,5.6924028042959991
3.15488475244,4.9898806917411962
3.24560886035,5.1682741336184765
2.89845433179,4.6421416821210952
2.39174432644,4.0381450508204511
3.58883964527,5.7293728652174876
2.50939742114,4.1554578406089409
3.51947945276,5.5767101255232303
3.46898001358,5.5877573334993205
3.19691781588,5.1546666755737602
3.57773622235,5.6878904658699172
2.92900821597,4.7275072987918145
3.34716428387,5.2570183928677361
3.67898296438,5.7498100288526075
3.31292998912,5.2659083174011343
2.76694414922,4.5852745531761743
3.09603856859,4.9884731998870073
3.20503553143,5.0820585980395681
3.08888615229,4.9754879375858962
3.77687056758,5.8661501355159098
2.48311767527,4.1843589886162107
2.75254220184,4.4683807921792953
3.6931551467,5.8329800201543192
3.73318616833,5.8652605388726382
3.73584953958,5.9465295758557097
3.09788893563,4.9444208369668772
2.81307197017,4.6060483188667174
3.14752795729,5.0772567636448374
3.17438070683,5.0391689108736388
3.16023232218,5.1749484899553426
2.49982335231,4.1971941664030803
2.55139019369,4.284414730115933
3.51994907601,5.5574494028433774
2.82344807012,4.6010859256410095
3.75261166253,5.8943825710241917
3.04150427071,4.8362259470137516
3.32915798621,5.3133113458188346
3.22841540268,5.1288604391459369
3.74938437181,5.8581826309986607
2.51250466791,4.2645388977441954
3.46343535785,5.4772999648902116
2.91427814777,4.6382850596363872
2.89670279957,4.7084917676504165
3.27472144162,5.2360694952284934
3.21220274992,5.1798768171544038
3.18052476678,4.9925227879116525
2.86254946705,4.6205934686242705
3.27840920278,5.220481133564582
2.83049109665,4.6325605376084855
3.36777401383,5.3406961775734541
2.57100188813,4.2602580616830226
2.70138400749,4.5426888784233022
2.6147360448,4.2414082423949102
3.32157310629,5.3307014613829988
2.58321800658,4.2924027726429266
3.78554067211,5.864081370662209
3.51395294841,5.5094531346968862
3.40006526074,5.4797023524996895
3.26394645364,5.1919438359843246
3.23773656214,5.1273900234885996
2.76040788705,4.5655041359208388
3.72082737376,5.9024916252064479
3.14839661972,5.0745566872291485
2.41490768045,4.0379588258469843
2.76210487579,4.5162178837569504
3.53203603426,5.5786083864975087
2.72315657968,4.5062273807534226
3.40222547334,5.438093786814818
2.65912164447,4.4556795566233438
3.68263383442,5.7845488689671987
2.79409377116,4.6217330333736815
3.66344194337,5.8419010584451039
3.12787062486,5.0258295535537583
2.54079471493,4.2901947791678827
3.4945968615,5.5920887669545785
2.81141773247,4.6155074388751149
3.56495121845,5.5843419027778936
3.18714810865,5.0811971232136095
2.72100668088,4.5048171041196623
2.65413590509,4.3204177645626061
2.63193380619,4.3306854256668981
2.92322453662,4.6909558769047122
3.61003655026,5.6813717724866954
3.31187203777,5.2622620762951433
3.07584248802,4.9673010100439976
3.15871388374,5.1229588867472762
3.46240608697,5.4955525072681102
2.74460343345,4.5088462842941217
3.64439672599,5.734384271317265
3.60050358299,5.6852251596956398
2.5781450112,4.2942095096628643
2.92645777958,4.7441475267602184
3.33788679567,5.3885547893631012
2.62686162781,4.3997444147365954
3.0617691457,4.9758945071448162
2.61372255847,4.4357469994361161
2.88339548217,4.6062633551565852
2.72221819084,4.4547916461086983
2.59696810741,4.2668903681360986
3.74709841616,5.9562530078714424
3.08209660603,5.0073821516230357
2.94906436787,4.8131033025563941
2.47352544372,4.0929131353805541
3.3584332935,5.2873108967962583
3.73443233282,5.9333642437268459
3.29087601607,5.3086300522567544
2.78863109706,4.5879933197074871
3.20195553387,5.1908284609343536
3.53556840542,5.5580888667962842
2.62971647929,4.343575957307948
3.31143925019,5.2464587353722347
3.63297176191,5.7573976974203127
3.22172974627,5.1703331700198953
3.61007718052,5.7197393947202277
2.75481990356,4.4580139752294947
3.68850548913,5.8251382470082698
2.97497587438,4.8524576765973562
3.54394005762,5.5784538035568056
3.63779680687,5.7602604475134891
3.39024352806,5.3251759387664181
3.46555471,5.5059230873003306
3.35576439849,5.3111733256460782
2.44151557561,4.108460038012022
3.72281127111,5.8057752776082925
3.54069122505,5.6424919218820486
3.52486355802,5.5000057657498855
3.33843077382,5.4028452545209014
3.64882249704,5.8188441818028842
3.423609314,5.4758455356831002
2.92163956518,4.7053680163002189
3.69942028123,5.9076308085448153
3.55700615163,5.5487563894045939
2.49080177803,4.2210591424951085
2.91322167961,4.6547788136173063
3.16386095596,5.1057902981512928
3.165701837,5.0111624263205199
2.92633465112,4.8292662370369284
3.1237826786,5.0047166421423865
2.92055248627,4.7112069836177319
3.52055444163,5.5702953368419426
2.99788538239,4.7855042594165456
3.1740205916,5.1037484845607706
3.61726136545,5.743426254292725
2.58260887451,4.3420297665152736
3.69855681843,5.7517747320402588
3.2688950708,5.2894375338171544
2.9163926546,4.722045700157139
2.95632472179,4.830893646384709
3.37662472478,5.3289140726777759
3.77165780185,6.0284885675839783
3.64547464103,5.7207373401016683
3.43209002529,5.4207892014900612
2.92274065863,4.7497410564514064
2.9726784581,4.7920767953428349
3.49086886638,5.5611635226868303
3.30625620429,5.2515979159054327
3.30338386878,5.2716448778223732
3.63441497184,5.7871781281681383
3.52568487898,5.5934153768857025
2.57455670724,4.3150898156662789
3.39376710431,5.3892910769310731
2.67885496931,4.3968969393702464
3.52909777453,5.7164358405063664
3.59327450788,5.7075446596710453
2.82256951144,4.6031944109580287
3.0270207879,4.9102226891248053
3.68957514885,5.7994316161615203
3.31788255704,5.3291798383995346
2.93147152576,4.771857398585909
3.24033657346,5.2400680300903701
2.91408249725,4.7436994967680484
2.41709089883,3.9852307357622694
3.64168832908,5.7652764254574453
3.46654924789,5.3907216163900635
2.99560549547,4.8560676426107072
3.62334313316,5.7200292416537168
3.34761917452,5.2864734910728437
2.64275744955,4.3931297708003934
3.72006023774,5.9319983219505863
2.44626630542,4.1334169494488791
2.791787714,4.5108623707650732
2.64572502592,4.5068971842544521
3.49307224127,5.5790013202181248
3.24773295306,5.1059205848624831
3.41636754547,5.4142657198444644
2.56091683332,4.2146327836810986
3.51356434232,5.6507328565172914
2.51059270335,4.2065619974866442
3.38491376125,5.3681993891882636
2.4171407787,4.0268681779729434
2.58039617029,4.3055888074475757
3.50936299741,5.6654835264286776
3.19022065088,5.1075614036030466
3.50750995759,5.5102406939639303
3.63553824782,5.7507738747934072
3.79871060769,5.9888646424650362
3.56818517614,5.6317279435063501
3.69301601013,5.7639932720622955
2.4760847426,4.1762764331534257
3.15685765685,5.0902417298527034
3.63694679759,5.752624406228807
2.6491640825,4.3338574306789521
2.39762473101,4.0431850047053368
3.64391541187,5.7463447830170145
3.21393755301,5.208775877377251
3.5771319407,5.6980004210623862
3.39535878256,5.3473334981373135
3.35613073031,5.4967589241606571
2.66368330939,4.4145443147984418
3.72863942781,5.8718822768685959
3.4150641007,5.4692390733684677
2.66890718836,4.4195300662269386
2.4911502634,4.0894760255061477
3.54053935855,5.6725387834505714
3.16537797228,5.1335853402672873
2.6979488058,4.4702359268654384
2.49894130915,4.1169837949821355
2.95253586713,4.739950152709854
3.4136273874,5.5155249118510552
3.52267049771,5.5612873630792334
3.55293653922,5.5362324893164354
2.73932737052,4.4372339761919806
2.64499388077,4.3881509163783781
3.65557909443,5.8400410493084358
2.86142346037,4.6207054119208832
3.74833923856,5.8877802706336073
3.51001374455,5.627821430804544
3.64528832351,5.6677654331210192
2.52474347728,4.129987206238094
2.39117626569,4.001056189925885
2.41053099032,4.0254614324917739
3.51215085265,5.5915868487526943
3.07822775705,4.9567468683365794
2.95341901641,4.7710507206813704
2.69926665986,4.444084693019664
2.79186622577,4.4486582524254539
2.59366937627,4.3091847422476226
3.37499494537,5.3662419203894292
2.86010096463,4.6859507123092046
3.2976770291,5.2712008765297718
3.09621369668,4.9008977601576529
3.44558392415,5.5007352419996316
3.06796463792,4.9535733607262484
3.76404609942,5.9722476845995507
3.74391350011,5.9059259928175054
3.77452158938,6.0159610461172282
3.40887854903,5.4673835330779994
3.67010276861,5.8661139181451709
3.79424338341,5.9839538734490851
3.12254805036,5.0356410293753671
2.9147163315,4.7209893912185228
2.52931005252,4.2490764200114768
3.52841081401,5.6637169704083892
3.39298273573,5.3934286400524254
2.46117071057,4.067822983657714
2.9278432617,4.7191211607866972
3.35677034924,5.3671455586250554
2.47729464486,4.2247931811030615
3.51987566536,5.540701112266242
2.78711145805,4.5088689357628997
2.78823924238,4.595392675489653
2.56768188946,4.2559245287584027
3.5611477251,5.6731266052667015
3.49902258342,5.436282476682516
3.66333547152,5.7903725716938563
2.93893709576,4.7937716963596442
3.70476037874,5.8928463020995574
3.654785318,5.622455624673103
3.50339596305,5.6168924725460538
3.32349361446,5.3662195329583682
3.07394100243,4.9566083265175136
3.61791998755,5.7094644566116877
3.25716402679,5.2710319706788766
3.44733458532,5.4828625735420946
3.18392710511,5.1144567337929212
2.4033301497,4.0482442947466959
3.11287030601,4.9995537346649703
2.94592740934,4.8340305500043668
2.79172932361,4.5310183803604485
3.57600912605,5.6534029565776258
3.29522488365,5.3131563162515771
2.39277765779,4.0185694415531366
3.65301036458,5.780249613825748
2.44964601611,4.0699936688850942
2.94149671319,4.837156802010381
3.532481284,5.5996406155474014
3.34533341977,5.3698208230557674
3.2990948258,5.2893389125412904
2.82008205521,4.5600015001581902
2.43201693353,4.0629516951386222
2.50041180238,4.1346818220759056
3.55909856336,5.5308056343045759
2.69334065321,4.4430289046547271
3.15277377565,5.059394690646891
3.48745912552,5.571303201304814
3.53497053317,5.5614483989385013
2.75133296928,4.4851174229000561
2.73100233638,4.430705826269719
2.5559058914,4.2524693083902347
3.4508645483,5.5296929789590248
2.74262775981,4.476569022437519
2.45902399094,4.0566450030609857
2.4933141895,4.1581162272212575
2.59617770432,4.3029364826064374
2.78446656579,4.5875488750094018
2.49933266169,4.1379577631881004
3.37900613418,5.331538959126414
3.79222447015,5.9568690405058007
3.43751455144,5.4639682889357131
2.92708373628,4.7384536387085117
3.54593170133,5.5273933553272032
2.59876116495,4.3043133271887077
3.20384043714,5.1520974338925711
2.83913801755,4.6416416670411564
2.83258555246,4.6742424069658304
3.68628720791,5.8778995434751966
3.04615865213,4.8659090321203857
3.78929611951,5.8585913207896203
2.91097078757,4.7005630101743288
2.58891991041,4.2284633439620274
2.63547204803,4.3223427091645874
2.48250077553,4.1751140006677403
3.25235402891,5.2653421972553245
2.97690505773,4.8805578925623632
3.49670119035,5.5547282832910563
3.44911027316,5.4253732182306456
3.03410842353,4.9338071922274516
3.64464810699,5.7744228273979452
2.69784455653,4.439703057815775
2.48408066363,4.1495667064781232
2.5348214655,4.1821407261536203
3.40032401765,5.4410955557070411
2.69858148362,4.401872035673156
3.35543698792,5.3358581508174039
2.44068959002,4.1450238190907349
3.25540875612,5.2077177063731686
3.34496897068,5.3100358742773928
2.44075674038,4.1233570439271272
2.49130381966,4.1865674355561167
3.42244781792,5.4180429124560288
2.97872830959,4.813566322882652
2.56511066348,4.2215244016173434
3.05576637829,4.9300292281776459
2.88072542836,4.7489887123250849
2.95183721287,4.7778832624084133
2.93511230767,4.7406958878186769
3.49804798351,5.4942245098571671
3.78467070325,5.9974612019660523
2.57026814178,4.2660990089715236
3.66542461196,5.7922832814280119
3.60883037208,5.7270087705945585
2.69633121038,4.3999437007687314
3.28406498992,5.1805687607421547
2.97970472407,4.8854617584445519
2.38723002208,4.066308014426852
3.52124025053,5.6175906179418282
3.40018241789,5.4566476852531727
3.37409486326,5.4482779742889127
2.77194699297,4.5168212904614187
3.66250805968,5.6623821170505293
2.98945308632,4.8061602234104281
3.69867122456,5.7642006315477747
2.81848364156,4.5551776038977119
2.84487952938,4.6358485847264816
3.20067259256,5.2256502847638764
3.13936751528,5.0637649433242888
3.37079083341,5.3216147641614437
3.5657971779,5.7578851984569503
3.69028180817,5.8464740798910499
2.80825106047,4.6081913109567099
3.36226646853,5.340244823744376
3.00351141225,4.8348585149983618
3.0936247384,4.9296582113923009
3.07962569508,4.92299995156724
3.52537674926,5.6703074779026608
2.92968200369,4.8778268269841476
2.79475851071,4.5729017715399838
3.04352846178,4.8614340013707915
3.32635826612,5.3736240773379862
2.88960989442,4.733886648943181
3.11224756985,4.9978630877212566
2.4028077755,4.0463752850588897
2.5541546277,4.2550031953267959
3.20888573132,5.0717821726547632
3.26152598297,5.2315910539667012
2.66104009261,4.4720270525450312
3.78470526113,6.010982898046632
3.807522825,5.9140204858648096
3.55109858267,5.6060580889580951
2.92156725561,4.7084289186422632
3.50406675164,5.5833462745960531
3.38327563597,5.3381927776110372
3.312894029,5.3282271343302963
2.50728201771,4.1589655593087462
3.25447736239,5.2850810133181678
3.47570250874,5.6493544422902602
3.2143943901,5.1538096329865413
3.21403721249,5.1571260575722562
2.50292907143,4.1848562601329329
3.218871815,5.1895827592385482
2.5589117897,4.2189733819129653
2.96499616292,4.8220616141197459
3.8113992548,6.104837809125133
2.97961852709,4.7956742032526112
3.22930409706,5.0899668846366746
2.76262127622,4.5918796032281834
2.65885122392,4.3399423137761231
2.54034233588,4.2484241243513532
3.34531987284,5.434942363723045
3.52434542624,5.5902184881569346
3.21227705225,5.1738615918755748
3.0955670102,5.0626200207469072
3.47405822857,5.5068089665311497
2.47674932214,4.0703882786799364
2.63882587642,4.4099172618866245
2.84819839791,4.6327911672157125
3.75213378535,5.9825081601315437
2.85359208022,4.6182794334148261
3.4830230044,5.5763172699719981
2.55788301034,4.2863596780494504
2.52174221184,4.1851318547242364
3.75788288836,5.9572532005315519
2.81653693464,4.5382102482166262
3.32951954498,5.3456045962713903
2.94122402033,4.7450583904591257
3.38340570816,5.4010453550501341
3.15475315821,5.0525001615792586
2.67016614287,4.4390189479294717
2.55935780202,4.255563040893076
2.71694958123,4.4617892417892637
2.494596058,4.1537320529283042
3.73282180036,5.864751876209529
2.71421349109,4.5213849121570053
3.66582594961,5.789509270068522
3.20903856261,5.1335382991009224
2.89205760667,4.6309038816449313
2.58672402845,4.3301605378884878
3.45705070053,5.4483410911705796
2.38297069924,3.9323423818689069
3.30446127054,5.2001644214811789
3.21456002857,5.1704862707377304
3.58884379282,5.6233808226000752
2.89357697321,4.6766760394205162
2.73224750358,4.4261733560975021
3.42828427574,5.4715508696212334
3.06214699799,5.0281080013650099
3.58540250682,5.7616516438005485
2.46541200998,4.0857306545755359
2.73453221281,4.3982588191337664
3.12758447839,5.0401197392460295
3.13325154722,5.0814868309753409
3.53001156002,5.5680381865910809
2.84649696134,4.6677564586601816
3.80481356762,6.0960570769219666
2.87507013181,4.7262328205585433
2.47568986431,4.18524275824723
2.59915437303,4.2806535916180701
3.27164627395,5.2693972179033164
3.75673970814,5.8513524203770038
3.22586897154,5.2478607848413494
3.63554538638,5.7318855248082947
3.07674169195,4.9512537114816126
3.43166330525,5.5097929131071037
3.53464919412,5.6413412298100623
2.79631363791,4.5759017529362636
3.7832549728,6.0432427095373331
2.77444143668,4.5466560059897398
3.80702689032,5.9307580181254158
2.65895623361,4.3377723345577639
2.72597107163,4.4581828943158568
2.62156907409,4.3104267172924224
2.52240383834,4.1332770075437653
3.79884894458,6.0189276525274202
2.69306798198,4.4881382290037406
3.78173209697,5.9753581683432229
3.18620398812,5.1891917882940408
3.42226814825,5.4989835234644984
3.50003074938,5.5664609303638004
2.53139570711,4.2423931309124523
3.69562266793,5.9473348838150519
3.19784581548,5.1780673760349272
2.50462140448,4.148066477766629
2.41611767365,4.0473652720917563
2.95377949228,4.8844067338091195
3.37325507097,5.2590135166225851
2.99622436463,4.8577870992495162
3.5396850691,5.5302625651961224
3.09343767226,5.0344556830976117
2.7064276389,4.4531570846431103
3.14631701097,5.0479375464743867
3.23056106908,5.1334950451527455
3.3365697191,5.2977055940033928
3.67131229852,5.9399553632509479
3.54056521926,5.6676187605827568
2.65517899579,4.3693527309402107
3.4381873702,5.4807196885725364
2.59905658412,4.2448841855427668
3.03949722388,4.843188348326362
2.38334231527,3.9638012993582921
3.12468497522,5.0385822472161657
3.5508656378,5.6434822603782608
3.48668488284,5.5386389273981713
2.58403229371,4.3030195875325514
3.08841877305,4.8823872109631257
2.39026526316,4.0937420308995343
2.64498272624,4.3619960284086057
2.8300186368,4.591376756302882
2.80389226572,4.5906434850647297
2.72552261184,4.4683673578251053
2.67988787067,4.4241672572445303
3.3671736033,5.3712636319453839
3.26336245125,5.1928289020464167
3.71257839807,5.8459720731758837
2.75943427773,4.5473150415673045
3.50299028557,5.5710712275932641
3.2789442391,5.2313936013844726
3.46745980371,5.4741066120074482
2.54880511145,4.2317279671735957
2.69107648714,4.4429440527658715
3.28280845306,5.2378123972626813
2.81225409428,4.5712137286414256
3.01224067554,4.8192816176107272
2.87476669667,4.664487749515013
3.52440017836,5.621632115527543
3.73187195109,5.8344323852126516
2.93425256015,4.8069584772072691
3.74090291207,5.8487352476253385
3.45839132253,5.5626716211046014
2.5823744503,4.3396451708725037
2.74341845695,4.468156802141305
2.49476010888,4.2056187251833892
3.01697900642,4.9103697627791858
3.04204910524,4.9050248447842595
3.12629002037,4.9685374071713646
3.75728018357,5.9671550485145701
3.33189592075,5.376214260175038
3.04567991823,4.8829105963093689
2.49526117882,4.1182089348985365
3.26883697618,5.2232925102074841
2.65880858338,4.4207267809773949
3.76276679442,5.8757528751028048
3.22774633657,5.2051690612412358
3.16688785682,5.121291095492694
2.55656234863,4.2499228549482631
2.77220432544,4.5510702246747607
3.21324002685,5.1121297695737615
3.51347531706,5.6038570204456191
2.99898640216,4.8310387565425916
3.60241359614,5.6913366909690728
3.80747626054,5.9713926096918017
3.28266403545,5.144632540139134
3.48591804919,5.5340201765922812
3.58033048338,5.5834457105261581
2.41236547336,4.0800605240078323
2.4810256501,4.1001913291815191
3.41435919782,5.4144446627190437
2.78319885046,4.5492344743329811
3.54057519801,5.6195473172547139
3.47465861904,5.686721579120805
3.47107911854,5.5868008830594071
3.55062487627,5.6933422120931461
3.45349702998,5.4094381080911287
2.5364626512,4.1687053848133591
3.11062106637,4.977981020537575
2.59175517193,4.2277823441921134
2.97244084759,4.7096810048684778
2.68912090581,4.4080998499524311
3.49250170776,5.4122089167521015
3.29247401768,5.2769453724095774
3.30726581419,5.2874917297860691
3.06914993608,4.9193865528851894
3.24402907693,5.1771301278318846
3.03867721813,4.9249776343829916
2.41348303517,4.0000197506072412
3.08487577645,4.9572919820391608
2.69250369329,4.3794546522885787
3.39984801712,5.3896658006045959
2.78432852771,4.5648030605162129
2.56006821407,4.2400857322972572
3.54877367667,5.6969545886951529
3.76221373381,5.8813315453403341
2.72184382237,4.4397209189381881
2.43049935438,4.0239265352089353
2.84560771966,4.5893296386382305
2.88697549973,4.7545684934058068
2.64987857349,4.365176247751962
3.03307350954,4.9278420690180713
3.13014708472,5.0285040279686406
3.780266263,5.9025236324467025
3.54788433846,5.7080399031556892
2.72099819941,4.495033463379646
2.72277441509,4.4365525456372668
3.63709852847,5.7067702465563093
2.90847608741,4.729317512664367
3.04499885615,4.9256556628672756
3.31867160098,5.439543836410734
3.30852438645,5.418211645359106
2.94080350296,4.7109994518853648
2.42123152597,4.0758897706690815
3.65320375686,5.758459439753044
3.01980296465,4.852037012987318
2.74740757167,4.4823489238593766
2.82429186969,4.6067008982962374
2.54053403533,4.1712606509482422
3.47818851154,5.5404108308358886
3.33430773329,5.3829300751317799
3.08667965558,4.9848480218769957
3.31771958476,5.2378106767792261
2.81114823525,4.5311311883198773
3.0584932432,4.9296751919618345
3.28360366681,5.320619756052964
3.79294105946,6.0136794991321567
2.85436246791,4.6266160271631263
3.10754333467,4.9767031995167743
3.46980926505,5.4735033600136367
3.70911553396,5.8702108829283937
2.68123526772,4.3588388458548302
2.93176564936,4.7799272744480481
2.90726837926,4.6535390044363893
3.70045552454,5.8908257461266542
2.7367301803,4.5652584734142163
3.11723991507,4.9794528153860238
2.99365578495,4.8565289448650768
2.56501480064,4.1702931405716983
2.96290636848,4.796550205479722
2.85737012367,4.6232499555459299
3.62177652768,5.7792112695831532
3.75040493655,5.9054581688540342
2.43786740578,4.0566483750267679
3.1964602613,5.0897273658407736
2.58779351595,4.2909476446655992
3.22680407984,5.1527562367943238
3.49922542202,5.5331331074669698
2.49296939434,4.1853992381593894
3.08068879567,5.0081247693244473
3.60038811381,5.7228813244993555
2.9260286292,4.748295864612615
2.97417721312,4.8451607859452652
3.36081393999,5.3739230921406271
3.78765845785,6.0749241410278838
3.28867540856,5.2017550428553747
3.43956659235,5.5188553322303253
2.53923814756,4.2298174791993679
2.86502628896,4.6335847674438568
3.565107916,5.6788487932365186
3.50683618867,5.5723822801353462
2.77536787554,4.5951506088309966
3.18998237997,5.1278387990792673
3.33422267481,5.2509280188415772
3.22575783687,5.1839954871804892
3.1028438065,4.9912327179494493
3.23572024787,5.1634235113724385
2.44498277085,4.0661371965762161
2.56685394056,4.254064409759156
2.3923626425,4.048423571266313
2.3995801892,3.9902054819708623
2.65182458764,4.300383278999381
3.1871018619,5.1094578099458676
3.0685619842,5.0007704548036331
3.53764598599,5.7182138475501771
3.29316929581,5.3652946841565097
3.35549259704,5.362785158336635
2.96471707653,4.8728826926576483
3.29405168133,5.2850335010595089
2.51917216207,4.1367527281714613
3.04047032973,4.9219343601298338
2.89124780287,4.7523014069581881
3.37470669208,5.3487551569274201
3.3003598252,5.3409007698842297
2.57672909351,4.2899182383638257
3.5842873238,5.6808357478968032
3.73909154753,5.8711335950380033
2.44573941597,4.0637388008060098
2.71805928287,4.3721079693910303
3.63080637336,5.8619273576786366
3.0155108859,4.827251415450748
3.1682083442,5.0844937436424242
3.20610816923,5.1626839279393408
3.19109214746,5.0959020219768032
2.40906561585,4.0713387042136917
3.05727444045,4.8550761825272604
2.78665147512,4.5117535860078428
3.79873792362,5.9665069637631376
3.03710619566,4.9131520363351946
2.38504759495,3.9470458151305468
2.69871733704,4.4368434473532377
3.72374336565,5.9080208059980297
3.27252906752,5.2317967805881391
3.39053441303,5.411996614399925
3.05655875965,4.890593723960758
2.51077841598,4.1556661036782181
3.04825443886,4.8768100637519094
2.62132575627,4.311348269372834
3.63908898177,5.6754378396384828
3.35954063355,5.3479800718011363
3.12131494806,5.0565401539683537
3.14936224107,5.0517512329551302
2.53064605122,4.2159497094824783
2.56795688169,4.2445053962946213
3.70452989405,5.7613110371086504
2.42943747449,4.0323193861010989
2.61415975153,4.335291760275731
3.02757586589,4.9336091556789468
2.59737504546,4.2721215269195296
3.51762473007,5.6157193400008696
3.31465701989,5.2518969560139972
2.94976516634,4.7749872495201293
2.64971614079,4.361383410924601
3.38448003566,5.4030582865992685
3.40085122477,5.3765339756430839
2.55736882951,4.2329783949013073
3.11310224867,4.9136383016385778
3.63664316448,5.7855057064986735
2.51786914877,4.2569779869025819
2.83929834522,4.6782955951874188
3.27049348526,5.2691708393233725
3.13743061791,5.0692299789130271
2.91239093045,4.6874789930702896
2.89522394832,4.6872699375310658
2.37814245101,3.967935690054325
3.67108446907,5.7924673457840177
3.5167866552,5.5696899226337235
2.39481816598,4.0320776406411012
2.53269735569,4.1903295831668999
3.46042481735,5.450835748722767
3.78138436346,5.9266138059991915
2.81175115878,4.6223514903988017
2.87215225203,4.7000335757148335
3.24318030725,5.1629144638604174
3.23567411841,5.1939413578967661
2.89186890103,4.8477687225220691
2.69175881742,4.4495326510525679
3.68438639008,5.7585101606828717
3.55789470354,5.6097069160948463
2.64650290549,4.3261815200450808
2.5979514933,4.2767858259156499
2.77541920189,4.4899185128738477
3.55756775855,5.6970786156739672
3.58993627236,5.7926482701305124
2.9572068754,4.7878947603252229
2.67519735861,4.3404484458168202
3.39170175954,5.4901069403199703
2.54011514443,4.2180010412199991
3.19514662428,5.1707856024226375
3.78629105565,6.0293886406607644
3.69248339807,5.7855360743993849
2.37950339328,4.0326935226036689
3.7448765062,5.9144193296924978
3.00613277415,4.8127700337844939
2.55030343328,4.2211180421040062
3.57750027676,5.7032763015930312
2.68017672325,4.4672323815740125
3.53086064362,5.548577590089141
2.91847792287,4.7844978389736967
2.91115717949,4.756249353995007
2.52580021172,4.2088860245316848
3.29912252528,5.2240824066609512
2.6939213747,4.4204421656818926
3.46411467309,5.5463720765647802
3.548254189,5.6935484693256457
3.5002952327,5.6307518340937897
2.79019864138,4.56722199311442
3.60551041297,5.7507197911157721
3.58770565381,5.5729195902882971
2.83160309089,4.6087795054008485
3.05563552389,4.9393080495279094
2.53554316146,4.1622681378233377
3.793661732,5.9477576274394117
3.38908264697,5.3979949280567263
3.5793909307,5.6498118389456842
3.1435950041,4.9945086443420799
2.96113827137,4.9081438802194208
2.49040895212,4.1634686327133572
3.16142933395,5.0533619590483436
2.77443802049,4.5909770861596799
2.7247005765,4.55566761237304
3.14719143275,5.1044133223802737
2.94999865889,4.8429033051984263
2.69704985017,4.5640054314151399
3.69049865294,5.7845234870211231
3.79089391166,5.9492237779128887
2.41591900341,4.0371543909515095
3.03852426931,4.807658181428482
3.61623623039,5.7176910261833829
3.38644577337,5.4209924977370809
2.8021353426,4.7117505460443034
2.92863067366,4.8332269818077505
2.80543745847,4.5946024453091425
2.79809611876,4.620454639882527
2.82834139525,4.6110458350084143
2.67497834556,4.3722270508030903
3.25094853016,5.2895250377612015
2.46082304997,4.1136159532399885
3.20492233645,5.1046239407810381
3.29661990231,5.3143129607554505
2.91940978459,4.6716133004869009
3.18367085151,5.079831786720888
3.29236900388,5.1470630254891354
3.2673137506,5.1321370023671404
2.95845476582,4.745640697903359
2.4972015582,4.2006051960416508
3.79669466737,5.9213047073380904
3.04714776355,4.8110942428090171
2.40146094409,4.0027875571309535
2.59833175013,4.3042302576579843
2.75019401797,4.4859379025850279
3.3725496921,5.3926035370466394
2.48689075524,4.1450193904372021
3.01895960981,4.9112838459333625
2.95208414325,4.759944305872561
3.14288091057,5.0611277418450484
3.18499698396,5.0915582090482063
3.26099375267,5.2426735655945453
3.16110509704,4.9253255461874925
2.56645496371,4.3354596203432818
3.75939133933,5.9182172123847501
3.15096142703,5.0406532402797399
3.6426936075,5.8076208901829043
2.95675359394,4.7612255256298965
2.9419310963,4.752622660944871
3.13745807129,5.095612232355033
3.1764230094,5.1226684598278132
3.47636273465,5.4763466950176989
3.71389916924,5.966169719619173
3.40314221599,5.3947096904927117
3.06391849634,4.8674133540456603
3.00779294275,4.7698194480990423
3.06182334289,4.9654536918852044
2.98276964065,4.934253947328866
2.87080100764,4.6358644248207925
3.43992511957,5.4653314879116701
2.91545838983,4.7551266203069185
3.09139850805,4.9719266487482665
3.16800319801,5.0597844650099164
3.23087139888,5.1471964522537395
3.79298830104,5.9963969689492256
2.88614732237,4.6672431842067956
3.2874202478,5.3059350432854435
3.11026809184,5.0782879969770054
2.46661641425,4.1098971159104183
2.49138276744,4.2592589910450087
3.25856264929,5.2230407927814309
2.77854074087,4.6242864382098645
3.1634718001,5.1306072287927185
2.73773743824,4.5132604069568112
2.8925154912,4.7145278643677377
3.57902426313,5.6414234473062876
2.8337615145,4.6429234623172446
2.4538196593,4.0646918185215837
3.18076061713,5.1197107381795552
2.66441335509,4.436667902233558
2.89569655247,4.7090284596629877
2.43337322727,4.0442163021324422
3.42671138531,5.5097298900966614
3.21596158624,5.1207504558919661
3.05071831906,4.8314711838528277
3.80067511081,5.9819994885937202
2.63768517388,4.4033605981512425
2.88893156123,4.7390500995595906
3.56746806416,5.6237944098023922
3.52638082102,5.5638202863137867
2.48598929473,4.1709154917140436
3.25792694933,5.168416792263284
3.05504320317,4.9864200416685582
3.38798394442,5.3347509118011844
2.75213672372,4.4930540875571365
3.01993681627,4.8459442207364098
3.33250316798,5.3383722251421624
3.76693207312,6.009874099661265
2.70786562917,4.453826177602445
3.22498833904,5.2447921597650735
2.79313686221,4.5919066368084609
3.47526711438,5.520029843643119
3.46454519996,5.5731327046066337
3.19496282355,5.1481003093774831
3.42469901621,5.4875794612665363
2.60825309866,4.3408855223853084
3.0855664569,4.9766459700959293
2.84095555973,4.6295705362711335
3.02457585247,4.9074418063876983
3.52600206432,5.6228447501604784
2.57390943047,4.2565206561585525
2.74840975167,4.4452953143183294
3.29801269164,5.2917205031444832
3.15703637075,5.0354943391292695
3.1013618742,5.0225888575177322
3.09802602738,4.9808325488591851
2.54688360938,4.2345403527468433
3.55135231381,5.6502539537841781
2.77283144615,4.5308848410458813
3.37261915579,5.2712926507474487
2.48122439231,4.056023017092639
3.25382524635,5.2881574917622372
2.8372671969,4.5173872360363276
3.65493380807,5.7132357550765214
3.68380530806,5.7667775134438717
2.83126176003,4.5711339892739833
3.17117488616,5.0424423698092982
3.49070267155,5.6759882318411616
3.11994900363,4.9910601004056065
3.5802974988,5.6690454466513476
2.52752598321,4.2058487562309095
3.79297282378,5.9902493270645163
2.94395617821,4.7841793592071227
3.16705854299,5.1661179114880431
3.24517407576,5.1777815793480269
3.68041212344,5.7442713721311716
3.12331945965,5.0716936204327396
3.52167300661,5.5902052858780626
2.50461776121,4.1244664175952241
3.62738696734,5.6519227866764883
2.57939108192,4.2186252018790276
2.39253679355,3.9921907506133145
2.87209130766,4.6612423095160036
3.56082676667,5.6781419674972176
2.99115358639,4.8641981576291418
2.74814894407,4.5340399273226835
2.38830764172,4.0219507583087086
2.62532454629,4.3263959364401048
3.1643264279,5.0702498289557267
3.18479843677,5.0778952348413151
3.8033157715,6.0042839490137414
3.05521591203,4.9087358049155947
3.57518772848,5.6633021661283838
3.80865655121,5.9893545307356417
3.32164344835,5.265033147203094
3.00206944948,4.8667132989657258
2.45305669339,4.0919238295191569
2.71904106203,4.4837851944519018
3.66476556155,5.793588319674595
3.43919337508,5.6181139607166859
3.00675551881,4.930868472233171
3.54190239933,5.651112861908671
3.0680571199,4.8499736503259303
3.14828195892,5.0324557441622106
2.5623136505,4.2090139829570772
3.13267540139,5.0519538926616736
3.49718048309,5.5168603604745359
2.52174768896,4.199262556221238
2.58370659621,4.2684835231850515
2.48578896581,4.1822353783058528
3.50179300758,5.5565437253932055
2.6233459077,4.3103362980210544
2.78194715152,4.5858280111021887
2.70789590347,4.4090618706259024
2.73486568942,4.5110367413413002
2.80130922554,4.6102081219731401
2.55537417247,4.2665759998153661
2.63317917969,4.3841824666817786
3.14085281913,5.0482723078296869
3.67395890296,5.8475106837776449
2.94561940925,4.747972690498548
3.69590666777,5.8631641093180207
3.75259332439,5.917877646546442
3.76380484299,5.8338874163702314
2.80997977721,4.6232948726931555
3.4940800319,5.5069205407988795
3.10982693397,5.1541381746008001
2.63365317534,4.3134726281225317
2.84275829184,4.6254091333122362
2.73199203406,4.5518633508857027
3.69088142219,5.64675685914235
2.9701700124,4.8605610403079487
3.64265728998,5.7878205666097182
3.16814870135,5.0797749134201835
3.5621500219,5.5933031121721637
2.78892216221,4.5374836960538509
3.01847563271,4.862988077703668
2.61067893435,4.3558129916508648
3.1006451064,5.0038182265932925
3.34625163392,5.1908536929733717
2.45218919428,4.1274943419298173
2.67111691339,4.3281177101008836
3.55401314346,5.6841429779690262
2.41337005968,3.9535749507624103
3.18735383578,5.1235023295575894
2.40200895152,3.9849729249231913
2.43150392609,4.0506568558078051
2.4927324859,4.1829098324050831
3.07902100845,4.8424897515006586
2.82884376261,4.6760319482707695
3.55376536077,5.6345696216447063
3.03118149591,4.9385796782843485
2.79041298676,4.5449299566863148
2.71423862524,4.4432164983449445
3.21686966239,5.0950351851481681
3.29777015506,5.2657034580392992
3.40367311387,5.4332440500484562
2.85009250261,4.7160600264123946
3.76196631779,5.9459424769238183
2.5212781353,4.146159706479577
3.59803253811,5.7458617328845936
3.37387004466,5.3988699973532004
2.49407063734,4.1315734220675386
3.72305142351,6.0083079723897592
3.36808287106,5.4139803924305943
3.5764633808,5.5709400538233709
2.72475496361,4.4817973340302215
2.69355250157,4.4708016042188241
3.37647542114,5.3513190780164601
2.88257748856,4.7293307753953631
3.30262542966,5.2715489147412633
3.32976467343,5.3925702180675597
2.86219777257,4.6656901833572419
3.22160971473,5.0794814141604716
3.06213788458,4.9720006515245849
2.58576559066,4.2860087735986596
3.32228293375,5.3595435023493208
3.37051195378,5.2824486206816879
3.27021552143,5.2410898548809817
3.3010697126,5.3471497859418706
3.29402641577,5.2761554595687921
2.99545200993,4.8554493271796746
2.87237602648,4.644239345077616
2.84208677524,4.5876219925261328
2.78875731277,4.5396516844119157
2.67333936307,4.3542735589081607
3.38603435363,5.3971989399266693
3.62256441373,5.7798201445275534
3.3908031917,5.432755377098097
3.73288652294,5.8264506004679451
2.97739738063,4.8693160550457311
3.25161604218,5.2454808669738595
3.28978004825,5.2409219331316663
3.48123297189,5.5642135870534686
3.25261500462,5.1649855673977605
3.4942935339,5.5834878985565695
3.46786430911,5.5750677005928422
2.6409662742,4.4198028875889745
2.48448993362,4.1137179334853604
3.40654410149,5.3649540344802755
3.24241904888,5.1312829653125114
2.89907654867,4.8136666520599345
3.19660809501,5.0713841862472409
3.10735356109,4.9518102327510594
2.57333513419,4.2758081878790914
3.12648048938,4.9323670060853635
3.19671984583,5.0907406053809785
2.63860631702,4.3424691935448374
2.43233019987,4.0333267800556545
2.51989812756,4.154671744327854
3.22978457392,5.1587277007749233
2.86083568788,4.7084773121037058
3.4209026839,5.5170454743476522
2.85311053971,4.6780190729610522
3.58649144102,5.5900611219592955
3.51454616031,5.6070605657253569
3.11165654784,4.9960142604548254
2.63635023001,4.3191936351911817
2.47770373735,4.12908233549632
2.75926685378,4.5066181553714415
2.65564992259,4.3201567730230268
3.7981623913,6.0827425295758815
2.51688064764,4.1784848972736439
2.57917564191,4.1933745824135613
2.91729312511,4.816921592698292
3.22698913929,5.240534198252595
3.47196589276,5.5348382993279914
3.21158389583,5.1082898102644121
2.74383715587,4.5065597465036005
2.70033857291,4.449977648479031
2.46776226707,4.1014859612410053
2.88074169104,4.6767199704337994
3.44569540867,5.517147189377094
3.45017741617,5.3975786340456553
2.59005227303,4.3003558669353987
3.49670078399,5.4935882882988309
2.61121013484,4.2496046229058537
2.82679260173,4.5528705951480335
2.49331556989,4.1251927370008108
3.24669604348,5.1722960292335518
3.09178630377,4.9418480618979039
2.97042216454,4.8091676301585204
2.57459582006,4.2857593851287508
3.79355488612,5.9528596865492815
3.38989570191,5.3566232841130583
3.51526382711,5.5678921437150821
2.55082226912,4.1862925258716484
3.72587570688,5.9209678487369164
3.46125516146,5.6574204464645375
2.87601461595,4.725232347643856
3.76228146923,6.0353710656006561
3.36499693504,5.3976811958917423
2.62342323391,4.2812142833514164
3.06859302565,4.9816637475299457
3.69506548686,5.8201671228943725
2.56931976932,4.2472580296256588
2.66546008256,4.3087624350113636
2.85886092255,4.6858134711904933
2.38377014373,4.0525811580048643
2.49295589353,4.2014679279714704
3.01396588492,4.8913955703604248
2.81536434759,4.5235224466148836
2.77771011633,4.5584107268535021
3.77117926871,5.8945244657253619
3.29779729813,5.2911383476355835
2.4783347072,4.1506345723980722
3.44210318949,5.4567122389263067
2.4068737721,4.033271676149738
2.60167913815,4.2156283473358283
3.07983677327,4.9161658939640107
3.43892376941,5.4934266105655762
3.258160311,5.2486201693693539
3.35487156931,5.3602872447801326
3.06729470268,4.9555477098244465
2.76438611507,4.521820267969745
2.40815445132,4.0147942908036605
3.18200095735,5.142526634225856
3.50008114504,5.5359139570200186
3.40965406056,5.3564443878155004
2.72872539348,4.5138174847537309
3.12098706358,5.0184415056381502
3.07500880666,4.9504319936093806
3.56497749667,5.6121850473886266
3.21407140623,5.10492000532824
2.64314322247,4.3723520361503176
3.17345583441,5.1291185176780738
3.11831847493,5.0286327856451072
2.51811805958,4.1023099768084119
2.59678298793,4.324698411122391
3.72306405559,5.7611066666448165
2.57699840259,4.2832308131718042
3.33686287748,5.3699856053630581
2.58614976784,4.2655252547567128
3.13234468201,5.0951426926817991
2.48926079767,4.2284509411675932
2.40433264891,4.0016662333439426
3.57364123894,5.8044082557724757
3.01770838486,4.8317691420186577
2.85413219711,4.7407654135704194
2.70260084459,4.4488729536419136
3.52152007446,5.5036823876228018
2.66759115079,4.3814443514267731
3.77557600533,5.9064739495677872
2.76338172561,4.4858335280855304
2.73111748846,4.5399805695020161
3.67934173996,5.8717755081469347
3.35931228211,5.4055001613395461
2.94140569117,4.6953806537073302
3.30117160623,5.3580306305993721
3.21813526619,5.185051217683756
3.34972779362,5.3593758600741834
2.83095356848,4.5972247572730902
3.4851277125,5.4994955500842737
3.4339486138,5.5196822999973332
2.74498716905,4.4669050009979294
2.47927015569,4.1441911441615051
2.70688192244,4.4446497565501568
2.91976432124,4.7569534363131947
3.71230279192,5.8131448689821443
2.68915802961,4.4750653964052134
2.53415897396,4.2318140734858094
2.47589569029,4.1054745943948907
3.19680823647,5.0808077490455892
3.22678759573,5.2615960382536437
2.96223969011,4.7821572922119691
3.45045752207,5.4532126757683539
3.40676109308,5.3294436741806699
3.64523688233,5.7768392563201436
3.39098783723,5.4915347076562808
2.61248232138,4.2894983810624785
3.37174045902,5.2480088763541284
2.84359044114,4.6567127933804109
3.53321539173,5.5360968162637603
2.75478652431,4.5014859049296563
2.39329270723,4.071060099375142
2.68688050286,4.4615159073715525
2.51434698667,4.19915242467009
2.39863225505,4.0340525131938385
2.81798392657,4.7124408211143543
3.03450178714,4.9225810874375995
2.61718753341,4.2729923746230307
3.71748533569,5.9023476919376989
2.66055434901,4.3743970238957699
3.02234456231,4.9456943132042595
2.9385486613,4.716397008348796
2.40168546584,4.0489524911965313
2.56486491314,4.2595141080759662
2.51764815092,4.2159403881891748
3.70266972154,5.8654403019696426
3.47727176162,5.4742070720124838
3.72929101603,5.8930307140185967
2.49839164417,4.1760568280256614
2.46897642786,4.1594116411046276
2.63642292153,4.3358056342356059
3.71931795299,5.8410160547972154
2.90390241519,4.7711930204598429
3.21981323521,5.2237291692217251
2.57100587457,4.3372393019774886
3.64412934844,5.7078496204591707
3.14163927243,5.0537645339007504
3.03557344087,4.9737742504222062
3.73488447878,5.9256535610076586
2.99613744694,4.8966003424004745
3.11414836116,4.9888997225660958
2.50168236916,4.0536894144955822
3.47719366026,5.6412400101654523
2.71860425018,4.4736037148725298
3.17462552612,5.0319554453640833
2.98539101953,4.76120495377394
2.68567320688,4.4504328943146474
2.38213463191,4.0156584117209766
2.46384856821,4.1247061197535153
3.74645821734,5.9429672722467961
2.77746250268,4.5407098099069128
2.58371618189,4.2738304394504754
3.09735988228,4.9730820581021211
3.17424763094,5.038013582519949
2.44112282103,4.0630927175813518
2.99208040091,4.835073594119315
3.12766823439,5.0560685801681471
2.72824473842,4.4739570286432899
3.52174797413,5.6343662518022235
3.3880414527,5.4653027193990749
3.41303356597,5.4255392153177713
2.40061136444,4.0881855862809395
3.11366430481,4.9935288734500247
2.89742340924,4.7107157133576294
2.84637576824,4.6172999056282897
3.51545532558,5.6181963962602799
3.48971214855,5.4674439559493786
2.75434195591,4.5402504588821113
3.3686489346,5.4243971860869005
2.94265075599,4.7684684725892703
3.19428190449,5.1540655837898264
2.77806354399,4.5868871507172111
2.85187922323,4.7151466843199117
3.34408879619,5.2930309066072692
2.65136285736,4.350188511479713
3.60769109367,5.7325147705917878
2.70330476082,4.3945403162906951
3.19147149053,5.0628489165350539
2.6675335951,4.3440920022527507
2.55678988766,4.2097484019182341
2.4483458271,4.1165961576782477
2.54494238086,4.2252181653895136
2.91690974693,4.8632660694540162
2.66594410204,4.4486609993020521
3.35344736977,5.3730189828060881
3.64662846197,5.848723904471167
3.33206976591,5.308409916543317
2.99430464425,4.8023018489606883
3.77847717872,5.9017470633703724
3.63949615101,5.7148653651820842
3.58754378025,5.7401696933431046
3.40939387252,5.5464922937179546
2.78003516004,4.5480672250444201
3.66151596717,5.8367322437696147
2.78433059521,4.5387074474610865
3.08384001838,4.9233446049708665
2.71319637909,4.484119971404275
3.56063142573,5.6135167381796416
2.7271198461,4.5216996003543048
3.73327967924,5.7896485332175578
2.40521599604,3.9411068528520321
3.81099927997,6.0305875536717268
2.72590896628,4.4807591999644094
2.45896078353,4.1562072884792176
2.70717717691,4.4064942301256158
2.54056995308,4.1840963884416729
3.23028686313,5.2694284010392574
3.44495176936,5.4709698284032964
2.66152414227,4.328203568426142
2.96026389053,4.757285887353758
2.56284533172,4.2540169165502624
3.56916301641,5.6179251685633176
3.20236838665,5.1509859637036417
3.02768120426,4.9279670296542442
2.64524243177,4.3716283451451403
3.75808881625,5.9918407752097522
3.00334801803,4.8214591039623693
2.98150264378,4.7917259853722856
2.6946571851,4.4204268506558932
2.63189857185,4.3399109240923464
3.39401031535,5.4096088893381058
3.57976385466,5.622649629557217
3.76642886361,5.9340873981036601
2.73737139502,4.4109820153654073
3.08453584077,4.9330363165072697
3.32053639036,5.3642552152168665
3.33986884094,5.3127807051892857
3.22507398579,5.2251896107728122
3.3330409788,5.2676397062826332
3.53188282485,5.5618215155136372
3.08004171159,4.9236144500312564
2.8203947537,4.5279100194369812
3.05009126242,4.9741463439362175
2.45740826453,4.1121946592622898
3.33978463197,5.3523243363533357
3.28103153915,5.3101390187716007
3.56641884128,5.702549548197795
2.80022008067,4.619401795212009
2.88207565024,4.6863249151364936
2.9463878283,4.7989838979924624
2.96894171589,4.7355569564139532
3.40873138071,5.4198093981733528
3.6640541727,5.8020333999248734
3.73409526735,5.9322869716156923
3.27299022374,5.298935523202025
2.666507307,4.3980183490216271
3.00269468194,4.9123126899635539
3.11186100381,4.9684651184283144
3.14176619869,5.0329986356096139
2.4252630184,4.0606753752144682
3.05553722667,4.9430257021140127
3.25158109007,5.2299841359922281
2.85860402445,4.6528494202351993
2.90728429205,4.7013402652671124
3.58415634257,5.7258126215888545
2.86172773091,4.6109225021149367
2.582956197,4.2893378106855549
2.45133449555,4.1560782503306646
2.53985150904,4.1668650850961644
3.66443218759,5.8227474918870614
3.64502788462,5.7340009995450201
3.08783002948,4.9534325640261274
2.91723691372,4.7146001699135613
3.17050105515,5.1313175655140215
2.64912556559,4.2742832767583847
3.64195325324,5.6754353732347065
3.60277307669,5.6482295188172102
3.28678312478,5.2499243124842048
3.63903699198,5.7571445194626154
3.66101091483,5.7601451544070592
2.71287936158,4.47760770714582
2.77199462863,4.5419007948813928
3.57581576905,5.7130511743472452
3.42524660278,5.3574687639162999
3.78219309611,5.9759498685389776
3.64504348135,5.6700009917800367
3.24396438765,5.1071820819352576
3.17740160038,5.0122472561616922
2.40644186443,4.0853466493714734
2.5511309595,4.1597589950536014
3.70811886612,5.8707115401620946
3.41481656278,5.3557485762839043
2.87388918012,4.6713071388774399
3.29897385581,5.2083802321235924
3.56208525962,5.6074528321093222
2.45449497689,4.1070025954296607
2.40900972018,3.9754490493676395
3.52655055523,5.5729123818318973
3.80827837622,6.101277043810887
2.55007233188,4.2525189349832511
3.23804794213,5.2024751222793375
3.40295462814,5.4183889368607714
2.59952310219,4.2891211819812245
3.61025401516,5.6775135336746185
3.07809933084,4.9696734682278807
3.64273428987,5.7883039820955569
3.20387094835,5.0678286414703599
3.60903915684,5.6724652255081098
3.00193444606,4.9614370845417319
2.59274065507,4.3349649099926699
3.11952681807,5.0329858931453684
3.30122707297,5.2654003460641041
3.10932302538,4.9529324687045708
2.57781929006,4.295252978056836
2.74092450196,4.5150059841539765
3.03238887083,4.8947008238497709
3.47277397997,5.6693341478642703
2.48986640414,4.233996412797933
3.20733863066,5.1603916668228447
2.70369029473,4.4734983911572757
2.64166336464,4.4290730189807928
2.52629898888,4.1884660411195931
3.09588366957,5.0003234921089907
2.65996508253,4.3459628460316386
3.26107436222,5.1732245801031667
3.30326789011,5.2299248036879682
2.79504487438,4.5346664937647576
3.10621659548,5.0347230957925229
3.3649783064,5.4158300970900104
2.82283804532,4.5800284335050305
2.91227594906,4.8334303966974064
2.71645149934,4.4618698288709311
3.74160883812,5.9052778774649122
2.6252319276,4.3827786539897584
2.82903554236,4.6046481896293399
3.76241166618,5.8878700665607102
3.43939866538,5.4822473611668938
2.40158746011,4.0795351712208214
2.4658899651,4.1556432531922827
2.53041025196,4.1532518221125621
2.84438956784,4.665518421370372
3.25656188977,5.2714385629103262
3.03208360873,4.9180874096548273
2.53697901093,4.1592116875991234
2.67254192183,4.4049916249872254
2.91974373954,4.7449617266913791
3.34173307756,5.2494843692838256
3.73066223314,5.7893663048389632
3.09601996355,4.9584610236180025
3.15961312823,5.0867411765124544
2.74432412129,4.4794488581290119
2.7753023372,4.514144482172858
2.51195302262,4.1961745216929272
3.2791620832,5.1828373004162804
3.27679460341,5.2142391166736441
3.32248727956,5.2958419297292973
2.65166340833,4.3771888096426004
2.38893182478,4.0678611064570767
3.09308171256,5.0333106354537778
3.63786516888,5.6694770727803778
3.02518171272,4.919499169236083
3.05269267338,4.9186146241085948
2.69574384837,4.3901019498434506
2.81621573641,4.5536216336517192
3.67202611694,5.8247917888403364
2.74749759608,4.4864269933096184
3.07435470423,4.9046080916346249
3.33247123153,5.3466746465083927
2.76644086149,4.5691146207770545
2.74746334271,4.5563181756568456
3.73065110034,5.9130690113791706
2.77409910507,4.5814211818678787
2.84371598198,4.6558678071188115
3.64572810042,5.7208489047873554
3.1867213748,5.1339945014164092
3.01554836745,4.7641902760486659
2.85820002795,4.6776127191329273
2.70479661903,4.5034066044168251
3.15629743611,5.0713228915312758
3.41386717608,5.4764631839623128
2.45633178903,4.0864971235601404
3.49325701887,5.560098817195823
3.14504952019,5.0640974405352583
3.27945148696,5.2933226095509918
2.79602396617,4.4668142107791011
2.86459922179,4.6811841157282608
2.48185731656,4.1085940880541747
2.95183677469,4.7693962803698229
3.35675473363,5.3457543016476183
3.75234235859,5.9489222168993869
3.44073670985,5.4746430569170261
2.73087666189,4.4672716017843968
2.51371718167,4.2198206797025861
2.45880204314,4.1253487826521793
3.41852753107,5.3811674952234094
3.09517288241,4.9420534121498445
3.44558111983,5.5381851765942756
3.7919328585,5.9826353656269102
3.39308805757,5.3855067364593747
3.20324336748,5.1945514437690505
3.11132365804,5.0498360246339988
3.17890375431,5.1276668644678507
2.58589304939,4.3076983997378351
3.79616963648,5.9413914755272321
3.13999124423,5.0658568177007322
3.48723137371,5.5582229978357116
2.47714460118,4.1896889631614833
2.59338117961,4.2462139058796735
3.70272322102,5.9052432849360708
3.15298943201,4.9763943792013441
2.79967798081,4.4600744908995651
3.80282910691,5.9888156052716157
3.78500625135,5.9549425720123672
3.41114471409,5.3966129396001454
3.16689208331,5.0537640088597797
3.39566375218,5.4875792161630388
2.7074106419,4.3488594718168301
2.73388347834,4.4263511273329517
2.76384847602,4.6147040040185408
3.46565986354,5.5225752701085904
2.5703426967,4.2487511133890363
2.99250976465,4.9020458862595087
3.44452497213,5.4810249454566113
3.35393394597,5.3854865611564611
3.64290233966,5.7272112896983494
2.68909953749,4.3906101031544242
2.95050429246,4.673644106753768
3.1307772416,5.0688435086440249
3.49663513457,5.4833167034720196
3.48813465129,5.5269185225279625
3.20575040406,5.102099311320039
2.4766127941,4.1677762371014575
3.01131398769,4.7747539043523783
