k,omega
3.17728282403,5.0972969280246252
3.0571927666,4.9246413377574623
2.5809489002,4.2713428671314766
2.52164070265,4.1714721124408447
3.39657851295,5.4484788917732656
3.18988682828,5.110118819788064
2.41307917005,4.0006871297592603
3.31388220633,5.3101927435573462
3.31837281428,5.3346705894107531
3.17461389887,5.0563094963416058
3.57150468132,5.693101489679087
3.69544243065,5.8490806805624898
2.49952077106,4.1320516475942215
3.58073968737,5.6863087965812014
2.42204367011,4.0766932364568849
3.37069597944,5.3224987389083056
3.17325326175,5.0965869925505638
2.63586076714,4.3344975557666077
2.72272203879,4.518088222476945
3.30555023003,5.3679524526478204
3.31255085658,5.3571783817557348
3.71417527186,5.807932070012904
3.26727933381,5.2753933059551494
2.68220921321,4.4739430658827004
2.80440902045,4.6080704767846159
3.40014433528,5.3669561546974736
2.83247060389,4.6108230679704123
3.70365866519,5.8017364464186718
3.38364617789,5.4562360946109489
2.74340673162,4.4301992864223587
3.61702607865,5.6788283610830961
2.45716170939,4.013924782345379
3.5729695311,5.6936149898396202
3.46326184713,5.5054483436375339
2.6965207894,4.3898079381167152
3.11611422571,5.0505438640123321
2.86344583354,4.5688999189601569
3.10534929811,4.9912806687020455
2.72357007036,4.5207658565164994
3.78789166459,5.8712404920135652
3.72631466604,5.9925604694555714
2.44339434867,4.1514144913953981
2.39389908758,3.947619964882636
2.67887264345,4.3634723894249836
3.12592851573,4.9982482104054178
2.43441805328,4.0919925251889353
3.14831244373,5.0310512835237784
3.75814745618,5.8734735400304325
3.04586868299,4.8860955338241441
2.84167050422,4.6568654775168135
2.6556760187,4.4419596147012355
2.59032767271,4.2980950339614292
2.65155795932,4.3632017519098607
3.37867914366,5.3444632327073069
3.68916518443,5.7791303753682453
2.97307951097,4.7624901475299373
3.15246869595,4.9797844210468352
2.93419932321,4.7248593676375439
3.26011568858,5.2794740922753265
3.25029541264,5.0826391358596723
2.90230417505,4.7758886765586466
3.27362011223,5.358138425087871
3.53313971687,5.592925369723261
2.74151598143,4.4617752220677076
3.2273055045,5.0508276632557809
2.69346655722,4.4803591682238677
3.42095772148,5.4735399559537976
2.93197474534,4.6981189800439562
3.67740061928,5.8039653377825076
2.64705277177,4.3960017364635275
3.06851710046,4.9504733060774644
3.81043498261,5.8904175952018898
2.94463358794,4.7381459477667676
2.89363746475,4.6822383816538222
2.88400263384,4.6746177481234463
3.10136115764,4.8933912529580921
3.40731506632,5.4443047667660958
2.45318040628,4.1240899560973405
3.06382923849,4.8753666029061433
3.49942913521,5.5888900455632804
2.76869085484,4.4766544462903983
2.69786539665,4.4110232500810174
3.75943055261,5.947067059782559
3.68764287282,5.8121206620562695
2.64643669069,4.3296080446588361
2.81588143689,4.4942086208986654
3.54213187806,5.6047212808697253
3.13020420984,5.0296946934598257
3.68793699408,5.7786755402695489
2.60061179394,4.3031447409404642
2.62467832745,4.322499927139158
3.53031477775,5.6745947422614478
3.68054897702,5.9252615724434357
2.47609195461,4.1167385069076587
3.21105503946,5.1439007924536089
3.22578893055,5.1979053838964688
3.06484906392,4.9115044494945295
2.54321405224,4.1538948451097122
3.73232248994,5.9126734607246272
3.2971428584,5.1745013357134919
3.66231454515,5.6666327130224703
3.76774061564,5.9780757139575211
2.80921025399,4.6423213375511159
3.65778881694,5.7591829331810258
3.32207845041,5.2689591874752448
2.76788471166,4.5373053016375966
2.72516213648,4.4189866181529052
3.75919474112,5.9334147905994143
2.52801626536,4.2113213239932339
3.73207818124,5.8034336060462595
3.6970678172,5.8595350021932449
2.7248109474,4.5066265591712638
3.16536392517,5.0325404206946809
3.53758015583,5.6558599929051745
3.75017067337,5.8947462889853925
3.1242648764,5.0868030152421371
3.73469171553,5.8419583595553606
2.53469677319,4.2423200031517618
2.98791143823,4.7749099184381132
2.73357822562,4.5087987975070831
2.41407399439,4.0580389689035083
2.65733494689,4.3133376486077317
2.98687876426,4.8364418697793266
3.16028642646,5.086425682352087
2.55011408454,4.212426867971371
2.6367458326,4.3098865500891943
2.9117074346,4.6420716441685235
2.41523975307,4.0348159123790452
3.08863429484,4.9565565590014966
3.80679207618,6.0338408031257744
3.55614571387,5.4350136423510724
2.81792486813,4.5856826822853964
2.88731400383,4.6487980084068772
2.46971305275,4.0451349256584299
3.35988597828,5.3453997896196244
2.67726559512,4.4483210710162515
3.71261700556,5.8226139718493899
3.48394419549,5.5375554190471759
2.669647691,4.3154219069850983
3.50620604412,5.4450113550653585
3.22650953868,5.1977193913453572
2.5396127202,4.2581436282589324
3.42187099721,5.4436717778478485
3.05543605167,5.0256602077541315
3.27136327701,5.3307908573502898
3.74268199251,5.894574914413405
3.5959991666,5.700126228114387
2.98164030795,4.8047671606121494
3.44034097578,5.3689869061749258
2.38942801346,3.9090425192246747
2.98246607016,4.8465810559451823
3.32900739384,5.3257828371306726
2.87538475268,4.6670211405527873
3.29635881538,5.367894164456855
3.21314013192,5.1412357035727245
3.66138474589,5.8189772344648771
2.40508383193,3.9615004615142881
3.76519183401,6.0229307230488915
2.93619222147,4.7648925675356502
2.49881512599,4.0782385566582198
3.15257552788,5.0899008564739736
3.00009249306,4.8214689055153892
2.99500504441,4.8551898829138516
3.54414323445,5.5448735191402765
3.11487408106,5.1047392169067844
3.2050763769,5.1844339718907797
2.52636264049,4.1983855858097634
2.74545802123,4.4792399103327085
2.96078613067,4.8075334939674388
3.54174608102,5.5766915745169596
3.30324803931,5.3166782531126628
3.45514281661,5.5621391324760836
2.75389511564,4.5111105403793363
3.67474338485,5.7808557734449604
3.52637163487,5.6130091953140298
3.44118617018,5.3931065178680573
3.46612538981,5.4741537054330056
3.3028394333,5.2209558951525024
2.84644391356,4.5631114603648921
3.30713304103,5.2664272087871451
3.71118654585,5.8028822315918953
3.66476804321,5.746928617185894
2.38914306768,3.9698602601120063
3.29758827917,5.2856580495216212
3.70483896515,5.8675152454165342
3.63964739584,5.7096278193637051
3.16742019594,5.0160032260363829
2.70642506771,4.4285141016658693
2.50706129569,4.134142510229684
3.34704350417,5.3062081909536429
3.3040196497,5.3514321273568335
3.33873700806,5.3004648417681048
3.38687118301,5.4201265912493257
3.11338420974,5.0442651841438568
3.55618588868,5.6623875447372658
2.96512651339,4.7439147196993288
3.12196337861,4.9421438067301153
3.03029294788,4.8307799286244997
3.56183061296,5.5479209098017179
2.71341326248,4.445894362932882
2.76758319243,4.4870278782290027
2.74297226301,4.5453563759252207
3.67506265101,5.8171026186076817
3.35491864893,5.3602620741678786
2.5525032926,4.2631938702261625
2.80732761771,4.556193117793959
2.5984039129,4.3446940801972342
2.5454797381,4.2480214175096656
3.48610718615,5.5695558755783781
3.71592979029,5.8683242184844655
3.78071401204,6.0438490171569308
3.568468177,5.6340333711133219
2.69365590441,4.3307893413184431
3.13788881658,5.0829511974183932
2.50065946179,4.188841420066848
3.38738802987,5.4109323896495747
3.57554600712,5.6061716534561565
3.14246893485,5.0662538050568822
3.77584043119,5.9788438895655087
2.95476495733,4.7749291098143196
3.66443366736,5.766351692453803
3.51924531822,5.6106742832880476
3.51519813004,5.6200711670803889
2.62182965482,4.2021233722689439
3.62785023292,5.6592489008959141
3.25773149581,5.2026595221405119
3.5250028784,5.6264160781498065
3.61990876428,5.6973442956485494
2.83627062623,4.7061281845252489
3.75995072716,6.0028049365366121
3.14386951735,5.121370378792621
3.6470135381,5.7245836497512901
3.55478748297,5.6435720868831165
3.61081853597,5.6800560203164068
2.57376412358,4.2105160837519495
2.55590504762,4.2134968595032554
2.96026750469,4.7603092941061762
2.43981226918,4.112244492089685
3.47390055911,5.4232953060217932
2.58791808364,4.248555935223874
2.86820723472,4.6250343080216281
2.75091858715,4.5895561476639202
2.90678833582,4.7467547933125731
3.24646559537,5.1343681384544873
3.75508416687,5.9182949335007562
2.69035787113,4.4348335953056344
2.88715535649,4.7280294557396338
3.60690133384,5.7452503897213649
3.76256499325,5.8986604992292078
3.14006418008,4.9900468733907122
3.27287419126,5.2923135445855483
2.48957721127,4.1079355965384883
3.6634096382,5.8493112231655848
2.70475022029,4.4282946099156968
2.51962252787,4.1870974085929813
3.31566478229,5.3502698024524555
3.80152387827,6.0566759213505224
2.92231129776,4.6913251767822182
3.79350867844,5.8576498489933826
3.37976461103,5.3517644229428507
3.70533599228,5.8111688762216183
3.63268122971,5.7264309574009262
3.16271937402,5.1002792815052382
3.30482820744,5.2717292935194928
3.16705529119,5.0970457242578089
2.87429178061,4.7344771718072405
3.77583338726,5.928461630246189
2.80830093132,4.6078573563357414
3.35409571034,5.4090510625218364
3.18438117918,5.1655148143086969
2.91224961794,4.7168993280106042
2.76940210347,4.4862332336203705
3.49808377514,5.598955824491064
3.33626391244,5.313665270295143
3.2371990081,5.2204645777835594
3.64234867034,5.7220329619453976
3.17335531846,5.0543088367521678
2.5392785905,4.2901266000260243
2.57878398421,4.3443047562638304
2.91224132815,4.709970668503745
3.73265134729,5.8445054930184561
2.90983282193,4.7750094921621162
3.44265965445,5.4928792807598432
3.55228326636,5.6113282073119528
2.76380807957,4.5244902256686128
3.81168323712,6.031204440553843
3.59911019265,5.6290147787939917
2.5270522613,4.2305847191844057
2.72122974786,4.4376272958409091
2.72282665134,4.4909677009469613
3.06822596433,4.8912557288712106
2.63757937153,4.3217524049229352
3.11640151645,4.9368404065334008
3.39274953222,5.3145331543288385
3.16140198693,5.0776764469903055
3.07342607367,5.0094253783732254
3.18390183386,5.0478643724890704
3.1242808291,5.1057744756166796
2.63070613531,4.3085828739451548
2.48665542316,4.088877632347776
2.41335886994,4.0970050156794162
3.57570678444,5.6268664812327618
3.12935963128,5.0588915400513566
3.33136802453,5.3594776120303029
2.81772160824,4.5958784313596466
3.19564355505,5.0445569335900835
3.11974422732,5.0953228812351226
2.76358052317,4.4516047017426565
3.37262538312,5.2732029953204407
3.01686826848,4.9078309494170291
2.71043851761,4.4569727660175387
2.75123392093,4.5610146709456405
3.0743283583,4.9486275240804432
3.16554432449,5.0212184602189529
3.06710888524,4.9690094279704695
3.50636334587,5.5649832473917469
2.77945486173,4.5219688640901206
3.80344109587,6.0342061763274994
3.67657772606,5.7735127606307222
2.95910414694,4.7392417080623304
3.52323279732,5.6283157316207388
3.59928246404,5.7400048438490368
3.60506186686,5.677752554289067
3.05807017459,4.9394549958993261
3.17216084784,5.0398808048499149
3.46063615453,5.4507702576873509
3.76354722785,5.9578821074569879
3.5752580794,5.7246281121188796
3.58886151164,5.5255829936911818
3.24859674075,5.1124848325828536
2.98031095672,4.8820876999147451
2.69575291881,4.4049685121903819
2.43906299078,4.0388467947646216
3.34506667353,5.3348803933215478
3.56976114371,5.6595412855682756
3.68568485278,5.668508764878303
3.24140665922,5.2814301019273682
3.06839193325,4.8873380299668279
2.50614739501,4.133147939630728
2.55209032084,4.171265072877441
3.28052674236,5.2338810195394521
2.74421048649,4.4979744301466491
3.0316436525,4.8660936480130443
2.55362069457,4.2012358590490173
3.10222626145,5.0204985687558636
3.47270127025,5.5988061106055991
3.37039736255,5.3900177996523517
2.53682500381,4.1898586627563859
3.13752430895,5.0628585737951513
2.95465105729,4.8499261911156353
3.23140651627,5.1496364776548802
2.93853596548,4.7443968524278359
3.52855810295,5.5726725274539071
2.98666791452,4.7999239431943561
2.75319413146,4.5168031745838553
3.80545476217,5.9600440498071334
3.70100442953,5.9088777356497353
2.72798642141,4.4215652011853344
2.50566820621,4.1329785610054595
3.50380039819,5.5885327317463913
3.76274550496,5.8484599081303594
3.12122884776,5.0067840108497128
2.8102903414,4.5945976796325487
2.91932478335,4.8007823690419986
3.09600395893,4.9905734253945013
3.4844381349,5.5307740580404063
2.46962405919,4.0652133312073149
3.61093739869,5.7778832781452012
3.40913237069,5.5021630526585108
3.19139279291,5.0794502941238981
3.2634966854,5.2465110222429043
3.35654656196,5.3747648898520959
2.94341919478,4.7443033389089448
3.39981293499,5.4791895515100393
2.9085458631,4.6481946132200216
3.10020527925,4.9796048992329895
3.41648848096,5.4769218494249525
2.90510201155,4.6383013195022791
3.34671513965,5.2782382664265235
2.80934169306,4.5868241049166052
3.1151974769,5.058636976388116
2.83331509034,4.5957464179677769
3.08263000427,4.9903525810033598
2.6318342895,4.351810980614581
3.00834471966,4.8699588058681522
2.68199241905,4.4358008718976869
3.54808660006,5.5667386191731749
2.43827577076,4.0408752423158409
3.01465852558,4.8724179024831455
3.62792078775,5.8052095505896331
2.68814883593,4.4070752972169904
3.79586204392,5.8908210982925242
2.6179813999,4.2649473642112561
2.85432559496,4.6214070571013881
2.79193161464,4.4659086752018053
2.76074479153,4.4429123195585927
3.27914946867,5.1765892395787443
2.49418072963,4.126212148112832
2.40475483591,4.0417529169951711
2.83598888137,4.6599170911134724
3.22228388876,5.0861119148552634
2.95825026452,4.839570814202645
2.70480454502,4.4165503268496531
2.92934150225,4.7686547453194841
3.462489737,5.493099527503956
2.56203419192,4.3177850926548995
3.68886647209,5.809373002839453
2.85772149355,4.6278042014711769
3.81670046597,5.9027101952185479
3.6101252917,5.6999768226484759
3.62655001453,5.7248200780293512
3.47468868788,5.5221954908716722
2.49597231353,4.1314813463515101
3.77091423482,5.9627181969776721
3.77158526329,5.8877311709135762
3.17040196939,5.0640939800510791
2.76466118138,4.540879070829658
2.46678569879,4.1139447609448938
3.10071457921,4.9929469975530818
2.72057811237,4.4639709398171865
3.65186154661,5.6938698980967706
3.67447457366,5.7766094432803987
3.52377466651,5.5916196781448999
3.6384135438,5.6928100901341239
2.95229194404,4.7477468003112975
2.65172842329,4.3379888599401717
2.75692081348,4.5264836210584596
3.01120551091,4.9067446752650552
3.38770759749,5.3284495336139592
2.7808423237,4.568202426827888
3.59953063474,5.7170096029766171
3.56387279477,5.5996620922353859
2.9374410093,4.8274816475229789
2.69627287023,4.3877122185840527
2.66764530896,4.4792179679546873
3.78733992452,6.0106543952442433
3.69884825946,5.8799953077913871
3.61420328343,5.6139074454512583
3.10732412278,5.0052912768942255
2.7182683037,4.5154232942520665
3.52972820494,5.6892057401156482
3.50999103661,5.5440456674402139
3.04273621333,4.8827675519740783
3.26725237487,5.2221980699761161
2.63066043932,4.389788725566528
2.67476767095,4.4125488100893078
2.84299440626,4.6653804840101714
2.68422689199,4.3969125989396813
2.70917599279,4.4404946154876406
2.91670594065,4.642513110856461
3.38380865378,5.3317772256625746
2.68722428468,4.4202116780875409
2.54126676072,4.1149499622891668
2.66737866082,4.3940898476210872
2.5420521068,4.2524436445086815
3.42689685726,5.5011255414868216
2.67523070201,4.4163533307945038
2.4419890056,4.1081706184007123
3.72867011941,5.8724156244062851
3.70238220879,5.8480826482652635
3.23196765491,5.1738117204698435
3.7074990525,5.9025929995298316
3.31023978057,5.3399756041280879
3.077340418,4.9096142283337656
3.01559058657,4.8234289604296521
3.43862188082,5.4343305156893456
3.02431679222,4.8117311076634453
2.54962288919,4.1632707270391647
3.77133053395,5.9378854069897704
3.11961442849,5.0572299127694809
3.15984812993,5.06898423912972
3.11306858937,5.1149421133255411
2.76477099223,4.5192645149495352
3.81726007024,5.9567069550058491
3.56805186257,5.5802879432148025
3.66379302602,5.8545972263600881
2.69227942522,4.4186093186535018
2.94445163549,4.7892143412675185
2.75991536342,4.5612802857080581
2.56036610511,4.151409143987201
3.18551239234,5.2323221427788571
3.81901116309,6.0420918155818306
2.86529754763,4.7006302537339124
2.79933697203,4.5516349222782022
3.18253877265,5.1448700484843997
3.44836890458,5.6476561457215553
2.93514140814,4.7841032338034237
3.05697200798,4.9913526851055146
2.85446377798,4.6624325064070824
2.74446873838,4.4942629121432782
2.80871069177,4.5669816383130648
2.45506789113,4.1113670378995604
2.70758266395,4.4396514309951502
3.51259970691,5.6823942057023018
3.06580579515,4.9799370780898391
3.425019011,5.3867564703281641
2.45261842135,4.135776139938228
3.79370657078,6.0433376588284151
2.61076991576,4.3216634275337968
3.18101083312,5.110565085308882
3.60706388394,5.7500558966055664
3.56586744182,5.6380345632208391
2.87641011194,4.707636376907022
2.86862019151,4.6294163774090027
2.86680116855,4.6501597834300679
3.19626059957,5.1293402514132733
3.53411417104,5.6177351575317136
3.03113791298,4.9391318918312654
3.0404940801,4.8727465605161582
3.07330227611,4.8869885445832537
2.39205664887,4.0459920577366679
3.00323129473,4.8627684130815352
3.3963960549,5.3889757546419244
2.55415887256,4.2770316250577576
3.09409498688,4.9463265820325386
2.6139404077,4.3279467725706695
3.50292298606,5.4751562925106425
2.96063693516,4.8640777871177976
3.0818990787,4.9552156344705036
2.65363723193,4.3657222211356386
2.42198948231,4.0540444364307104
3.40618847344,5.4621913951931589
3.60849335885,5.6928902629579365
2.51187515741,4.2040429703338189
3.39329843083,5.4023539518808867
2.59776863097,4.2901721965501292
3.17755044592,5.0587528448856087
2.45165913549,4.082594470775966
3.517696671,5.4470975582020893
2.7423191362,4.5127270651785203
2.43810984329,4.0434159418240636
3.23022246574,5.1274134570306584
3.07408680178,4.8899773766319274
2.74771028464,4.4927267659120185
2.77758016389,4.493292809959148
3.52971655306,5.5721752342120094
3.76810213055,5.8438374750123838
2.60701061506,4.2598494407153122
2.93142282325,4.8047267278706114
3.16153663758,5.1106750578957056
3.66092600035,5.7037622655454436
3.37570235082,5.3711106663182671
3.20707213025,5.0785587046378318
3.40606876015,5.394931507608705
2.89999397959,4.6615930361609328
2.99257455547,4.8492871221851557
3.30405776902,5.2921037325633025
3.74350739296,5.9396627758002269
2.58039785406,4.2581180606315643
2.6946100713,4.4986864629686263
2.78838072771,4.5956784033480211
2.74467590447,4.5096425707271459
3.26968742184,5.1670075116423106
3.62383406627,5.8278340153812191
3.11781727562,5.07914546450621
3.58163179378,5.6927239168910813
2.41960274097,4.0735568795766701
2.51128777736,4.1437538629796968
3.76617986334,5.9949475973441997
3.61472534131,5.8518276854170264
3.50676858771,5.6476936068038208
3.43119950778,5.4993988050935467
3.29298874297,5.2866843659752334
2.66111148294,4.3548627262301194
2.43269954374,4.0433808740348463
3.7181934123,5.7448418692265335
3.70101336223,5.85309572098258
2.72007187529,4.4648523954637165
2.76045404249,4.5214407694169108
3.24294572744,5.220901332181211
2.54202336595,4.0738050776227501
3.74249621588,5.8680306502642612
3.02994395926,4.8822012599243365
2.43262342782,4.01936290375754
3.14832056499,5.0078242738662029
3.12780675162,5.0117606877836298
3.31103914939,5.2281167536341417
3.47659413105,5.4521100410224568
2.74847449646,4.4329630331928316
2.81205336554,4.6426431430325392
2.61852862476,4.3373707732694884
2.80180992206,4.604451236795021
2.50898449293,4.1801414261193877
3.19147198314,5.0460922980276521
3.68965877848,5.7608013094955641
2.62361055087,4.2924545702153454
3.49663516627,5.5005315499082839
3.66446919,5.8067944248681851
3.02515190166,4.9591410934294631
3.61034321653,5.7617780946015422
2.71034800035,4.4689603691544892
2.98250492599,4.8278187260347485
2.53653838777,4.1489934090298739
3.77366365505,5.8746272343832375
3.02860846223,4.8233320706333407
3.57145504501,5.7020301127975594
2.64812330514,4.3511958349416027
2.51885256788,4.2048986849367678
3.05808627574,4.8939550901462932
3.41102177383,5.3526825604165129
2.58812347472,4.2372051659663192
2.66614328663,4.3473912589910251
2.79027233123,4.5572953582165052
2.66040344197,4.4274856176093067
3.32130947689,5.2410809576654049
3.07995009828,4.9128162369726329
3.77328501114,5.7995029343858828
3.76485371278,5.9112966399301063
2.45538707951,4.0798051801470638
2.72483852593,4.4569775562812337
2.8323601389,4.57554101129515
2.6688763753,4.3932428455708994
3.8040791824,6.0116541776781611
3.43375069165,5.4241615160113223
2.83359142535,4.6444396903231153
3.7709728113,5.9038327198745533
3.42284802612,5.4709206315084735
2.5448378407,4.1832759458260877
3.01898935811,4.8767047748717092
2.64868650503,4.3833514757846723
2.89922844738,4.6835905025519668
2.46720619161,4.1391383384001212
2.83360349739,4.508884188756431
3.22966644384,5.1341461374085275
3.65793134447,5.7191387168312646
3.55664500864,5.703456934964275
2.52701269342,4.2165025255701858
2.40185361749,4.0311527804448062
3.47043409187,5.4709197122851387
2.77541361119,4.5599276887369928
3.47307278845,5.4945510764320868
2.57416923544,4.3151242657257765
2.969835111,4.7656444619188774
2.9108910957,4.7100617388153694
3.00041411075,4.8432751543976611
3.28846490434,5.2774715623892519
3.55242506651,5.6581578478881873
2.54350805178,4.1458837104705673
2.49192916762,4.1581101322017329
2.85936826844,4.6112626539018082
3.45538061604,5.5447548597713805
2.72327855008,4.4923801379635888
3.14439791433,5.1634680081384854
3.26268227513,5.1275823971519863
2.76744350504,4.5270562776105843
3.71207255262,5.7920146712987117
2.93864826433,4.6934454399480821
2.67004899121,4.3750050758732906
3.2882392109,5.2262624905823074
2.87383527757,4.6737605457560951
2.70471930565,4.4762996409067899
3.77884175548,5.9294207929624374
3.04004919652,4.8491065722581759
3.10070043363,4.940794839319155
3.14056024799,4.9237328723800449
3.20120481169,5.1961668668504295
3.065042059,4.9224262620023387
3.76287667612,5.872167433572173
2.73310302975,4.474261584720999
2.83889440783,4.6249319177436918
2.41238989613,4.0643433160054272
3.39821100948,5.3139058681774349
2.8170972296,4.6857790016221763
2.72303453127,4.5511694233683579
3.24139542303,5.129669189621537
2.45774625399,4.0838948314478936
2.76082499075,4.5895449877373444
3.59639213686,5.6455370647826655
3.22060006354,5.1482075072896416
3.40213418124,5.3906313754130011
2.68992581209,4.3429511480924852
3.62718574812,5.72473504541371
3.06101075813,4.8993725541411868
3.55558142522,5.6318002860874286
3.57040314068,5.6670470571087206
3.50200123965,5.5443214404613235
2.51337306036,4.2198294709573307
3.41732051775,5.3313892839472654
3.42276234575,5.4258859451617028
3.45371552016,5.4643049432366695
2.56644125825,4.2667118091438914
2.59597650453,4.4083209619433026
2.6781789492,4.4005259548198508
3.67657657391,5.7947290785255792
3.68171917313,5.8165323660419475
2.39109984496,3.94815145792621
2.40034923395,3.9548742781530817
2.9508992822,4.8082921224322765
2.64124516945,4.2837161761374611
3.21788062319,5.1347295770186472
2.51976194896,4.1455629708127404
2.98623858569,4.8523503877317316
3.3350035731,5.326695232893635
3.19874727801,5.1688236716804532
3.16718998038,4.979485319529994
2.61727332681,4.2762827520985223
3.80448573017,5.9247775911618179
2.52041985783,4.2526312393237005
2.45208382266,4.0760736578191041
3.46386089933,5.3973254226902494
3.29947783486,5.1952650973089209
3.63413046056,5.704807693076118
3.02100899815,4.7954873759484347
2.7513153565,4.493409559099236
3.58569778468,5.7616427122808842
2.89443137116,4.6769120593450495
3.66327559043,5.8665998362517824
3.26887698222,5.1227591463896331
3.6627527561,5.725269711493973
2.99022118132,4.7903116875608855
3.7300071245,5.8474932953435754
3.81458532779,5.8413585555391769
2.99105552682,4.8885063522020831
3.407091969,5.33296731589434
2.79564273404,4.508641770194636
2.66065981872,4.3788491282201125
2.98286957185,4.8128866771882182
3.14349806452,5.0933617445668302
2.6230665334,4.3567015793672983
3.15936601738,4.9358413458103652
3.65265965315,5.7453596566795335
3.58853213419,5.5836237734503591
3.10997071236,5.013444684278034
2.6747321421,4.4355188926136151
2.57659640383,4.2507087623477871
3.04966996976,4.9513126534084897
2.93408557201,4.7410439689547692
3.1567708652,5.0409019699790063
3.45944135335,5.4510446411841595
2.59239351418,4.1902651187287043
2.48092714506,4.1180790555051949
3.43141849751,5.4216628354281911
2.83310248303,4.6440191120833605
3.79815120685,5.9879240569206029
2.61527597112,4.2612925055672548
3.26826425089,5.1930280502637594
3.37734404091,5.4115664924958962
3.01482254066,4.8764113433677911
2.76371387118,4.4782250989114143
3.44871152311,5.4738364962389161
3.77137040577,5.9240349618669548
3.15045817522,5.0071987944928402
3.68798569816,5.8200695844817156
3.17685832233,4.9518691004070243
2.6357575963,4.3768147855096906
3.49813540879,5.5090273270635386
3.17836606935,5.1311914619392462
3.12102973351,4.9457393813111699
3.48390126723,5.563559014278785
3.08956231834,4.928912952399104
2.60201552633,4.340827368845555
2.52216750643,4.1486491876627811
2.88257723109,4.6412806559395774
3.24401397887,5.2291346724564187
3.17845157139,5.0912829421602241
3.08921544093,4.9768045141775659
3.63953403024,5.759001115281464
2.52100089949,4.1482921083917859
2.7717450694,4.5258528637254614
2.87315863127,4.6345464080781289
3.52941552877,5.632464624508783
3.0085367915,4.8609289357615593
3.18176970717,5.1097745754990829
3.76978554228,6.0430669164339523
3.74752634121,5.9024856545744946
2.81466674311,4.5799359755986346
3.74015550762,6.008571128210038
3.59680071872,5.6396136343433323
3.44218599529,5.4198494911314201
3.78836511519,5.8605845976963691
3.02945179411,4.9607578411189852
2.49083906283,4.135400876554165
3.5264367064,5.6171810563934903
2.58419011646,4.256208084264097
3.00649743695,4.8186628103991458
3.1736006501,5.2031270069054205
2.51726103105,4.1870281878663844
3.58881014924,5.5978386957218982
3.11551104817,5.0224234066444193
2.45412161423,4.1328180502381793
3.81226134816,5.9605488344266346
3.30544656222,5.2922485328698174
2.79210224768,4.573228239166216
2.76471208739,4.5194568998207032
3.17029611477,5.1369067751224753
3.77197645506,5.9884113356326791
2.58541633763,4.2594866684173436
3.35954618695,5.3677146612394635
3.30837520932,5.2049005588926125
3.77234236937,5.9639610301959491
2.50565575561,4.1190621159025476
3.70157789266,5.8651436354505107
2.86055888144,4.5717588142272305
3.45010519006,5.4857687512747688
3.80695769426,6.0226524729095807
3.09742830485,4.9895423458163073
2.93554768917,4.7082982629714492
2.65370523046,4.4197852477370896
2.71844217647,4.407022637055892
2.4966327818,4.1809327754825105
2.46375599869,4.1138475191957422
2.80043518936,4.5623163473684683
3.23644025247,5.2449283024552331
3.64861357685,5.750679645882915
3.09396483625,5.0155436814087668
2.41485493519,4.0016686844076519
3.11139762306,4.968845691494451
2.54043295531,4.1603995214439449
3.12016656855,5.0088890640219041
2.94041170171,4.6988970184181156
2.76311543414,4.4502399031067208
2.61682455621,4.360631293773606
3.72479256657,5.8496385106237661
2.93094448897,4.7448637283496655
3.58917195241,5.6645424917052889
2.5039602797,4.1316990751633647
3.25814190489,5.2294261846528549
3.28663204497,5.287585302694839
2.55682818049,4.2841371032335323
2.81907600305,4.5995281283076022
3.60397755807,5.5815072982021983
3.03886369849,4.8820858621160061
2.90339650042,4.6660616426282573
3.79158219451,5.860415042439004
3.05543137705,4.9560756583010344
3.52428235893,5.6444857846672818
3.11761449351,4.901925523120652
3.78031718015,5.9290969677289578
2.56310695091,4.2029167424554323
3.63709494713,5.7655044508323714
2.42446893714,4.0155056045589141
2.60410280631,4.2267313182638198
3.55111964565,5.6608011466726591
2.54736023524,4.2595384313143807
2.93795675891,4.8067509302393567
3.3397244189,5.3537745108400534
3.52573134082,5.5715354645828237
2.79482408381,4.5869241757831603
2.86574644139,4.6843136323757681
2.3941471295,3.9947886319496422
3.62074830679,5.7236579717749541
2.56946437029,4.2161291240525607
2.94608155508,4.718652413388666
3.37971623645,5.4667185874519948
3.25202823751,5.1621394711592581
3.07604816742,4.9076043596007093
2.79309944183,4.5226058408118162
3.12203028135,4.9302666325398317
3.45134653047,5.5330018491149806
2.60480763548,4.3401230110011655
3.4232246482,5.4871292114990498
2.99112025213,4.7898155284651427
3.75036303722,5.9035993148973684
3.10160603495,4.9705141722435151
3.48885264995,5.5125300555174963
2.98645773708,4.8014838758204723
3.54577642653,5.5541873706751987
3.24433696025,5.149523228046867
2.40976314345,4.0754572440588026
3.10047156316,4.978954129672962
3.00244009683,4.9434850219624549
2.48975223696,4.0961403708416038
3.02715758614,4.8417944870532832
3.12186566403,5.0915478447982458
3.59399344156,5.5839041564821796
3.81968398374,6.0229406769109799
3.19041185444,5.1078528720938543
2.45761354054,4.0996278347672588
2.44798193826,4.1000087807884036
2.48057632733,4.1727585045589857
2.51167247512,4.2155279377279937
3.16287064119,4.9885037051285721
2.57396236509,4.2430205709953484
2.82177561118,4.5609860435217264
2.52363891305,4.3041135141813225
2.77643850439,4.6023694080589861
3.80847732316,5.9898728423162675
2.54222884092,4.2273546504877748
2.99555325816,4.7751573165811836
3.2393982118,5.0835861074729216
3.46002811121,5.4659231506368888
3.54262518071,5.5255243855080511
3.48476661174,5.5780067573045011
3.66447592739,5.8787567996407084
3.19353299145,5.1140969608418123
3.7687931086,5.9294753638820694
3.22029835662,5.2089753095862701
2.99945908478,4.7947417623101458
3.74515848935,5.7867158285225608
3.43237931379,5.3867529054512735
3.42582085926,5.2985265141985627
3.30229894599,5.2696245597672604
3.42174555113,5.5071703711027942
3.6002526438,5.655732373861845
3.77864928652,6.0222274436986911
3.49586642518,5.5539431850111569
2.62117665147,4.3296491843327916
2.97021940886,4.7734769481527568
2.9183945522,4.6799652541281986
2.79962395606,4.583834451926065
3.42836585635,5.4146965178637601
3.01867187947,4.9493896609251733
3.49862702722,5.608526492509613
3.13594836296,5.0514746407951492
2.95386919928,4.8017957313811337
2.87550947815,4.7478736244131792
3.79177967023,5.808057060306429
2.62607508055,4.3114447738365875
3.74759624075,5.9616367382499229
2.91451870125,4.7982648283239682
2.82269028323,4.6257983433561485
2.78716661611,4.5391050739068346
3.24177973913,5.2135623774566762
2.82862519422,4.6485125399372924
2.63524868748,4.3321602768689029
3.00188260075,4.8153174357661293
2.70283811981,4.4993544863247816
3.17723332224,5.2324203026036775
3.47642215633,5.4672790657099277
2.97613350293,4.8505919337885102
3.0181861326,4.8328726046308859
3.52695939127,5.5422877397492263
3.5431501475,5.6098499483626245
3.37005064371,5.3035269448428952
2.82451722097,4.5329183796222763
2.64299464175,4.3868467290970061
3.62531084897,5.8298730460192525
3.64403016374,5.7046762552507317
2.71568460038,4.4070446838970936
3.19640544128,5.1553626196587619
3.03707772294,4.9694497848277424
3.25004075729,5.1610742117479438
2.95600329417,4.7857939587332581
3.62331129188,5.5875727985643309
2.76700251188,4.5438183492938382
3.15746051036,5.0991326997045503
3.58158349188,5.6703136416269375
2.97109789877,4.779628236731547
3.18915102969,5.0961870980670456
3.30450981573,5.3696963186545634
3.4410960492,5.3800863443330194
2.4026702834,4.0207476128687238
3.55753082064,5.6475045527317072
3.5726575908,5.6534724685211746
3.47519101751,5.5618898192716397
2.55516597849,4.2232969949372627
2.61865619968,4.3833222084822783
2.49660117462,4.1614788795312441
3.58378872504,5.7387027639628334
3.31523789331,5.2012981754625036
2.60429279345,4.3197328852197465
2.60669019608,4.2597232267693155
2.85285469535,4.6231849389189872
2.65898659155,4.452818772467853
3.57310359197,5.6127401212593737
3.71210735284,5.8626062330500615
3.34014287599,5.2958647145738604
2.87855469838,4.650245494577975
2.7481179985,4.4055783543924933
2.51240728392,4.1632311349833149
3.56318910103,5.6369965346365554
3.12645677575,5.0334478321589353
2.91989487093,4.7413213886768268
2.96500617087,4.8139998622913387
2.81685698766,4.5538687549082129
3.80526429843,6.0071090688693882
2.86454528761,4.5571773372882358
3.37028382965,5.2237038253645158
2.59325366707,4.2740433986881676
3.42388491153,5.4759131301530131
3.13418636913,5.0850745859073578
3.04366730936,4.9740752670054027
2.82648345796,4.623908468106241
3.2759719655,5.2641010973336719
2.64700994175,4.3343380191256147
3.62343548435,5.7271706762750387
3.53741507418,5.619480633151376
3.03073664872,4.9603711368893499
3.69702944915,5.852980803521354
3.43897876555,5.4502092193011364
3.27249155772,5.1047333311735308
2.51916388223,4.1111931300724187
2.69315947587,4.4402469464095793
3.46268301762,5.5326245994375176
3.7078875868,5.9596485541613733
3.13152481462,5.0465393958524949
3.3878967004,5.3331991751656531
3.3292381491,5.3403720118015663
3.67394645858,5.7402176027213132
3.24668157152,5.122249974737711
3.07005822419,4.9703532180525185
2.6246155884,4.3967683652410248
3.40362407335,5.4138147933608316
2.96474188493,4.7882322998402618
3.03640662867,4.878063072711587
3.50706931315,5.5052295429276272
3.40016389817,5.3835191034579566
2.49281092744,4.1448773728445394
2.75256779331,4.5093642750523095
2.80872962477,4.537824023413787
2.60098717931,4.280608873383426
2.63534323674,4.3103775924055023
3.67813305696,5.8356777225316403
3.10517845385,4.97036913146892
3.69979736302,5.9057125652925668
3.24074289295,5.0801393647240758
3.5024644427,5.5156993484587158
3.26685267566,5.1402697014793386
3.17674373905,5.0930366946650034
2.79269999372,4.5852146271903145
2.65195997391,4.2961097982087244
3.53853029502,5.6489876476160132
3.35608013184,5.3250608972095534
2.6464082766,4.3966994525464749
2.81747777404,4.6880635569358393
2.84227225062,4.6923264875677368
2.96841011693,4.857096424083803
3.03187464474,4.926139948822259
2.49094323997,4.1291934621148814
3.25198403365,5.195408388867282
3.33056814402,5.3251457015262238
3.07574344623,4.957686361182005
2.59577051023,4.2287026143899737
3.14302755636,5.0914926699502558
3.37400705038,5.4391397228651215
3.48185777081,5.5113319348264387
3.79095827437,6.009672554013715
3.15445617221,5.0170962242237565
2.40931791391,3.9689610221365115
2.59640759338,4.2917928422478742
3.75545158472,5.8877481516980668
2.84951295546,4.6568939706883548
2.96774957343,4.7825725859525994
3.67741842413,5.803107281186624
2.64558630013,4.3865320777840857
3.44521053356,5.5042872607374616
2.97269992526,4.7409327711655385
3.51476117676,5.6617120522216959
3.36137198934,5.3030815352867222
3.49648920184,5.4660045550460135
3.29210678033,5.2451628238168855
2.7654016803,4.4580150062297346
2.63832185097,4.3708819638999996
2.96083468341,4.7522824402184876
2.89998330475,4.7167486420826457
3.27467632318,5.2392608182923439
3.61862033422,5.755412160881062
3.41107487078,5.355589378642188
2.71417097092,4.4069917630265412
3.34182250803,5.4361814754884747
3.44360907202,5.4831673573093749
3.00746269134,4.8855404831497307
3.10798686569,4.9540021988167657
2.77484176433,4.5207108389209827
3.56936295164,5.7553113805637262
3.70900533849,5.803639137921655
3.46672532591,5.5763817326934646
3.07452221512,4.9096813143986733
2.97336139392,4.741095710054215
3.69868105883,5.8620176455262927
2.82678382924,4.6946213740781069
3.68401472283,5.7576914410885385
3.47916081591,5.505097294884191
3.19121997074,5.0594934361057096
3.15992984108,5.0667314515122186
2.81225423846,4.5750939748246031
3.39138834859,5.3589111189659029
2.91284523402,4.7065686484755593
2.75238663403,4.4776653063453686
2.66872888196,4.374374803032901
3.7364994527,5.8827838077348193
2.71133246806,4.5016316664597467
2.85881887292,4.7101590456422313
3.79115326723,5.9046055312058092
3.11154323587,5.0381256338863114
2.63746235149,4.3611849309122945
3.57741819148,5.7304764717675569
2.77793428087,4.5151830415531817
2.72680348418,4.4443230843764336
3.61419250715,5.6570436530247852
3.61277826204,5.7435751827302113
3.45861629843,5.4925499645845735
2.90566821236,4.6708421856124893
3.51165244774,5.5290927128445926
2.67405977499,4.3595324329956249
3.57391730483,5.6886302910513304
3.73489950905,5.9388271061022699
3.26850715954,5.1413325862306003
2.40340259592,4.0243160369601574
3.77238393164,5.9196676375213562
2.99916325621,4.78717690928677
3.39129813196,5.3928874264433588
2.5896928807,4.3054332444867889
3.46775982981,5.5748937321296861
3.06948341262,4.912811807181221
3.29982556317,5.3486789654923914
2.84535399293,4.6646244203616769
2.70385011392,4.4199559428098096
2.89257909421,4.7257249117237237
3.33314985248,5.3138202799429504
3.13529796051,4.987505177121772
2.76026849279,4.5221033930230892
3.52916042589,5.6000488197723097
3.77031240631,5.8142448039242449
2.79823527012,4.5480426942763588
3.03496878055,5.046926955209023
3.58470301454,5.6144105649319087
2.77987171882,4.5323349086782763
2.70299167514,4.4143150577493921
3.63294331273,5.7235291253538447
2.8472789084,4.6967328284811005
3.66032558666,5.7373677245095278
3.11321711348,4.9527332189334237
2.77719318735,4.570746020321625
3.2654235247,5.2742133640444377
2.92874122144,4.7673581957977786
2.73306654469,4.527539032274027
2.81582817151,4.648865474752804
2.54389337254,4.2443821625051976
3.19379125498,5.1047694052914521
3.60507538136,5.6142909658766422
3.03982524051,4.8463896649835077
2.63319087528,4.2897683225408691
2.77080488913,4.5210855697698715
3.63242234476,5.8234376796302136
2.71747814077,4.4057077013986277
3.55356690665,5.5675979933732771
2.76243842424,4.4584373356766731
3.03377490003,4.856817278352537
3.10630945039,4.9489130509013339
3.22208153011,5.2230239494803774
3.24972419977,5.2542151852157684
2.71030034908,4.441833311911207
2.95833642086,4.7544871220061813
2.65356082256,4.3679579632965142
3.04948938769,4.905005354159818
2.51240248949,4.2223201603743039
2.70781793687,4.4796538946360753
2.89924576458,4.6987289124825509
2.88682264249,4.6174516955667766
3.62411843728,5.7367071212501637
2.64263115172,4.3463283435333206
2.62422749064,4.3426791516296648
2.57168823335,4.1824402390601616
2.98752580945,4.806497923333775
2.58109019931,4.2825998788273605
3.76211568371,5.8574577329990758
3.74897280172,5.9397149235578475
3.53825218575,5.639511020521021
3.49051338599,5.5453404236349337
3.80151603188,5.9064906871828819
2.57129980105,4.2872165447363964
3.53052808172,5.5273114858837538
3.32700355624,5.270979418360354
3.11046030558,5.042682251904858
3.73636614247,5.8551344301001595
3.38303199925,5.3336549927758066
2.90069684515,4.7227621319058821
2.95406434466,4.8209187886661988
2.88431148826,4.6791979895444795
3.10905802598,5.0439457582312528
3.36864876923,5.3374460801458907
2.52821447637,4.1761488130358613
3.06023998445,4.9003370956381902
3.02733788308,4.9451168954545279
2.76842774528,4.4920039455853793
3.08981265922,4.9797435824978935
3.06849670785,5.0460596155054125
3.33162313535,5.2458581038318366
3.44523979259,5.4787140891095412
3.0726868273,4.8853401993402308
2.72089443727,4.4290480440919362
3.76210208013,5.9561795411164864
3.60667618639,5.7332453882416212
2.88731603838,4.7104929106735902
3.37245449659,5.2813374758828386
3.39581412064,5.4314713759852244
3.52191751138,5.5749574258383658
2.53159671756,4.232907134624563
3.3437128117,5.3496800368227992
2.71127286518,4.4689931229367605
2.6596565704,4.3526145405438239
2.61063796351,4.3342603675359994
2.83785420258,4.5775121948578397
3.57577741177,5.607608767125674
2.92107655284,4.7317644500583915
2.51008201086,4.228948292454727
2.62391420731,4.2568625685562527
3.31968198731,5.3095098149984503
3.05073046184,4.849244643863396
2.90326887873,4.7231812029184415
2.76287141447,4.4482262593025643
3.12872834669,5.0745268044801861
2.73874101568,4.4479102197261735
2.80667131225,4.6072978557721846
3.74287201572,5.9272925864996955
3.32750164036,5.3191777822916295
2.40854558538,4.0263866478562402
3.58045200769,5.6582899121349417
2.70985975188,4.4255549158100935
3.77241588622,5.9485052967945977
3.4659527826,5.5285758086910359
3.3843372413,5.2929473465035937
2.55120426429,4.2044194997923352
2.56432326689,4.1545842699812372
3.40904194502,5.2725286366493398
3.15885157595,5.0755312016622618
2.62622040259,4.3029773997108229
3.02667902727,4.9084418299636541
2.76386690958,4.59352058418692
3.3537989603,5.3679319580982794
3.56106993165,5.629542315789319
2.74599712971,4.4646889191500669
2.53666514809,4.2268162943457428
3.79396471277,5.968588270295732
2.91482646575,4.7155526742893441
2.87534312739,4.6965577976107848
3.79627879002,5.9677715279703953
3.21746756697,5.212996110128139
2.40340864168,4.0346164552678676
2.6873494516,4.3457042946001625
3.02869576374,4.9210693213806946
2.64924810538,4.436046981897583
3.5595925236,5.5029858435404728
3.33001635757,5.2445971447269395
3.53174708777,5.6097143535286067
2.41689078998,3.9918092304906412
2.62592760383,4.3783279915875797
2.50082584966,4.118715537540294
2.88966070812,4.6033408635181612
3.66854597774,5.8636287682010249
3.4609592715,5.4905488241240672
2.54066492423,4.1991610314787957
3.39066328437,5.3604381214316383
3.54112785975,5.631483329080285
3.74799663461,6.0420943163598091
2.45894195349,4.0822832530859872
2.6170528266,4.2556149532070737
2.9522497758,4.7958744131360707
3.52056701823,5.5406916976517966
2.83186748039,4.661943479856026
3.4560756028,5.3728483464814776
2.90846009495,4.7378904782090032
3.51796969789,5.4992834300657876
3.06449760773,4.95443840370727
2.56907197162,4.224196352887529
2.78110914148,4.5140772125381474
2.91663651445,4.7169117991061924
2.68663911423,4.4106103335237519
3.2214873015,5.113091388568856
2.57004635164,4.3117605603219378
3.72878069097,5.7866500163497969
2.99795247631,4.8904470029944571
3.47368504618,5.5321930394120198
3.53919090311,5.5799623749676668
3.0761009585,4.988184952313385
2.49158468261,4.0883903222591371
3.56134979833,5.5789099328138061
3.17044697731,5.0766891358415736
3.24799205149,5.2536077130010232
2.76862657896,4.4872762143492597
2.99630168091,4.8947478194571588
3.76368864324,5.9442487815348182
2.76118195313,4.4749714497863877
2.71210112223,4.4943013581937485
3.81785168923,5.9134787800201876
2.57574109263,4.228095981877301
2.67598002867,4.4144589704334152
2.61120953464,4.3261507259645988
2.55707881645,4.1981244543346499
2.94631167269,4.6983715090496672
2.78938546347,4.5684472903236495
3.35616401142,5.3919777049631614
3.14473562309,5.0804572509028629
2.40496424604,4.010850493122418
3.66168514064,5.7574409213883033
3.10520971254,4.9932415932536349
3.11925273201,5.051018380720123
3.12452834859,5.0197055000959026
3.68726015289,5.7076213296938469
2.66838521959,4.2999451253152863
2.96327052432,4.8276169370978428
2.73983907936,4.4534405350459378
3.61985321363,5.6863679219253305
3.51357571973,5.5174477030491582
2.617201347,4.2665790982873988
2.41987239979,3.9839168928429682
2.69540460773,4.3502122223118773
2.49221703592,4.1070385647324699
2.66964196716,4.4173807160111211
3.32868067893,5.3258725382890768
3.62277275964,5.7863986594801586
3.23889937126,5.2480690751308545
2.69926243224,4.3834242882922814
2.76321116309,4.5626955353247931
2.82910266019,4.5639134221639779
3.55560810987,5.6611570666220743
3.54867681099,5.5609620474231818
3.14020107996,5.0095932757485562
3.51211958259,5.5756658479112557
2.4979625231,4.1849468612616532
2.50979773766,4.1308979888205979
3.41305506791,5.4034223177609793
2.94734124489,4.7738359873967315
3.77110482958,5.8487275310536431
3.77072424658,5.8934495986863533
2.98255857682,4.847222303300458
2.8146721686,4.5502602275571
2.46024700772,4.1062261233601243
3.65265811066,5.7398400620785583
3.24286357447,5.1918095686719079
3.15557953932,5.0709196988221397
2.73350048089,4.5048973802871686
2.39101149397,3.969557998405441
2.53741949946,4.2003887919334435
2.96644200731,4.7591773922736174
3.39927008698,5.3522276597031295
2.71909284391,4.4705446207073587
3.09465413557,4.9591868041983815
3.76575848255,5.8798368197926836
3.6211862235,5.7242309240455
3.41949191922,5.4620705032395565
2.71334102595,4.4704878284607288
3.05013513966,4.92325552524379
2.70758010406,4.4254686355449389
3.19634131924,5.0684219031740589
3.64148892003,5.7285903992450438
3.35415088305,5.3373054197579961
3.35264528488,5.3836080222739131
3.66034514349,5.7748315017519829
2.53644975299,4.1320945996107543
3.51896294599,5.5511191267079143
3.47808385073,5.5011681635060867
2.77617030865,4.4666185387599366
3.71311729123,5.8733861447298263
2.70156566959,4.503130532886165
2.57495847173,4.2714357176090347
2.54733691658,4.2452756245351901
2.82991979081,4.6749112245801241
3.50280700703,5.6260482669447534
2.45952827967,4.0621751167833589
2.57875861448,4.267667999531561
2.48717676982,4.1448376150563648
2.5069777739,4.096656472135682
2.96076925202,4.7625575283929233
2.76907805154,4.4825219561721683
2.42702140499,4.013195259100014
2.75314840719,4.4602421028216854
3.04850983622,4.9273579518471378
3.81449564763,5.9604334880426562
2.56444453227,4.2452835625999299
2.92940643502,4.7123108875148745
3.24611539523,5.1641576657024739
2.68016728705,4.4233482703731628
2.93878881424,4.7151938267901841
3.46938486037,5.4334123599059616
3.66056188938,5.7418171060304841
3.35353514329,5.3539350107533785
2.54364482093,4.1002773179921439
2.54378068566,4.2268659177230203
3.73678287684,5.9571149245334531
2.6591790126,4.3306330162364759
3.50878973017,5.5586075449091163
3.34404973592,5.3454893319527663
2.46560057873,4.1522556883217625
3.76179426124,6.0109666134801198
2.69510378327,4.4836861289296115
3.14863188261,5.0185089902643139
2.84828315875,4.6405256974433469
3.33252839823,5.3239962312797413
3.6098804641,5.6486537544481239
2.68375239162,4.4380908584447027
2.78994991279,4.5359352187768458
2.69939727673,4.3814988749355761
2.91175013583,4.8178035113869813
2.85507747817,4.5946547168063594
3.21272680153,5.0667429352727238
2.91766520374,4.7278715703786807
3.30140378526,5.2447575032753448
3.71338298922,5.8638234400705906
2.60375751733,4.3461579667381409
3.49219734839,5.4975998438038793
3.26518112786,5.2617778704212492
3.25136203776,5.2028448991632299
2.66501646713,4.3800489745400579
3.43506992693,5.4222486374160432
2.47298996891,4.1348744337708503
3.21780618088,5.0981784434183197
3.26680253384,5.2112743919461
2.78719969879,4.553269667655206
3.4534508882,5.373201878720435
3.07051124094,4.9802337008068918
2.41179015472,4.0773993749090796
3.68418240978,5.8500435512417281
3.47225049477,5.5051370568033358
3.13212440679,5.0486115380989185
2.57807082034,4.1879722062859512
3.72112766101,5.9109525517164485
2.91574574112,4.7418029699342803
3.10318947475,5.0058934848215939
2.66523891731,4.2977284769790067
2.47257190854,4.1436486870967277
3.67993387069,5.8168082565869774
2.74584571991,4.5430618829845688
3.49201975491,5.5246181208639076
3.55012506051,5.6254283622944135
3.55388528663,5.6025473871857656
2.93848143711,4.7751915399795726
2.40410613799,4.0333143856548554
3.47365705228,5.4304333772912505
3.77069056123,6.0522779723925613
2.74359458328,4.4838556377030461
2.60055623481,4.276457068710835
2.6021139086,4.3249708961261293
3.71232042682,5.7948042352225206
2.64758010562,4.2940556059052346
3.18888980485,5.11627026566038
2.73191556288,4.5059304983398327
3.11391623281,5.0110743056753302
2.68401199142,4.3295470231612381
2.52556430689,4.2173180470412843
3.62806374034,5.7382012139932552
3.1727997272,5.0103966771616344
2.78994873374,4.5214192133595983
3.13892675651,4.9618101553515359
2.39997452348,4.0031187504967409
3.8090292296,5.976234301715083
3.32859295155,5.2495233114196438
3.02800633186,4.874674360331019
3.06100306322,4.9354908088941798
3.60755163368,5.595792811526886
3.2407852681,5.1724987417856427
2.56608301606,4.2504058884121978
3.48373660926,5.4240159231061238
3.44807300511,5.5409198859439188
3.5814360739,5.6728186608893409
3.65316201845,5.7152190447627556
3.3206429053,5.2980574835911716
3.51425246044,5.5269241008500902
2.68216677113,4.4021101193233259
3.75196771049,5.9019211924244255
3.51243635933,5.4850208913268172
3.73877499935,5.8141328081105739
3.27323993968,5.299698480631009
3.55764519564,5.6445177046403039
3.05879546948,4.9143529445894565
3.42085708154,5.4302724454844746
3.28169922036,5.2902699657871564
2.47417916651,4.1204408766640217
2.73578403855,4.4166921707002862
3.27019460234,5.2117926511777224
2.64204382488,4.3452249011805639
2.57632011717,4.2026435477981838
2.90354127411,4.7519817927143331
3.73992742941,5.8873005796771984
2.54713981147,4.192705570983037
3.12045977238,5.0800617725344877
2.73947741861,4.496838595851556
2.99952995594,4.8786870587591231
3.72378867541,5.8064132393350176
2.43152999543,4.0156629640635746
2.55727718486,4.2369930418763504
3.05570275944,4.9527345166726349
3.2957520618,5.1845652747101258
3.33202673776,5.3635474711073146
3.10256126235,5.0774445129867267
3.24563154411,5.3052185170467094
3.6834398082,5.7584439158082317
3.48646933226,5.499911841044212
3.2624496191,5.256946546514075
3.75756066708,5.9466722637007372
2.6611052614,4.380233285856149
3.79966487135,5.9394426770067099
3.62222637672,5.7257621090491373
3.67559794111,5.7695127766849277
2.46013697681,4.0938143449632296
2.99502795706,4.7871945435725953
3.52334077399,5.5007312766738954
3.32475715317,5.2808731600608692
3.73999362488,5.9253425789945569
2.71688860747,4.4657638938914017
3.12747331134,5.0198026788463661
2.52289757839,4.1875691995385473
2.78584151836,4.5741761330332391
2.84477385531,4.5496614545079943
3.56084533256,5.5586723065851853
3.39658116932,5.5067748063941924
3.67023569844,5.785157241452735
3.36358318242,5.3655080775134376
2.74977187762,4.4098769892198151
2.54899105745,4.2463709407875285
2.5681788695,4.2712461524002023
3.56882858547,5.5451243681159035
2.73953651579,4.4265567722220167
3.77973149737,6.0153220885734902
3.42626365181,5.4330644831865698
3.7354148121,5.8558016808921183
3.17283275743,5.0745100286686622
3.02069590931,4.8143805833939117
3.12639696901,5.0220956414549711
2.8307709025,4.5586817925809333
2.44506269604,4.151548777544634
2.6287965682,4.3314680531226468
2.7606398468,4.5337063784413321
3.69632175345,5.8192235098686655
2.63902038287,4.4054407308611268
2.95156557142,4.7371394002752618
2.66004630242,4.4184779906805876
3.77781801986,5.8982160597099025
3.44939001626,5.5167214218846636
2.66727094645,4.3255218219706251
3.318150585,5.2448431479046143
2.64726894994,4.3577791426164305
2.77807447442,4.5449104104902549
2.89936088842,4.6727803332252522
3.73203014723,5.74410950646367
3.72331385568,5.7713576851959703
3.27185550038,5.2192479615986089
2.62952645208,4.4376732050745389
2.65586206745,4.4189839892881011
2.43734095117,4.1180292131640064
3.25620392406,5.200664007690138
3.19171429659,5.089465984632521
2.97067250476,4.7302400723687601
2.47837754525,4.1754102292097057
2.74954498124,4.4888815311811463
3.2982647292,5.3132610797221966
3.33632818129,5.2701816723975865
3.09706886847,5.0452973767312459
3.72296650758,5.8032771167038435
2.82156640811,4.6631606767412954
2.75053850072,4.5377810126793907
3.68870052305,5.7044378398338456
3.11923449817,4.987473990408744
3.28961129231,5.2517418232296516
3.32452173744,5.2652756769128546
3.26598971467,5.3748934825253309
2.96238752479,4.8643677754525854
2.45964208001,4.1294712118718566
3.28284864306,5.1598172571511549
2.91475549922,4.6729247392027009
3.07109486401,4.8954330795396723
3.52545233857,5.7005290438176548
3.72736604268,5.9279425758014002
3.32577608085,5.3381709552525676
2.65644661291,4.3572227620553381
3.62572181204,5.6543809605352982
3.54698571267,5.6518959609234622
3.75750050257,5.9129686802452373
2.90169317139,4.7104295192971524
3.49693367424,5.445094437402858
2.43779413485,4.0832438864610738
3.33389361425,5.3342606356026101
3.68755365575,5.820364246714707
3.65352828003,5.7833944662898213
2.88394755502,4.6858664873742271
2.73026048318,4.5008600976291051
2.69361742691,4.4685827007649301
3.1122441726,4.9974294528818985
3.47183339788,5.4921726950480876
3.32383890767,5.3069283515809333
2.59921461464,4.2750073745449386
3.07429855376,4.9430772337805875
3.2412770601,5.1499674502254562
3.33244307318,5.2985816658268217
2.69227379234,4.496343276897214
3.62918592985,5.7316420748103161
3.11304632628,5.0084819532834626
2.51755905543,4.2315645824483976
3.15136036889,5.0384954314974424
3.08337718107,4.9095004990764153
3.24601054353,5.2832270760411975
2.90437193802,4.7021170378225543
3.09634166368,4.9465812753693781
3.51092519542,5.5135091292556684
3.34095874463,5.3556916841819557
2.7852190998,4.5271176240927753
2.84240822835,4.6540928571520839
3.51670407148,5.5783000830864138
2.66691309452,4.3253901837075555
3.43632437948,5.4534498722345672
2.60202387992,4.2671313919032459
2.6496456354,4.3140270814402708
2.6359389259,4.4030121634572037
3.53806270196,5.6171662082074363
3.746144138,5.9056605895330216
2.50578368735,4.2117775132657229
3.4304819176,5.4575938654803045
3.50914487061,5.4916138092495812
3.1709093426,5.0561513285548747
3.13999559625,5.0278941324608795
3.22263177162,5.1917532609954167
2.50814141364,4.1641968965607843
3.73193418935,5.959342360081326
3.58203078387,5.7368984287751985
2.59924289608,4.3045271972189321
2.50304817799,4.1294949092082041
2.93896697996,4.7528902505028672
2.39883648137,3.9722374636344697
2.5516369506,4.1640271322263516
3.68649366323,5.8078676163829384
2.51196656423,4.2046340041691543
2.67001290687,4.4075557979114617
3.01127896504,4.8854434361213368
2.64359984919,4.2721854944380535
2.7234422923,4.3806756206668878
2.94109605987,4.7515886184770126
3.76417053987,5.8516539204347655
2.77427091468,4.500802813218769
3.69516006316,5.8492331931287387
3.4733477931,5.5979032536149962
2.64807964059,4.3690024238168457
3.33300168601,5.2755774832348052
3.01140361872,4.8938109164325967
2.4058947747,3.9684754472224637
2.4907535361,4.2186399134435941
2.5974071563,4.3692035212239002
2.46148839023,4.1780419085501448
2.49715439332,4.2190158694397546
2.39219382155,3.9749517847296247
2.55670971021,4.2678457550339992
2.45190048028,4.0743215134032846
3.21436478007,5.0368436154718959
3.30328869057,5.2836571984099994
2.46558520644,4.1416752620653465
2.54493275288,4.2832964605272608
3.09460732472,4.9843309036891386
3.77500241906,5.8848782355712519
3.06272372043,4.9575153115326254
3.58883398687,5.7696338601339301
2.48547094549,4.1539711592019835
3.18047530291,5.0732007530723573
3.57990436989,5.6249086536718869
2.43742413606,4.0753633095275523
2.39606892151,4.022363222066109
3.42259735766,5.4746895031357621
2.97087517675,4.8093416123066524
3.30449207663,5.269645640001281
3.09265832286,4.9423962543722535
3.68185111442,5.8039034180088409
3.26922521718,5.194621826571141
3.23567778565,5.1129997900744613
2.77974572067,4.525950472519412
3.60327475774,5.7234025876848031
3.54090262052,5.5867790975258167
2.69533669758,4.3977340209326803
3.44418458182,5.4989463943879366
3.0032483717,4.7508193109692796
2.50156343134,4.1598199070666615
3.42951748206,5.408068464829717
2.58345904504,4.2626199676642331
2.55876732705,4.2809097981774853
2.41376922654,4.0186533896761532
3.81507523093,5.9789590507328345
3.52421887292,5.6306592064237044
2.49722492161,4.149627433364774
3.74616164293,5.9364405940485954
3.34536488863,5.3547661762518786
2.53754052776,4.156110568219809
3.56792535764,5.6696063701312713
2.95576805662,4.7466450677204861
2.59061175587,4.295733015522389
3.53837858194,5.6126056451825255
3.16897018906,4.9730932530585186
3.354668805,5.3915254027251933
3.52007970441,5.6539132055185659
2.75843412703,4.5455287313670407
2.45203137936,4.0917810306603188
3.08253385607,4.92790638980187
3.35645278177,5.2874360171243904
3.32405469158,5.2783978568664525
2.53136708597,4.2461929307905297
2.46628205208,4.1219723407361508
2.7994208519,4.5072354685897489
3.28213289944,5.3052629361787957
2.94045859501,4.7892172260028065
2.76120151626,4.6013364673006203
2.77124689702,4.4709025401217559
3.55637358082,5.6966972386288681
2.88373466943,4.6294511367832776
3.18201454452,5.0374212269915217
3.42435670804,5.4840959803800917
2.70741784179,4.5096406552316006
3.7678745116,5.8527808330858511
3.78455086253,5.9921292232032375
2.59756216006,4.2638092690693945
3.72551976336,5.8632233322064584
2.82981843399,4.6135971959696169
3.4074002435,5.5067618037571879
2.5550904083,4.2271917326362392
2.4126646253,4.0210601227440019
2.54106017516,4.1466092363815426
3.23066431203,5.1361672976872548
3.21723843898,5.1369800873116525
3.45844883241,5.4052179318535201
3.65793961839,5.7160193773321559
3.45551686512,5.4716226002899697
3.13101938864,5.1313020342826148
3.02687838565,4.7685418775015487
3.27104345277,5.1907795766202973
3.53747491198,5.624692490493751
3.47274692715,5.52398804530766
3.66032683769,5.8184396226452
3.74088123725,5.7563907171017012
3.13583794729,5.0840969794493933
2.78236923628,4.5494669331593025
3.30396847469,5.2545081868182617
2.7011490527,4.4987768156668384
2.75946021392,4.5269551646628434
2.54216367372,4.2665458275191011
3.31537488531,5.2806292166326676
2.51507002008,4.1839799696499442
3.48939966571,5.4794171549106645
3.29887323784,5.2688844438574884
2.89939900596,4.6892185585212962
2.89355288139,4.7042476450980706
3.58970422419,5.7359496007598061
3.253449953,5.1607233372361199
3.1470527801,5.0347747477734863
2.74888117411,4.4763090732763278
3.09353442311,4.8705216466087506
2.63276220152,4.3039558369398732
2.76182747866,4.5159129257754982
3.78860814015,6.1068924895010408
3.70180650906,5.8245971508992183
3.79297080837,6.0247250861956392
3.54347787317,5.644261850640353
3.26661472414,5.207645126437817
2.63602593834,4.2690579176840302
3.02932357076,4.901982572494747
2.40866669755,3.9624690596171273
2.93595943033,4.8089161580419795
2.9763670421,4.8305260802528425
3.46181181727,5.6044426523856004
3.27308748154,5.1960712883912166
3.27715973321,5.17247749805854
3.09716620209,4.978058950191623
3.0142221848,4.8698432584272568
2.55099233868,4.1820134226864702
3.47733428983,5.5444155155931929
3.11695698017,4.907875865327302
2.98462365957,4.8236700575876412
3.63032806127,5.6315046470904306
3.44266464494,5.4034029366930394
2.7704806157,4.6231312335648527
3.08537758638,4.9800935734250524
3.63976255566,5.7462698915584216
2.72954144126,4.4674226955033234
2.42414045423,4.0795397336855386
3.5807783722,5.6223514461152355
2.49052955256,4.1067609447539803
3.70679283251,5.8264705720065049
2.92349378148,4.7848009929646595
3.06177208071,4.8060357122557749
3.34015784367,5.2957819875869427
2.89994608812,4.7097779589494788
3.0727026162,4.9978175963936051
2.4790703988,4.1368804463207249
2.79127199597,4.5211714551824116
2.45092524233,4.0826824858478465
3.11837615391,4.9491133497663276
2.82761567765,4.6782308447602636
2.7018372006,4.4138305745372479
2.66069283052,4.3088897872458967
2.44594240978,4.1331126192789789
3.35475330997,5.3700167111365236
3.04821942077,4.7672124938135871
3.29451065416,5.2387563580499021
3.28842327818,5.214823597261411
2.47190959976,4.1009643064083736
2.54209441353,4.2573504734513605
3.10467291607,4.8780638567645882
3.74685576701,5.910366246359235
3.28509450195,5.2203881269003514
3.17778222701,5.0192149033174047
3.00784527206,4.8214024298084182
3.59867505068,5.7012462337812702
2.78964051831,4.4749600143008337
2.4142380732,4.093303792255222
2.67474751832,4.4105705656169336
3.48862176394,5.4672039885924821
3.04941484185,4.8510171789117997
2.74267773926,4.5430143228631801
3.20425045131,5.0770862565415511
2.65990167103,4.4081903709171533
2.4483696851,4.0694598322818472
3.56785022098,5.6486058422715217
2.68887496197,4.3750599812845046
3.48950872269,5.6109439254737472
2.84968543375,4.6298741463811295
2.45481614518,4.0850900421472423
3.01259000857,4.8892756292358062
3.3699689023,5.4347129685130549
3.35187905178,5.4142194750904995
3.71358826567,5.8595212240264161
3.4203409912,5.4022600994961749
3.40662637365,5.449279984690631
2.80974189218,4.5551146485416254
2.79493551795,4.5633948523372601
3.54544018127,5.569363106095933
2.60191463421,4.3215187804382618
3.10436425347,5.0343957060123268
3.65409179869,5.7671916574354869
3.17015776549,5.0926341703613822
2.53281994741,4.1273928261188377
2.86524218282,4.6589491248147992
3.44965067226,5.419068791789817
2.99471374849,4.809672964857195
2.39662237692,4.0417836909184537
3.35804462285,5.3986065874119626
3.15676645753,5.1272683579738167
2.73339382519,4.479655390673269
2.69859050381,4.4290188748498389
2.47279280264,4.0992917353027876
2.53902180733,4.2141323843488925
2.98269914507,4.8138438983575522
2.67817138715,4.4455489331073412
3.44094402634,5.4760580940619059
2.75039602061,4.4929506884268688
3.01086894662,4.8608732719181109
2.47224983029,4.1370881754296054
3.03849845363,4.8760129173205744
2.49908157385,4.1729230659396119
3.1917356518,5.0637738335310196
3.47564597142,5.6038423534481101
2.69717583117,4.4711687209484561
3.32368760163,5.3433267896489589
3.12700995906,4.9721113630853742
3.77675840981,5.9384622279292518
2.89537949973,4.6903037966943808
3.10054799868,4.9810561241464173
3.61755006457,5.6949178040197586
3.55935623843,5.6199631757882145
2.79592029696,4.5637728711764485
2.79175079494,4.5259743141162598
2.98906846642,4.8146046779578073
3.68497191825,5.6689686117682445
3.61924293055,5.7334699170009298
3.72101648084,5.8562242367224124
3.81709598782,6.0190636195531733
3.01004519093,4.9495087945141316
2.43237520425,4.016354474894662
3.7893120748,5.915184838175322
2.70621777653,4.3835875305535899
3.16904544465,4.9956533363383961
3.77536008987,5.9237997798688813
2.63467439007,4.3301915388426604
3.71120533138,5.9036361204038075
3.71306963887,5.8010236029872306
3.31488045289,5.210604052792319
2.95264639372,4.7509418314569345
3.31828163754,5.3773938352891584
3.43980057202,5.4316403033110454
3.47705253437,5.4017725016338929
2.86198632859,4.7000470641889711
2.84611127024,4.6932444445599835
3.11409690495,5.0320822476288019
3.13436678139,4.9777045247932907
3.24654483383,5.1341027724862753
3.04183147999,4.8815025290498024
3.00252040575,4.8864941122408689
2.93627972593,4.7445698958578815
2.88270080308,4.6028655723928216
3.34446375162,5.4351502068526667
3.40796790896,5.3600890432806843
2.50096028817,4.1428878792181765
2.83160005528,4.7411762491917795
3.81497802504,5.9320236417079313
3.80191479337,5.8482616100367402
3.00272994759,4.8569015026509028
2.71039419915,4.5099846298096864
2.39631759146,4.0859973596198094
2.4306414004,4.0608446770292765
3.29324256934,5.2550429147714182
3.78026989483,5.8839377302176947
2.41005220123,4.0524491477628741
3.01326153204,4.8840164084945545
3.00728630762,4.783809669213607
3.26644723609,5.2895769904064931
3.33345128707,5.2640437189413749
3.76098027595,5.841541914401132
3.49468776037,5.5459074566595685
3.28839630452,5.2244385940082045
2.59348376444,4.2477886105066629
3.47341970928,5.4137265537520056
3.160318388,5.0657357780632708
2.41428108593,4.0245293385418091
3.29088690102,5.335382727308315
2.45980314693,4.034275139788714
3.7067993292,5.9061220199223099
2.97679801224,4.7908052284784572
3.15658691568,5.122935586296415
3.0222026413,4.7815451145380097
3.23837888224,5.1562675337736801
2.56607405975,4.2497675088813267
2.81284406769,4.5890846152214646
2.42263828575,3.9724567890434326
2.88569165285,4.6811254907264193
2.44616798435,4.1431512305901324
2.39568211294,4.0452749786425342
3.38655435894,5.3874903626924446
3.48679979072,5.4881133310040804
3.69446528542,5.915985558487491
2.87264180605,4.6637834523664861
2.66148792588,4.3867736122786285
3.44884854052,5.4748902421296419
2.6653019594,4.3632314324688535
3.46992958186,5.4570177499165968
3.4225391745,5.4177055355197608
3.59497385812,5.7184859374615362
3.70792456439,5.9382069337286199
2.65900893301,4.3993159433666058
3.49961223958,5.5501544005802694
3.08062523096,5.0013261945613259
3.73404830551,5.809989102068096
3.06531108012,4.9541909910441007
3.1470847662,5.0461547627158385
2.81776178784,4.6140298927395378
3.69188535969,5.784577219022359
3.6263206512,5.6834736874598155
3.24138914658,5.1577665706384277
3.60469778621,5.6776649221664988
2.79894997498,4.4520674205738153
3.04104378317,4.7925427331967034
2.71441455607,4.4570440902619151
3.42193487316,5.4332234047128773
2.6754551237,4.4356344249818536
3.22235539743,5.2414347135205421
3.79889179833,6.0214720559101194
3.6824691238,5.809296994695214
3.22236905943,5.1750206341179146
2.85080800264,4.6943777946955638
3.55822638048,5.5994710245035755
3.13291324203,4.9794983493039853
2.84761724331,4.6647357392473836
2.45398721708,4.0716497581285402
3.64760632919,5.7936054478932917
3.68955756774,5.7865777930300775
3.54770142428,5.5865589366329678
2.76658668093,4.5453772765711591
3.3602718049,5.3305222007259481
2.61329080456,4.3377306820895818
2.52256238695,4.1397468927622638
3.06273381682,4.8689374776272567
2.6120820963,4.2998417263482809
2.39779973757,3.9055888850117388
3.177164937,5.1208350648431455
3.59484563819,5.736853979100994
3.11087588359,5.0406963384092824
3.71103328461,5.8811350053215596
2.49480213362,4.0966408065475903
3.33269257612,5.325621043369992
3.23687823818,5.2319144194549798
2.75227776102,4.4528903125903083
2.44466725074,4.0428028331505503
2.45283732499,4.1326097920608431
2.70242685458,4.4307898179992309
2.62297402465,4.2787551780089688
2.42562273789,4.0978153556568495
3.19607956239,5.1633808456760351
2.92604780335,4.6714628218562115
3.76500735832,5.8327811312750875
2.86313930867,4.6714782396270014
2.52101527148,4.1842746083025455
2.63439616307,4.3397103750860513
2.65906695909,4.3661267668122798
3.03280867622,4.8730593360330934
2.44266396616,4.0433026898121236
3.53620514842,5.5820025954909722
3.37122232331,5.319276180253687
3.77455817968,5.9142702578190178
2.85276381175,4.6830692273083727
3.30588440882,5.3210395018459336
2.87374736246,4.6342433089918647
2.82990976578,4.6654823355406094
3.43848638528,5.4042793294963465
3.32516420158,5.3482676873795922
3.53097298368,5.5162249089317763
2.7583428914,4.5000232338170107
3.46357976524,5.4522835775648142
2.42237209757,3.9786298991716289
3.19806427499,5.1123145212491661
2.96097240637,4.7903416345640659
2.49560383551,4.0952920635616561
2.56134124459,4.2260748801503212
3.16360124369,5.0520686170780689
2.77823476323,4.4927767580327584
3.14566039095,5.0655858575389354
3.27723328206,5.1794950336403334
2.58542241103,4.2328499866190468
3.26434680694,5.2086119077875566
3.48396556775,5.4058234585703637
2.72225194187,4.45217405427604
3.34898749606,5.3404906012850981
2.96437049793,4.8045773703263812
3.17190960624,5.0294754043557175
3.0870604144,4.9908139678171786
2.70389267716,4.3701799181840855
3.2904199771,5.2163880486074339
2.92739802011,4.7063176772667692
2.43280414754,4.186215242368573
3.08334788273,4.9454972684692313
2.6535899492,4.4134140736834482
2.50263862787,4.1222896148257728
2.89265800329,4.7019497835989714
3.35830879985,5.2904793820784999
3.42605660051,5.4427764580419549
3.34254250862,5.2989694187757284
2.85627415671,4.6451800676769981
3.30542261292,5.3461679710963406
3.56573206527,5.5930250042363534
3.70824142589,5.9614448970313925
3.38029609757,5.409471643307258
3.0896544876,4.9230794817816728
2.65411804493,4.3196792234725292
3.0089217829,4.8693654706481508
3.7567218189,5.8122482644955316
3.33097003744,5.3339893555259046
3.31463697249,5.2659484931884162
3.22406112373,5.1667915923958034
2.66052183656,4.2810594552744545
2.89383462468,4.6887709639695654
3.39151611562,5.2549870147154412
3.78767962032,5.9749112876866732
2.84270752847,4.6926318487368892
3.56309861961,5.6475691642392469
2.94197060274,4.7606427816433401
3.1687493318,5.0975515344573576
3.17877320645,5.0879697601653682
2.87779164414,4.6439986081784808
2.51849865095,4.1873801415256118
3.50269507296,5.5606106785695557
3.30614954539,5.3366136510162612
2.52258584179,4.1562634666612563
3.31265166031,5.2505733562981964
3.29953470731,5.2400735523038904
3.77625104823,5.8783074931958925
2.5955214836,4.2974357888736856
3.5921057777,5.5764959093616762
2.58505072803,4.2543217923946353
3.53126094388,5.5898159694956444
2.87275692258,4.6634287574765114
3.62589009095,5.7581827928108096
2.63305198204,4.2902087501287021
3.763030513,5.8436807652830822
3.69144766314,5.907859924297064
2.50045715059,4.1183915778530622
2.95212321173,4.7008628498424079
3.24320260655,5.2913422080090475
2.88335961866,4.6646394728846072
3.05848222811,4.8430116649155002
3.71901078054,5.8979998499837398
3.36542889358,5.336263694407644
3.61510061288,5.6306049655362971
3.06571791833,4.9338568301020906
2.40240288154,4.0369582945763307
2.4871332829,4.1751759115114577
2.57758071695,4.2048858669854079
2.51418409853,4.176310375321914
3.73532225512,5.7417771300375495
3.8082650968,5.9849554457641574
3.22515501439,5.1774185027697461
3.39232864907,5.3858783703891806
2.40072576085,4.039299332865868
2.95750943642,4.7855408454107611
3.48986512654,5.6016085208767423
2.80009942467,4.5581973541689873
2.71316694991,4.4227140499668813
2.91883611327,4.8502712192375279
2.56588180449,4.2300067913882398
2.66269848353,4.3395037415254256
2.91416679185,4.7116234075516372
2.73118751577,4.416263243185182
3.6666902347,5.8071884383076116
2.47187031474,4.0918892792487531
3.65398119168,5.769599706471551
3.67909934606,5.8183362396629095
2.85081172002,4.5994200956181439
2.90046022703,4.6766082274488747
2.47007650687,4.1215320457650133
2.50504461173,4.21825463114725
3.58994030658,5.6153067769406437
2.55032934048,4.2115703969742295
3.02984776333,4.9362126376011313
3.77068815303,5.9690669815277282
3.69428423206,5.7444359918695689
3.16907352676,5.0865470905807948
2.42326988169,3.9927793234339117
3.6450759841,5.7657035221244888
3.42626122331,5.3828809291949513
2.61993500702,4.3777210640987425
3.05721957206,4.9995216098167363
2.68452909802,4.4705979625889576
3.36052550143,5.2962857205984095
3.02189957663,4.9549843832334499
3.59397997908,5.7504739370969462
2.50608109501,4.1027481446473342
3.08809575666,4.9490551133800862
2.84138931869,4.6033463036613442
3.77286834912,6.0171594159545014
2.41278826594,4.0307329606213314
3.47522695907,5.5105312553997381
2.66169262434,4.3618400010680922
3.74482049005,5.915043242091877
3.21821460289,5.1750266251472086
2.808218804,4.6071706629844709
3.44783561007,5.5327560710496089
2.70233916266,4.4468356204397281
2.75217801484,4.4764121725655395
3.78616607341,5.891251670166465
2.62650667557,4.2917642999433889
3.78572647091,6.0580440753138429
2.52531404535,4.1939150713038007
3.18619092034,5.1415729792043416
2.52251546588,4.17740796948374
2.94464016267,4.7464167106466135
2.78276755422,4.4652164792204374
2.95734131295,4.744544050345433
3.05069778863,4.9003898198346496
3.09727668255,4.9364050649927211
3.32760892247,5.4278529344991577
3.79710853578,5.8694200630626137
3.17782163697,5.0785297569994494
2.87730146129,4.6064654835723058
3.40380051078,5.4249477144112177
3.04876684762,4.9236746205163469
2.63748927219,4.3147741283293879
2.56019064933,4.2386250249689521
3.00824602257,4.8549942190488409
3.28574044533,5.2169616231163944
2.81011114759,4.5859070804640849
2.47508784297,4.1466357574292552
3.69125163909,5.8246713507063461
3.47359733716,5.4794153918912141
2.39879513014,4.0033125567144099
3.70908246291,5.7898015216968401
3.4974102355,5.5846662788537165
2.48901332856,4.0937326764102053
2.40664968335,4.0347487647355207
3.5043660799,5.5906138679062325
3.0113258323,4.8477383326414012
3.11080853514,4.9352060190828864
2.67858757418,4.3524623257162673
2.49718349489,4.1538245021010969
2.86793965009,4.6158393879953588
3.4016819131,5.4119651056216869
3.47041332416,5.4285661105123708
3.77745733601,5.8890588409674614
2.99568612967,4.8744194054981769
3.13671726526,5.0561407881035896
2.46531227326,4.0582189112382627
2.7893861779,4.5784129189575147
3.20789341862,5.1201637895905652
2.50394495453,4.2113313762963083
3.19494671128,5.0212989892027124
2.83117899916,4.5696947079800321
3.33213918935,5.4004689952908951
2.97395069892,4.6609257924448917
3.17664732618,5.1369617910405063
2.72907228984,4.396275272077915
3.77210286266,5.9979680165843874
3.0848841286,4.9099740545415731
3.8053710512,5.8960579617079389
2.76652358745,4.5108039694114144
3.62883912551,5.6538283751756655
3.63380334504,5.8284872131308756
2.54328565213,4.2212853114852926
3.65515217889,5.7255877425119479
3.63507596952,5.7462005002008585
3.11863419516,4.9915580274060751
2.63731893528,4.3605876616644581
2.82943745078,4.547334648759799
2.53574286353,4.1693081134372907
3.73836129479,5.9922707788516352
2.9746961174,4.8837303640946512
3.14077655577,5.0274287201596284
3.23757631247,5.1652216669212203
3.45919327004,5.591867743603693
3.2301049587,5.1502902590018644
2.96246250596,4.7667514359352801
3.50172086537,5.6088284026403095
2.86121248011,4.7176932335567718
2.7052078177,4.4127917533320993
2.92650117118,4.6516757832678071
2.78167958051,4.5359511213234223
2.6060758084,4.3080546411345306
3.29296913816,5.2271777546092393
3.12855346196,4.9917163222095722
3.53160009856,5.5321829930517215
2.59961583751,4.2773074508700937
3.00027288885,4.8053450768965789
2.67846667845,4.4299755007620307
2.54862363179,4.1889004582673337
3.16101493655,5.0413343571947884
2.54178313195,4.272819777421013
2.84306870374,4.7612947332827487
2.72380112129,4.4343130903102379
3.34077046159,5.3369732570637529
3.4037789213,5.4099269498758948
2.94022258227,4.7960937528980976
3.7816912346,6.0063297056901837
3.45496911354,5.4908497694506204
3.38361484649,5.3176502931368193
3.53469616143,5.6815433904538288
3.43456055919,5.4166904314187923
3.51066144511,5.554181535504771
2.53621102462,4.1539298226979984
2.78884111944,4.5920473146843568
3.42095591286,5.4470402806712581
2.81197105335,4.6766512645533602
2.81434697087,4.6426405427883024
3.05102194605,4.9304491976650269
2.70610697834,4.4271093831464619
3.31697024948,5.2960800216717399
2.91871841164,4.7005945279352837
3.16089381773,5.1348723908565974
3.35272369024,5.3331833905284407
2.82975281966,4.5958774024235796
3.23680825737,5.2068551940092487
2.82990011124,4.6879938304043476
3.15993820257,5.071106192355332
3.06059250377,4.8784811253884177
2.45550861055,4.0722652764702598
3.02646483028,4.789289893821806
3.42951609803,5.4634403938502984
2.94378041886,4.8004442541933692
2.6745277836,4.432141586128922
2.64965001864,4.3715105073977849
3.18275570011,5.1213538950071325
3.56807021355,5.7244033983900637
3.01853949636,4.9899915565437167
3.28062468778,5.2208243107683883
3.54854902082,5.6460645447666389
3.30775048342,5.2585237381039027
3.22196457406,5.0532000938377495
3.26335749606,5.1608834181911734
2.57614341026,4.2967578185708577
3.08323089136,4.9366770603207009
2.65776832048,4.3211918815669801
3.5856217911,5.7554854235768911
2.49688365284,4.1633193869750977
2.57364767703,4.2295633842983085
2.83780413916,4.6509802064130339
2.73525957669,4.4873800139206468
3.02862357649,4.923004599434214
3.29056795376,5.2906097033615973
3.05757066273,4.9859792687157301
2.55411538837,4.2124581643833769
3.51701639011,5.5469379062532918
3.30646502448,5.212602889832171
3.32917021219,5.2987283123699154
3.509571029,5.5457418573928727
3.03423746334,4.8362249422989709
3.59841124186,5.6185412043399667
3.40921922066,5.4746681050579404
3.25151089135,5.1974199678974049
3.33638685048,5.3059095476334583
2.47648479637,4.1179938542776116
3.34531335832,5.3083892679882876
3.23071614023,5.1189825188573055
3.17431961389,5.0342919446826189
2.48497720249,4.1453188244026427
2.62306073105,4.2574223189197005
3.48655773162,5.5178246612828401
2.51016362694,4.1078675750609417
3.33171733154,5.2795847947245074
2.43538622469,4.0342294179013667
3.01503952309,4.8560717980084496
2.66363488293,4.3943971871152714
3.14073400534,5.0423025825819661
2.80355100764,4.5364587152064217
2.40215257841,3.9711478737648709
2.82122081897,4.5633920918990176
3.68389891912,5.8200582471521747
2.9417742007,4.758250673827999
3.15354565983,5.0697977110981274
2.44941546327,4.0416007718576585
3.10916319809,4.8546339199811621
2.48952392917,4.1057123590395843
3.72307501475,5.9617875054423077
2.95822918782,4.7608470177817042
3.52831158378,5.6456882318825974
3.36599699679,5.2500289374896134
3.58800362577,5.7246709228440107
3.59458631033,5.6453902656261903
3.16419484094,5.113067564040616
3.69711040884,5.7365952792689141
2.87109847693,4.6257760526891021
2.89063203825,4.6557641301168973
3.10170771346,4.987939027618352
3.52164500248,5.6569063111717233
2.58930647175,4.2752090428100757
3.14855556176,5.1213291336214413
2.9339692563,4.8292239582789067
3.08905726501,5.0089965750058401
3.64729043823,5.8554344670582381
3.26958027088,5.124421760084946
3.21113493928,5.2111602431104398
3.05469978883,4.9577631115506211
2.72583608869,4.3541591677068308
2.44993890758,4.0399224536359633
3.72745831609,5.8407090131433437
2.61487869511,4.3027439211861092
3.45428439873,5.4966482751525474
2.81141008459,4.582048652215108
2.52481631447,4.0856946954430819
2.40140507635,3.9651502911389991
2.79596634505,4.5404914388412161
3.26404124969,5.2973631382116517
2.88504444103,4.6643042582063252
2.64244166295,4.3825321330172153
2.75359323453,4.427689614813306
3.37690727301,5.3906101753456426
3.61103867638,5.7957010583002511
3.7283135112,5.7745072002544662
3.44039578585,5.5868632109795371
3.42079375035,5.4031905796040016
3.75533067546,5.8416888740260537
3.57813444339,5.7282546895331548
3.02429067482,4.9519954427547086
2.41127407186,4.0853287138647616
2.830494296,4.6449743071703136
3.78537528787,5.909034981038058
3.45855614167,5.5155738478562952
3.40299405327,5.4338690391532012
3.47844747091,5.4121094207781351
2.54423932612,4.1716930966531187
3.07408392875,4.9193516012739567
3.39929860464,5.3566895370795757
3.33493030434,5.3332894189498878
2.4734946749,4.200684706548139
3.32312034921,5.2885166883931864
3.42514025028,5.4263944372282191
3.77095874545,5.9675289234612805
2.8814841937,4.6843462746562228
3.42147258304,5.4898541636953686
3.67347592467,5.9297078653801769
3.12427147575,5.0716722763554341
2.47491809804,4.1793952136319774
2.40892653214,4.0512782169582628
2.47803559123,4.1085290710419198
2.84563841727,4.5958702575264132
3.48937942334,5.4544770443754
3.58530953413,5.6466197902942605
3.20584849789,5.0927517880561899
3.3586597513,5.2631476898505358
3.26904051796,5.2389543931509346
3.64137403231,5.7465424187280743
3.67575287634,5.8589013492514344
2.80784564309,4.5346144423717734
3.78256116292,5.8693297614125344
3.26236685906,5.2967762298342489
3.55572344154,5.6263755161497668
2.85087452943,4.5097606649506572
3.63800437121,5.771841932533766
2.44393171304,4.08993989662451
3.03365766183,4.8992321867806155
2.59408651699,4.2772222053324738
2.60399694002,4.2390871342407586
2.57825729969,4.2116354946109178
3.02611765996,4.8726583849951046
2.54095279247,4.2521566942137614
2.63693963368,4.3155333622364074
3.27295208934,5.2614002359220162
2.64198370903,4.3721678547840286
2.95887225978,4.7954051921386354
3.75055151936,5.9213184243625419
3.40232563748,5.3925004110796504
2.4109941398,3.9789266059951878
2.91657179325,4.7031676930976154
3.35859812323,5.3488816592872652
3.75627381535,5.941410224146165
2.57849939157,4.2335576178596535
2.71886349509,4.4933222794364571
2.78171245297,4.4916533893443296
2.48930506234,4.1852712337545315
3.04363318406,4.9244941402262548
3.8177953863,5.9846373194479572
3.66210831627,5.7049109382195224
2.86716545327,4.7784361627518344
3.40694285042,5.4366213070677203
3.26686872928,5.1287771740950081
3.74225112601,5.892473748747757
3.33386825314,5.2890268299884156
3.29810743567,5.2462773779442102
3.11467656642,4.9422420851247493
2.97116900377,4.8240125471458226
2.71721195674,4.5338003917923864
2.79998878689,4.531518413693929
3.65267086446,5.7581439739238247
2.39668349005,4.0195051459890507
3.00514296189,4.8670335080177773
3.60292267451,5.665903253446821
2.62074120227,4.3747913699423595
2.59988564851,4.3193941521306503
2.46116777416,4.0420060363670913
2.43241475045,4.0590778549070157
3.10705892275,4.9745259326833295
2.94215963581,4.8692871855288313
3.00929658791,4.8214023235000436
3.13356956185,5.0079901030515943
3.20450710033,5.0584422845766301
2.4546166328,4.1260978088352527
2.43357874326,3.9853443741480361
3.18276933434,5.1751576729626221
2.86192502306,4.6150734091852064
2.41948294505,4.0803707258509725
2.63240400018,4.3328843439366951
2.78240914464,4.5755860699715738
2.52394694318,4.172081201284386
3.46850553141,5.4872783776846772
2.89515450229,4.7041359243604264
3.50604593546,5.6209649536412005
3.42234724553,5.4547356853495224
3.77438306865,5.8405807217259635
3.22743097363,5.1463160488322996
3.79245383954,5.9048695071873976
3.24403340174,5.162705017456501
2.46778933481,4.1486327508330447
2.58085819161,4.2715092091763793
2.6380865067,4.3793690425192455
2.41955533861,4.0075957275434835
3.72430322261,5.8145602308838154
3.41414260251,5.4136245961883356
3.58814141329,5.7545350955625221
3.05624487563,4.9018460821358136
3.68748831791,5.8713139200289488
2.58874181524,4.3292227211972243
2.68706110874,4.4174750452521003
3.683283146,5.7441893730999896
2.60043118508,4.2658151799835737
2.95006509254,4.7737507590988688
2.6752869074,4.3528903703309814
3.62152879431,5.6926198229077167
3.55289755586,5.65893700560708
3.39431204429,5.3656405544973609
3.16011112887,4.9753897693787206
3.43463339205,5.4910025574283496
2.77759970755,4.5430407385689655
2.43995941572,4.0390979385516212
3.04512890496,4.8088157370331226
3.63730932176,5.7680662300732699
2.63976068104,4.2782875917147818
3.22409016081,5.0072840289530784
2.49790640645,4.1798281738987528
3.41602037063,5.4500655444911272
3.0488895463,5.015029905060115
2.96590211532,4.780813718532591
3.57584829341,5.6425929884045072
3.61700499208,5.728171995677017
2.99667184777,4.7943345652590859
2.731868015,4.3993925569573715
3.14082676497,5.0195544530559602
2.94917639127,4.7283296343593699
3.57421103804,5.549911472779165
3.79058049074,5.9280397792041786
3.08225455571,4.9741270359349414
2.61563271258,4.260245958863325
2.40420479274,3.9716892114819156
3.18384283825,5.0296761878529974
2.89557116271,4.7435333272177367
2.60810281071,4.2313238690592119
3.14093578317,5.0830910096147663
2.73197015019,4.50529129023076
3.15238956269,5.0522053800339108
3.45905460164,5.5225180367347848
2.41862543141,4.0301113629967853
2.71859753156,4.3885280168106728
3.17083810835,5.1070972383726607
3.59459034531,5.6540336620706357
3.76894866929,5.9882466113253745
3.23039005179,5.2024729977346551
3.67508922682,5.8439539952980075
2.6664139468,4.4255057270398783
2.73783072677,4.5680096115068141
2.39472578086,3.9397353674319229
2.65903067469,4.3862880112922031
2.70409509993,4.4878804880913474
3.36672337678,5.3421763529407702
3.13342734377,5.0619329214695217
3.71391896568,5.9343541064800176
2.96045022159,4.7381786604934764
3.57977900187,5.6469597770043256
3.54931587852,5.5889173063054773
2.48176151591,4.1532456531953139
3.72687289982,5.8235252092090395
3.53946436444,5.5866939158929689
3.08463583028,4.9505091532704864
2.60518503005,4.2819030455672671
2.93041854142,4.6751202316723477
2.53462986266,4.1899763191644102
3.64618399572,5.8517079544591173
2.50227591443,4.1466515582853996
2.44606788446,4.0786683665190537
2.52669818307,4.2066756872936768
2.62478964466,4.2385240867952172
3.13721551157,5.0539473628796747
2.53550466449,4.1884767706661838
3.52969307025,5.5281068948463536
3.04978066958,4.9577336216218546
3.26894864804,5.2499608140936491
3.33124034053,5.3100735001997839
2.6125804449,4.3604679996217399
3.00636950323,4.9082126829163775
2.87684877048,4.5935166327103296
3.67256497627,5.7861699651284386
2.5795355728,4.1910508246570739
2.58896761535,4.2481363029149772
3.17942679217,5.0985807534262744
3.34504684632,5.3223165781339521
2.63253251606,4.3690946758943818
3.02121690425,4.8161799104570688
2.88903194043,4.6670367052221975
3.51328060032,5.5506938061375752
2.64458484311,4.3731095290136892
3.58340695921,5.6749521464731627
2.66085531206,4.3196101294843725
2.59376596093,4.2435955695707763
3.42461504835,5.4443205057039821
2.39135754102,3.9537290463351327
3.28438315756,5.215862838874826
2.64334275682,4.3163298452916292
3.06312996318,4.9210213882392626
3.42480040507,5.4138847711667148
3.13344954146,4.9813099240839041
3.77414937573,5.9525928476455272
3.4210140519,5.4386567435993198
3.05931913704,4.901992838887387
2.98205331674,4.8380865181241548
2.66960029417,4.4608197880054252
3.39870870731,5.3865668459927054
2.72730023866,4.4663553984549926
2.5219828092,4.1437927463021618
2.72392369002,4.517869364069675
2.94973643379,4.8254901736553597
3.44584230153,5.4682306099784403
2.88348557388,4.6800292836561228
3.59664825662,5.7015491366900175
3.0905329266,4.830450132770383
2.4438833058,4.1160598442120975
3.22957948927,5.2141129916962141
3.25397979425,5.2195480538429804
2.42190288294,4.057018798830172
3.56691269447,5.6625573678687777
2.40817439438,4.012325459981759
2.85232467587,4.6156533125311983
3.03209680082,4.8819481123772039
3.64613962847,5.849319497404494
3.27796902476,5.2260760241210393
3.73143067518,5.8777339444471437
2.55801984204,4.2249292266352203
3.24270005629,5.1736756769730281
3.07870749512,4.9720479378262468
3.76830417704,5.9196329834906116
2.61993411915,4.3380298484669186
3.18456130708,5.1158679381259189
2.44936212724,4.0660137951980859
3.45697212769,5.4436812675340782
3.61445309136,5.7752695329333337
2.98319579923,4.8210144964490027
3.35323505084,5.4095977664635333
2.63901691694,4.3120039665023153
2.48654078784,4.0717666546293323
3.54942119484,5.5044150530888212
3.34542605428,5.2433366532059997
3.25114440962,5.1523600705912607
2.77781524034,4.4863806782456725
3.11222906868,5.0220704823122695
2.4900361326,4.2407692104348307
3.60885085463,5.6669030137803285
3.23452102929,5.0637416029245133
3.0000413245,4.8078687470661183
3.34127791271,5.3334659689619563
2.91388186033,4.6754485497092881
3.4357135454,5.378676072461313
3.139920433,5.0732129037264304
3.05742339012,4.8607241819545175
3.43368283885,5.4364832718730804
2.46948141765,4.0736196054379699
3.00448416768,4.8440710596829728
3.0373878904,4.9451821975807091
3.75199474457,5.9557926606291343
3.32112084233,5.3007932387227692
2.60976127891,4.3344883397238565
2.5534863014,4.2267881947461587
2.41492947675,4.0227948157379689
3.24840463487,5.0479753039899729
3.70872942652,5.839993451324637
3.18924838399,5.0498750046514669
3.34458764831,5.3734405869210606
3.73489777823,5.8548986645498209
3.41957661162,5.4686862152731734
2.4081198877,3.9506462792464059
2.44742075856,4.0536480756439168
3.45270048524,5.4852750896981091
2.67052245482,4.3923241772130943
3.05549165078,4.910228900009141
3.48693205023,5.5968244502242088
3.47927022559,5.5678175499549676
2.66348356062,4.445282682196634
2.69683694094,4.3609330895187401
3.17524380753,5.0887715630129708
2.97471688106,4.8174266811827549
2.7193194148,4.5325543976553506
2.694927113,4.3671890051809417
2.58351283096,4.1970299422354147
3.09415691898,4.9316837760508196
3.29715710973,5.1402306482327642
3.4568634156,5.4696445161806491
2.63267591453,4.3191252046514643
2.68968702262,4.3516828938597891
3.58210722335,5.6506503725946553
3.56603993573,5.6396179772606443
3.57124528168,5.6875942337898406
2.89225981935,4.6712903626766309
2.72363683767,4.396013391037644
3.09553650543,5.0077271298378143
3.44302188241,5.5014420529376755
3.5871137711,5.5951277660937739
3.16317954595,5.0848680789034448
2.4218382348,4.0041971917738621
2.76071989658,4.5575920600085214
3.13249860685,5.031061751502425
3.34542559744,5.3538902661632211
2.83132744399,4.679129900833054
2.87391756679,4.7529091535835031
2.41562197141,4.0159993741949451
3.64652393363,5.7650699245885084
2.65028294906,4.3413775951679403
2.90809206669,4.673324889502056
3.21969974382,5.1347326014491461
3.17686093275,5.1494052093034535
3.01052235455,4.859085974404155
3.66322532326,5.7215774332794398
2.92080858573,4.8511043658037476
3.39478360745,5.3907369269938172
2.93871787645,4.7544540209881729
3.09021211588,4.9735516058867422
3.74800697132,5.8357352672218701
3.22155659737,5.1589897750238913
3.42216229586,5.4893214393498999
3.75208790621,5.946089059148771
2.95173567261,4.7942446703982888
3.80433921428,5.98170548324316
3.64627340221,5.7728656881082063
2.86080364766,4.7379574004847376
2.81774431521,4.5964396731812256
2.93841671918,4.7028445036261255
2.90570398083,4.615698555418235
3.03230594661,4.9088820372484108
2.98814212445,4.7549152779242334
3.29212016516,5.2085698680592376
3.56577316666,5.6297004057810636
3.22916414164,5.067588385506653
3.45971723954,5.5042149623860972
3.25047466271,5.1569254121724066
3.64070155092,5.7139263470232686
3.0553452011,4.9622897595414548
3.59350478631,5.6221849233750527
3.58765638212,5.628663280020838
2.6938448319,4.4633732551541643
3.40441487346,5.4900585003555324
3.04482972602,4.8879192864772696
3.0716123775,4.8971380424588249
2.81643497587,4.5828944444071835
2.87525189593,4.7164221625825302
3.59467955156,5.7524322645522528
3.28696057611,5.3133370875931085
3.66056322859,5.7889765168182787
2.41107010352,4.0619816717317443
2.97404289899,4.8275242433376482
2.58806413548,4.2373289871334237
2.80891436213,4.6314729952915341
3.50779640926,5.6361271884430746
2.93082164935,4.7511256745157278
3.58691583604,5.5894126291092574
2.58314852845,4.234878887261563
3.06405846086,4.907120563265031
3.77777801989,5.8736586952946812
2.73904394809,4.471816667011935
3.77253932689,5.9595192122975966
2.9919530841,4.8696235686081355
3.57540024299,5.5285355853738691
2.406820911,3.9445228253984292
3.15550641164,5.1266480743521985
3.69178653676,5.6959162294239158
3.1809545532,4.964330911488271
3.71976746541,5.8252206249558558
3.69213148789,5.9041429149162488
3.18296849786,5.1243678409781106
2.56845335933,4.3096035471829932
3.36617618858,5.2849177696696277
2.45365744159,4.117432389542067
3.60754631986,5.8280284595958847
3.76327983923,6.0019570628328189
2.92629668118,4.7353706862743783
2.88030437623,4.6542677626116307
2.52814893993,4.2120504878884582
2.97350575203,4.8369266713309793
2.42929905117,4.0000806002397145
3.71319196087,5.9519351308928217
3.70168878511,5.8434384440502081
2.87678635537,4.6745092278887554
2.64652813973,4.3957164181262094
2.99444613209,4.8376372489198713
3.05950618253,4.9712245844511882
2.77175253778,4.5313943884970351
3.18666091592,5.0315416155040893
2.55246370647,4.1846419665996102
2.70816486058,4.424771738828631
2.69331754368,4.3642198869292308
2.64015848951,4.3863692545445518
2.92588012359,4.7139283904555578
2.77945348242,4.5749941292745246
3.20497231522,5.0923544169180994
2.70979183539,4.4591070585091197
3.14778331321,5.0695527942279002
3.32622748159,5.2992587402391038
3.17730376705,5.0530733246078592
2.90500696739,4.7514638207840223
3.1518034135,5.0727515181664344
3.73596366212,5.8795837741127261
3.68260883647,5.8386709023401178
2.69100019456,4.3694335456309865
3.50459546032,5.6086934470619507
3.36199466447,5.3018857927735645
2.65035854446,4.3479455736397083
2.49294481476,4.1534191280355062
3.56009886228,5.5500190821252788
3.36832085586,5.3940308409872983
3.17527526407,5.0198102635835822
3.43277804625,5.4200746170178036
2.92678493069,4.7019931829137702
3.29180062619,5.1857520037090836
2.93856804999,4.7808324084709719
2.8106637663,4.5955620720017434
3.37641017723,5.4380694253095774
3.01797022177,4.9139082151584574
3.54874171994,5.5872500740192343
2.8951749208,4.6197245365758368
3.48119196539,5.5185331262212189
3.1120472961,4.97380661519811
2.86799478214,4.659380549755137
3.01662753936,4.8559056964517122
3.05901025235,4.9119151282616578
3.64333766658,5.6652830376782397
2.50316112759,4.1156223265077116
2.63368086539,4.2789185220448092
3.57598151737,5.594832322024593
2.53263178837,4.1054751513314578
2.39578802319,3.9880873304704694
3.43734142541,5.4669567612465553
2.53560803229,4.2281924337707686
2.65511164522,4.3245436833824131
2.43882544305,4.1386234298478293
2.89378082039,4.7272759473744479
2.5922733575,4.3122913864806511
2.61023628502,4.3448995102123229
3.42205620333,5.4034080136071969
2.82689288147,4.6972289248505446
3.78499810891,5.8812077716952444
3.61704451154,5.7056965957282886
3.1463534899,4.9942733743713914
3.35515224444,5.3678241146014045
2.99793311273,4.9323234758380403
2.39346977081,4.0444905743516353
2.70857926473,4.3434151941651749
2.6241040569,4.3062511264591148
3.31901007042,5.3139607177545081
2.79352433876,4.5705877715279755
2.48670557727,4.1446258658301787
3.49585372255,5.5212058118865777
3.07176118537,5.0429402316100385
3.24794356713,5.224665036723966
3.36956771748,5.2668968485311236
2.62571207198,4.3337348535726505
3.16334115677,5.1150938167291979
2.40713525617,4.0878585082413341
3.00629320564,4.8678175067532043
3.36333292051,5.2703724956074094
2.65740035274,4.4004932885577448
3.09332293824,4.9881072356467815
2.6463843588,4.3751424382216557
2.96368764502,4.8077040466861485
3.7586054097,5.9797522843395763
2.83199936054,4.5607944763621413
3.58907363078,5.683342770989114
3.02381124628,4.9196212305935534
3.36942737777,5.3234595153047355
2.55252797554,4.2085783001331576
3.48200620569,5.5009637473417987
3.3225140478,5.241714583559407
2.85432400001,4.6498766082165321
3.64302506394,5.806688161815253
3.57708925567,5.744255131752996
2.63378577463,4.2616283851220542
3.16834288417,5.0789247405376985
3.77011317493,5.9401140350046759
3.58627054268,5.723348318139907
2.67712749308,4.3914705062321264
2.40376462626,4.0025450904894555
3.23606760842,5.2634398616676359
2.88808047256,4.7197367671439627
3.23607096141,5.1887167237904732
2.84464945066,4.644544803569751
2.47576338944,4.1382133289892415
3.76643192695,5.948226675804074
2.68354562561,4.3971152911751528
2.94573131707,4.8275258217373773
2.65390573355,4.397701858157701
3.2343338901,5.2733626815596679
3.66909032527,5.8774303268560129
2.40558845856,3.9716330400799005
3.08779295018,4.8791864015796289
3.51759198169,5.5935385527591803
2.46288518898,4.056736225838578
2.73188733232,4.4958433161138682
2.93872359314,4.7388984243972327
3.66376246603,5.8023398430608086
3.52214113532,5.5487672171655706
3.41660874471,5.4213173116799469
2.5198964374,4.151876301095264
3.46856120189,5.4939515578248059
2.77097544718,4.5526130051358553
2.85622985456,4.6026940069454483
2.44686154368,4.0555065757343289
2.79992559659,4.6477653870920754
2.57560422014,4.2476609244488994
2.56446740973,4.2091807380506339
2.57485607468,4.2953844125078948
2.66327912568,4.4349260541828466
2.69064414229,4.3517809985560589
3.03450942262,4.9308479231944053
3.15559467631,5.0745903668204457
3.18248444307,5.1013122613765214
3.24165140864,5.1919510726900757
2.40281120802,4.0252518005890492
3.7248593468,5.8365589535336007
3.33762713669,5.368890992467513
3.13876527344,4.9772274582033171
3.76617851273,5.9061532960735112
2.60680267016,4.2733104394400403
3.43980118553,5.4054349180443779
3.70117658571,5.8455286219878619
2.97694103749,4.8716435846549935
2.82607020226,4.5966087158522555
3.00190552341,4.9302308481361194
3.44117430967,5.4746881707913388
2.69895364847,4.3570955197515282
2.39315061538,4.0221054562582017
3.47373503588,5.4446773320869495
3.24592070389,5.2544202690409634
2.89794846938,4.6812592139747116
3.29556093921,5.2530124577329689
2.48127928402,4.137033983485761
3.391067439,5.3935460818201095
2.43193558987,4.0324181589411774
2.5873384366,4.2577041261413084
3.54027580151,5.5594155202473461
2.86214429436,4.6307745038441501
2.63617175171,4.2934463828311653
3.79758623118,5.9135283970740957
3.73207768043,5.9175679070101292
3.07745469444,5.0530850110880063
2.47671652165,4.1411362430774119
3.46621470521,5.5993609796426806
3.39041562847,5.3778226583921116
3.37777373625,5.4259006111522394
3.12096474696,4.9914591697258315
2.72588270107,4.469068618378583
2.85762735312,4.6922344278673158
2.87815530337,4.6696467739200989
2.68409101688,4.3491661851123471
3.70713327461,5.731737514381761
2.76899287573,4.5042370555855307
3.52011029869,5.535877529903912
2.4446675498,4.0093942002333325
2.40583023234,4.0341110665642868
3.32683169913,5.2204924434329607
2.55385686748,4.1673998950336211
3.65914085372,5.8143376329228458
3.64390288162,5.7370077851374299
3.68297336911,5.7558293939813048
3.08799205287,4.9659340209119875
3.66036156469,5.7919267973264521
2.47672464449,4.0979168079323252
3.4558869167,5.4709497589628118
3.49395366727,5.6173465108027951
3.48392639259,5.6567823219626296
3.62202084677,5.7291287995049132
3.4199327657,5.4303617267729507
3.06572762974,4.9400092761883974
3.56775520333,5.5784000755688892
3.42941667343,5.4034899396174358
3.66633194155,5.8283593800238451
3.78923827295,5.9706171201309592
2.91101436039,4.7575595444938292
2.93339117857,4.759394473001147
3.51564460518,5.544569866864224
2.71037468646,4.4284650616157144
3.03649694726,4.9496261526818071
2.91730612185,4.7552539091411914
2.93057839323,4.7595551113542109
3.37621599677,5.3813665831891218
3.01606110336,4.9622675624458994
3.77080518118,5.9539202233534052
3.61546810938,5.7878055948879839
2.64754707692,4.3829686577626594
3.07550324493,4.9213211614979482
2.76817857048,4.5398334611326634
3.81602102563,5.9462348895414809
3.78416468309,5.9307650996681556
2.64941882263,4.3546055525756708
2.66690842793,4.3428782354465447
3.31403785517,5.2583095828821218
3.26521522817,5.2290518687135625
2.72565948083,4.4533263991172758
3.0328862154,4.8372828714304363
2.79636166329,4.6621933475018906
3.32735605262,5.3134149425827664
3.6262565675,5.7908505106227102
3.50922026691,5.5918152441500295
3.02433770024,4.8402769274584312
3.14196034563,5.0218090863959777
2.86409920874,4.5827866223578564
2.86680885,4.6481926288790874
3.39656758738,5.4170674496321416
3.60288272775,5.6590769700494148
3.12969568804,5.0007173821590154
2.50043985877,4.1000065314725305
2.97185948982,4.7196049147140471
2.70426039787,4.4133913603043764
2.6112272977,4.3494018498384772
3.43014041315,5.4316985344047701
3.29824175748,5.2842581777987183
3.67200743761,5.6770315612750171
3.53395326177,5.6194773643168592
2.93874450261,4.7198489290409036
2.82919238503,4.6089535272916518
3.61172940101,5.6951295532864012
3.33327003937,5.3696160807929649
3.06201471993,4.9095221813321279
3.39139786233,5.3909223668788986
2.87782431971,4.6952107237029184
2.47015255236,4.0935514907259432
2.57133798616,4.2404980148838103
2.78396899935,4.5076822064598945
2.71684504903,4.4901625733036203
3.02111128687,4.8761145678770053
3.575719193,5.6027310708470006
2.70233871802,4.4365730779981956
2.57882919789,4.1733913835430334
3.26722677337,5.2416176294531196
2.77938282437,4.54563384716492
2.46272691712,4.1008465959613423
3.48861050283,5.526041022758756
2.96636030395,4.8115293982866527
2.88583544239,4.6695855763558454
3.21050796269,5.1123065443835918
2.61635439638,4.2377344362502019
2.76534844577,4.5806827680670761
2.39148003024,3.9811995715164099
2.65796212241,4.3579440199457871
2.7984102771,4.6261582234428049
2.90077917024,4.793496399518502
2.48917748357,4.0420056274166134
3.62655240302,5.6260813293632825
3.47288226552,5.55769277404388
3.49420862742,5.4933914544616469
2.92355083546,4.7460759421886838
3.54033396646,5.6304411648556814
2.5785290638,4.2199269547904379
2.87397541108,4.618483644754753
3.21166266397,5.1669739542489852
3.11012586827,4.9870040421875546
2.77636188722,4.4827696686949361
2.9461916033,4.7276163966090952
2.40391918835,4.0335996782060892
2.86836802539,4.6103137662973976
3.57960060613,5.5619212314918522
2.68411179387,4.5283865489438071
2.43556996864,4.0325595721156056
2.62935706536,4.3531287989592222
2.5774467533,4.2784348296188952
3.16108445608,5.0003172782324175
2.44095798903,4.083580877535586
2.79796117833,4.640001798194251
2.52800048601,4.1770108956510335
2.47660677261,4.1112347728559575
2.6376186689,4.3730414541669829
2.83874457694,4.5685216312991477
2.43600163502,4.0041256457403147
3.71675671617,5.8638860609574799
3.81257091468,6.018334194935246
3.53937097414,5.6055431007869014
2.97766082099,4.8467169680986837
2.88080265753,4.7096288500414056
3.7400497114,5.9015382352089532
3.69285446985,5.8767166694650452
2.86806549373,4.6831505400167073
2.4226524332,4.0357627677719607
2.58975096357,4.2233253462468854
2.73962635391,4.5031104348498179
2.48855873075,4.1372240424455331
3.29995062797,5.182470814338763
3.65640749113,5.9173008789535686
3.53662971958,5.6237138660203989
3.09453097325,5.0231652156177455
3.54973598091,5.6561689826692509
2.53038106548,4.1617155985187573
2.45605845743,4.0778347776212422
3.70391671579,5.8822522103178017
2.91895474813,4.772693551349251
2.96441011009,4.7876168618194797
3.1924160886,5.1669400635350708
3.36272739176,5.2778908763879953
3.76508107475,5.9498419594896266
3.56928596593,5.5996876335698387
2.61122321868,4.3645633811863203
3.25646265404,5.3056502959812812
2.52646038586,4.2077222178768041
2.68426699104,4.3571773850135216
2.71898752067,4.4217752026309816
3.52387902044,5.5889278857801026
3.65510819334,5.7829488675637819
2.75753871635,4.4862508709700508
3.6946052025,5.7821584679370224
3.27753044519,5.2640954659031518
2.88289290841,4.6177248442596328
3.33360880619,5.2491209736677673
3.08844831025,4.9063283503077582
3.08425937871,4.8942862302838215
3.67008128397,5.7291213377030159
3.14518381885,5.0107669148284515
2.99364084035,4.7609135723561691
3.17992485479,5.1193973235526649
3.23530099792,5.082330915348904
2.61350838122,4.2422640512386733
2.41338228878,4.041016826373073
3.69631681281,5.8563476637451934
2.72104623275,4.4249446389639253
3.10917557461,5.0492786647139649
3.52109636849,5.6159353263343839
3.60931962422,5.695300474137337
2.54847202902,4.2357605736671031
3.55764414351,5.6030071417801572
3.62010542073,5.730289938602839
2.65501019728,4.4072544029833036
3.60209435048,5.6364928246251846
3.36491668506,5.3308826420489508
2.96066838112,4.8336464509134407
2.57711989999,4.2239415891823935
3.14373193907,5.024376330265099
3.5264651494,5.582395889098505
2.7954402538,4.6473397774369074
3.77721010033,5.8709574480489666
3.15483989181,5.1088903306502074
3.58928631255,5.7618634720873123
3.75266988466,5.8831006002538677
2.57071514858,4.2073638213323159
3.30796510061,5.2682464378852112
2.86191420144,4.7327816156138187
3.45770672593,5.4838159693902062
3.1737550614,5.0193526479771462
3.1544508796,5.0264366645688581
3.49715685724,5.4832261818357413
3.72947491582,5.9508165867086396
3.15432658069,4.9943767889723896
2.73618970746,4.5047787625543396
3.20414922511,5.1205661227063892
2.54277564867,4.1994508157568493
2.44182787715,4.0954556464757399
3.04306013119,4.8132667332871693
3.18677216919,4.9812563710263538
2.65570142026,4.4519816401767205
3.30057250247,5.2315692265386762
2.65590880732,4.3601833712541254
3.4669822527,5.4454058544627753
3.19605962098,5.0939695402097795
2.67749363142,4.4295405900226443
2.78080178085,4.6163928626755126
3.49587851112,5.6815807519838515
3.20386890138,5.1109116544137807
3.07741521755,4.87953992178248
3.6950112809,5.7799673528151718
3.47329558431,5.422953471138058
2.83327581663,4.6094665507499153
3.59388198814,5.6538498646750552
3.32370353111,5.3341418348060818
3.58492085135,5.6240023608179506
3.1524183789,5.1134011560544135
2.52525655191,4.1436564712248005
3.76933987937,5.8880472205708498
3.39181248954,5.3638541106712099
3.5020643054,5.575567549657225
2.99410325181,4.8605648397108459
3.39301149071,5.4137010695972654
3.22740010834,5.1714862611703749
3.19061172205,5.1170616642820503
3.75854064939,6.0017151079796491
3.50592471122,5.6299713577264301
2.63382861399,4.2178572863583206
3.39353099246,5.3814143082148487
3.4373786216,5.4561864705094765
3.12625057416,5.0174735525960701
3.34854632531,5.2313117715221997
3.67974577091,5.8229509653974514
2.69035368333,4.4457407537526201
2.67950170895,4.4627170083470817
3.41528319945,5.3338382254125616
2.80987384893,4.5111062993910069
2.83066827353,4.6781138097315482
2.48570304358,4.1397784085147542
2.45949293747,4.1830520009721219
2.68803398773,4.4069095870993609
3.36945919486,5.2862782053637121
2.58094998168,4.2914527085352674
3.77141213904,5.9381427042238739
2.79633769082,4.4969548472263883
3.7852759048,5.9323740631217072
2.42571994361,4.0338019841154278
3.1963722273,5.0980788308838854
2.72873122719,4.464815552644497
3.79594972633,6.0508940096560249
3.59323239588,5.7804781563788143
3.79517091298,5.9913639994495504
2.74652113392,4.5258460791212096
3.30279206266,5.3127558442251628
3.47552686103,5.5226214546080215
3.54154032206,5.6219435005311009
2.39615421217,3.9806516398588405
3.1378559598,5.0749811180003261
3.52179948494,5.6003125799013818
3.52329077183,5.5944780096613149
3.65041283043,5.6815389498202853
2.82283747443,4.5632919099247138
3.71313173821,5.9137306592482011
2.8010844947,4.5231125379661368
2.57516878568,4.1605009927534597
2.97504887712,4.8265519259988707
2.77131625939,4.5040431886005265
3.60771608655,5.7843510615782554
2.56982803561,4.2742113892072604
2.7265275649,4.3882059182284383
2.86077202216,4.6091470405872892
3.3580426556,5.209288176697866
3.56654606133,5.6223230434697253
3.29490513447,5.1699340752273661
3.63457740186,5.8542869230102923
3.69054385934,5.8786807137570767
3.30481253415,5.2133045490187797
3.03487754618,4.8864270768151492
2.91608332038,4.7958463182989872
2.94403903049,4.7494589408296743
3.11641742637,5.1071753807388944
3.03083101463,4.8787769737691367
2.78468867261,4.4895954061505474
3.43333892013,5.4866217109406348
2.92413002246,4.803476712019437
2.69121226319,4.4055755875158615
3.75994917717,5.9622631627899692
2.63806049271,4.3128144495089034
2.69194451712,4.4314405623085262
2.80807627757,4.5988692258757347
3.69603363126,5.7632549833725086
2.61261185351,4.22934312829502
3.17107396401,4.9673022077565596
3.06734605338,4.8270775829037218
3.03451795796,4.9600018206440373
2.45115953485,4.0737470564789851
3.58965232721,5.6460820270452352
3.50303722595,5.601587694983456
3.50075818958,5.5264049196142953
2.95233600447,4.7482793505711438
3.18858278917,5.0643011671609282
2.64465950455,4.2491728573382108
2.87876546593,4.5343667112315247
3.81521508388,5.9526300776219454
3.29982602271,5.2683405569620527
3.0508184588,4.8344487419334383
3.67238945926,5.7988979504626768
2.97932425174,4.877355604646703
3.71744817344,5.8622849296613797
2.76793261117,4.5482659202912981
3.43016498093,5.4595951140879508
3.34813209334,5.2808223234647214
2.82188376303,4.6891690033154978
3.48850324319,5.4615545901790838
2.54723679458,4.1773859193492768
3.12528310679,4.9990824673727694
3.21523118453,5.1160311783533521
2.61969605473,4.2618010940681526
3.14995526303,4.9858654917952849
2.81160983739,4.594883788723461
3.1517501347,5.0762769479823362
3.45901720402,5.3438945862823166
2.94125254705,4.8262763432230775
2.67954199773,4.3114057167123256
2.54813248143,4.2773500746629241
3.45808474899,5.489313249192425
3.80159100648,6.0363800442967879
2.62908387668,4.342932979051767
3.71193851636,5.8958819190077865
2.57259413746,4.2136817048463087
3.53559465619,5.5562891603447966
2.55348894366,4.2174833664118232
2.49952055647,4.1981030900456622
2.44277073429,4.0532535969302961
2.81370346958,4.5539859034605596
3.569513366,5.7278881379832871
3.59462786324,5.776378563265717
3.67318562971,5.6604793112544574
3.40618237813,5.3584183669261858
3.51020482607,5.62128294301281
3.78144513379,5.9435995978878875
2.76782304766,4.4534893847845076
2.71610969691,4.4756592918422911
3.61247114386,5.7763503320950198
2.99429958691,4.7884523992310948
3.43637346078,5.4763757370296178
3.1141803542,4.9830752652833148
3.27692638387,5.2942432603459695
3.6217941377,5.6629755094967109
3.43337002054,5.3576120552177811
3.43484120918,5.3984435240958479
2.63926871041,4.2627879806163378
2.45945833908,4.1713259882509144
3.61068548863,5.6175512769875819
3.0743789453,4.9534269863272575
3.6726019241,5.9020098979153337
2.50780359579,4.0752831750849738
2.45877994053,4.1650517229616257
2.78070929834,4.5555103384786051
2.68786115262,4.4551506311032067
2.71442108045,4.448355333545793
3.37497502022,5.3882873074376274
2.97343924102,4.8555371893230292
2.3967936084,3.9515473088641531
3.13389715009,4.9934999184029145
2.39860164657,4.0164295273591808
2.95700825259,4.8523959284231468
2.93209948756,4.7389330600830002
3.24701954745,5.2507031845024352
3.59886305645,5.6555705352582528
3.79532342562,5.9332933055828656
3.41402947049,5.5187479102138504
3.412599825,5.470873016137725
3.51425036445,5.4352061542344163
3.66086095456,5.7258062146255275
2.79557636478,4.5634068739903464
3.36145290647,5.2956190652780668
3.49648948236,5.4715049663976494
2.99663334444,4.8583284192765062
3.10716369343,5.0125150593167378
2.82054697944,4.5886541244218852
3.04469585546,4.9343359774459428
2.97382001818,4.8388695911025854
2.85494067569,4.52635419404446
3.74702530395,5.8811574764493599
2.45272728003,4.0639955296035337
2.44928845754,4.0933395832982624
2.72204637413,4.4899916468977974
3.75384096226,5.905227695651341
3.08297776198,5.0889195992162106
2.90285238705,4.611437074877264
2.47174275194,4.1011251060467178
3.66276613911,5.679964392738535
2.76615787019,4.501576736985454
2.45046047298,4.10363201603601
2.78258291562,4.5376870805915548
2.80496508424,4.5861982328777859
2.91509819937,4.7620459183522277
3.5089999536,5.5734315777005436
3.15017527158,5.0395228429513139
3.33918409372,5.2534632306222617
2.70730741051,4.3975846335387585
2.94993287795,4.7377539610948913
3.02488117264,4.7847401813977708
2.52290908587,4.2634036254318142
3.77853518561,6.0010128689321727
3.24949154667,5.2092759766378771
2.48371047755,4.1595834146563053
2.46116878459,4.1437992192816884
2.87962284994,4.6668776379128634
2.45980870063,4.1251707271639182
2.47445691489,4.0836676060264381
2.39401466086,3.9997712928047351
2.93798639694,4.7321292897064895
3.25944385743,5.2256155909771644
3.70285725652,5.7845101463188469
3.74196174952,5.8848491612534
3.03553180238,4.943706954134977
3.79272852064,5.9936543293691926
3.02273443794,4.8730224151906638
3.80024355005,6.0056839358362764
2.93002285694,4.7574341489138439
2.56511692818,4.2516447587736748
3.42340971989,5.3878880027065819
3.74999377404,5.8361217999086952
2.71571230686,4.4865959828941682
3.64149641083,5.6889077165531532
3.1149465722,5.0016456479323388
2.89800477648,4.7270185956903061
2.40726453126,4.0223352769435294
3.13796657512,5.06268564164482
3.281647826,5.3186524330538081
3.80265078167,6.0163562283569432
2.92349377242,4.7242205269708988
3.20890115921,5.0166967828218443
3.56829332358,5.6821201201672515
2.65872835845,4.4097411373803812
2.64876024386,4.389595728751515
2.69249620707,4.3523215536358126
3.00438071887,4.8220689815027509
3.14719705002,5.0338185101268538
3.43810520772,5.4939607833737485
3.23317144475,5.1186274596143795
3.79683696812,5.8312815354238206
2.9275814108,4.755566260437857
2.60814933831,4.2647759102074074
3.75329545205,5.8790258077244788
2.93330060732,4.735305640992987
3.37205914334,5.3647220332875678
3.69194914183,5.8164386411886442
3.20785129633,5.0937850133203764
3.01534075098,4.8373024386752439
2.93799017677,4.7479841756929018
2.78083263186,4.5181015446646384
2.79250268287,4.4855894861622243
3.75904281467,5.9905585247453113
3.34212480445,5.2704494736884753
3.14072350743,5.0206469039684167
3.69921541533,5.7667893796070118
3.07656087759,5.0271273058094677
3.10393980342,4.9170461519923618
2.83829328124,4.5973908926360583
3.01950913972,4.7847837224799932
3.05822935429,4.8772045026807334
3.39546143295,5.3270504953665547
2.72410390865,4.4053880423525804
3.48179871475,5.4314061224103511
3.35497098474,5.3305696679092494
3.53412230295,5.6123239456329106
2.74852511821,4.4819429589763535
3.00135856948,4.8210138857993972
2.65584769509,4.3665865531436987
2.51133318647,4.1397084757463638
3.3003901314,5.288889464724142
2.58475635506,4.2909552836334219
3.19154128179,5.0774903398112485
3.16876008294,5.0124525455056776
2.84359838319,4.696414695820823
3.50586509028,5.5242452566938258
2.95074537206,4.7399942849345775
2.81282147743,4.6136922517783017
2.42274272336,4.0796614468683314
3.19598388119,5.1264385642730277
3.06044333869,4.8562671732120686
3.15452500218,5.1005102160818963
2.46012286718,4.0449830988613407
2.78010931608,4.5128220045616132
3.63168904271,5.6853921617476422
3.04607884588,4.8791914440020818
3.32083901948,5.2599215682215181
2.74293252,4.4980884708568567
3.16876508525,5.1053704433556915
2.86307459965,4.6826996753735015
3.04746907809,4.8229696666904438
2.58600559107,4.2672096071569827
3.42348433634,5.4426269073047058
2.95249497898,4.8837463446277711
3.53221813871,5.6008205499045447
2.45663531604,4.1102096337645531
3.28251417068,5.2746892248497543
2.64211008117,4.4105569229209856
2.50599588101,4.1765782780297309
3.50581466725,5.6461349276716133
2.4919990889,4.1088979201852167
2.40847695459,4.0264702572357258
3.73883671948,5.8943915267427682
3.32668839199,5.2789559459790905
2.60973643257,4.2472156846987446
3.44919798334,5.5287019123268415
2.62805141209,4.2950626772551699
2.84926485282,4.6688195129579366
3.18995002091,5.1247885117727696
3.6713350509,5.7733241897663978
2.78693342709,4.4861508531084384
3.06841950811,4.9292812122707907
2.9350908301,4.7203187056504916
2.92346648938,4.7475444154235147
2.76431726505,4.4586211150008532
2.52906032713,4.2140967444890514
2.66385741403,4.4877801260135843
2.90562197567,4.7515401214362898
3.35584317418,5.3641775208876563
2.59474579611,4.2527005612086723
2.41853065625,4.0938970661040459
3.47852273704,5.5428254955444602
2.46311846379,4.1247983880224286
3.78495837563,5.9756869181931815
3.78940436717,6.0044740868680151
3.11934595475,4.9641993937056608
3.47133357885,5.5806059277209989
3.81974119664,6.0614660531307631
3.1184116432,5.0602338278168393
2.47611236927,4.0287413882527394
3.30638486126,5.2576408024773231
3.24782472896,5.1403807529570056
2.61620837227,4.2632445414518321
3.47664126666,5.5228886952465421
2.92402975725,4.7376262979452637
3.30618597481,5.2748749487608073
3.60328691236,5.7471215882539752
3.05390042965,4.8718096781789217
2.95740563383,4.7501870946677149
2.88425289022,4.6741912425736842
3.33394481141,5.3258079088808605
3.73822127113,5.8912588745124372
2.71895723903,4.4368485549467378
2.39983768267,3.9959841005497161
3.60901472734,5.7016223202769938
2.60792017513,4.3213052948593287
2.54480452642,4.1797533646918019
3.4667780411,5.452120677063931
3.40564809219,5.4404869362805037
3.32485093949,5.3893625613810556
3.67468064195,5.8047490771569903
3.80546618181,6.0238315064550871
2.72851210513,4.4736469644477328
2.82503108932,4.6523615459616376
3.57890849119,5.6571408149051337
3.1177692861,5.0300887621172494
3.40058537285,5.3804089749500772
2.88912723466,4.7915462793240104
3.43178575094,5.4122202119295704
3.10166528519,5.0518189427948892
3.52710702108,5.6036174567103938
2.62987561496,4.3584982694734533
3.16099015678,5.0580208210179807
2.95610734823,4.8129936629426355
3.63785465736,5.8124080134197431
3.69347673251,5.8337153642380661
3.19787312287,5.1271631802990578
2.41486175472,4.0039536815042602
3.08535166107,5.0293418558086342
2.66698866986,4.3459801589522096
3.53336039096,5.6058514419086114
2.41987510251,3.9962786770110035
3.74191933003,5.8551672450897669
3.71507802443,5.8925363339708712
3.39750590567,5.4536524951269918
3.78955911818,6.0147537854673407
2.94533305592,4.6902695143177908
3.66459530216,5.7515643422700773
2.4610293912,4.0749260542453607
3.71411883093,5.9467283023000395
2.39479086563,3.9761054685459398
3.00581781577,4.7879012205325004
2.7130839418,4.5555270632947593
3.63947520784,5.7845589169646079
2.52065046707,4.1563337531813378
3.6325045423,5.5998443371424154
2.74602926835,4.4462330113191584
2.51525319161,4.1706862372710738
3.53231446412,5.5788180515303551
3.72943467888,5.8350735834401686
2.71992955322,4.4377971817097652
2.50807034717,4.212001193573256
2.68011377364,4.3966578398783334
3.63376187081,5.7351833017095437
3.50926451433,5.5865102576622165
3.72997124828,5.9162143161118372
3.54272641399,5.5240628632980151
3.18565341144,5.1659174682867706
3.37601229748,5.3191426958646915
3.07379363901,4.9158040092678768
2.66449173718,4.3527486753943094
2.84192992767,4.6011972784120578
3.16246443106,5.0372139966887435
2.6091999999,4.2671051075495274
3.69275901457,5.8219585866085284
3.27698995739,5.2962828267704598
3.64818469978,5.7260216378880804
2.43945392258,4.0560290764245268
3.05070056236,4.9575193817127898
2.47705007948,4.0747627645638573
3.53640588885,5.6144844677676389
2.72920368634,4.5113432382197285
3.22074748786,5.1468250325292058
2.75113435462,4.4822264837777217
2.7524487746,4.3623600944597563
2.61887992824,4.3139411062238171
3.73743955682,5.9888791666377017
2.62935295504,4.3010333089716299
3.55814677765,5.605027702684791
3.78976425836,5.9652331749645793
3.18525460502,5.126619365593946
3.53282607731,5.5841910280360532
2.81515124528,4.5613949746058928
2.59300913376,4.2764990749788803
2.76362773062,4.6270243474125667
2.6717480201,4.4023432702399692
3.45881325506,5.4071464077713554
2.93094853657,4.6765361660170122
2.78263119728,4.523637175407389
2.65832626557,4.3710148294490407
2.83050102302,4.6425379077173048
3.15981865822,5.1614949317409327
3.57980294357,5.6106657464198735
3.72868820694,5.9009264576645055
2.75454228015,4.6121559581567171
2.43770293451,4.0681265300054426
3.34438418475,5.3530147508918295
2.66292050188,4.3944545591794837
2.83375484916,4.6301445560878296
3.3181042311,5.2720628068054296
3.71186417375,5.7992314426443112
2.73810168269,4.5267631192935953
3.09331335198,4.9129452879392979
2.73294697709,4.4827748089705501
3.67101306099,5.7232942717362016
3.76236386395,5.9559099678690401
3.30442336201,5.2271411010318891
3.61111737284,5.7020745220295881
3.11243767859,4.994663467697932
2.95743639069,4.7886678928398636
3.67529150003,5.7841393356164312
3.14351723828,5.0055227616428368
3.07803031338,5.0126081418505528
3.74381465778,5.8320348129464668
2.72933960051,4.4816850824919534
3.03540423341,4.9213280358099665
2.93348925583,4.7701673855787865
3.41159793226,5.4843005234428412
2.49531355059,4.1456019131761739
3.5065709526,5.634980479172917
3.10623519348,5.0461745523485879
3.79276745165,6.0124761409059069
2.8779916771,4.6477522302875194
3.53261865008,5.6935270911119238
3.73562669626,5.9073909858674511
3.45502591398,5.4933800165408
2.75718970122,4.4894493783178726
3.1789682234,5.1154831619763019
2.94305337577,4.7401738355025733
2.9079043254,4.567481432010366
2.91901658633,4.764385745031678
2.40752855513,3.999901931788997
2.49769554733,4.1471969887673197
2.58019268073,4.3182798997149634
2.73802692848,4.4671165304150913
3.6551582717,5.6970416638707109
2.95909183046,4.8050869710267321
3.5660455469,5.6942850552353859
3.15120655467,5.0513836736592523
2.87554211383,4.6729417045539119
3.61179624529,5.6176632405765101
2.52848917349,4.1947616105256245
3.69465255504,5.8649048337361549
2.78209644274,4.5439347386088178
3.03551721258,4.9133736443564846
3.5728706584,5.6783613621646136
3.56567984082,5.6733991522913145
3.73137227836,5.9149240879193794
2.59613599763,4.2207240260542251
3.15467263276,5.0432874874403284
3.81076873576,5.9318548134415128
2.56680990321,4.21918248679453
2.71216689609,4.37010343007484
3.70518806199,5.8187549551419542
3.39177512088,5.4042380599562838
3.17906930104,5.0721819363460421
2.62706182408,4.3999621814574148
3.42633141404,5.3563607649534495
3.31050420982,5.1950808030851059
3.16746972189,5.1558206620523768
2.75642367012,4.4980806097659327
3.73079532809,5.8854890705702347
2.84035399441,4.6070891932328868
2.40555239326,3.9775327305611667
2.66785656457,4.4241102404821806
3.13227864788,4.9857317336430196
3.66016280538,5.7525564973464425
2.9814732178,4.793848823343696
2.44444420883,4.1379197434185873
2.87664420368,4.6280235009317394
3.48417990132,5.5482154961137464
2.61647888891,4.2341119178168531
3.77718043469,6.0623326328107217
3.33445145001,5.3782729991243032
3.10598257781,4.8894097524562259
2.80793878223,4.6271437433850382
3.22997061925,5.165675945315563
3.45258012233,5.3634468335430228
3.73763110924,5.8491023763174121
3.57812822047,5.5900755172442977
2.99478925956,4.8147333705266693
3.12196566649,4.9719389934410714
3.77188121602,6.0162477028661003
3.20504128027,5.1766360378705158
2.58116709482,4.3114521901822052
2.67012090135,4.3291701423054185
3.7053842786,5.8203452385587688
3.57658019497,5.6025392016213553
3.36785245514,5.3296798636186864
2.9389208282,4.7460600200846548
3.24767383647,5.1422097669693221
3.12701002034,5.0630991355868584
2.49579654428,4.1759276086826764
3.16380711922,5.0948916104679398
3.39900356272,5.3745895495389693
3.26668869302,5.2277199768670464
3.39881699151,5.296308763070412
2.79342016454,4.5192033728733767
3.80696872292,5.9843872356212584
2.5318293128,4.1523340960815096
3.62309358567,5.6890308931936193
3.5131364898,5.5169119212667566
2.70722454091,4.409012544561568
3.05505348438,4.8323195677203126
3.59999373495,5.6958107687351394
3.73083638204,5.9239802674106121
2.8572474955,4.6173139886754306
3.36570969844,5.3805129135711907
2.94314054334,4.7821677042990798
3.8118500162,6.0031038840368911
2.63807480265,4.3089563877466102
2.58425243221,4.3350383815655
3.7374238363,5.7656784777499821
2.86075669898,4.6557595354611712
2.90257716899,4.7118531997121265
3.11686339703,4.9871257034974619
2.47856262076,4.1272641395555452
3.49872051133,5.5593028849133077
3.22274889946,5.10879293546901
2.9080730394,4.7894663609806987
2.90045197068,4.6878282798353608
2.8509166875,4.6764295509392708
3.2920322806,5.2605409795702762
2.77492159128,4.6281202749223489
3.514058186,5.4970280764904187
3.73279402053,5.9484745098068199
3.52326451951,5.5335120545026397
3.43969604351,5.4535561493653892
2.58483360297,4.3530386575576721
2.58108277787,4.2964483865857712
3.13886159537,5.0965628169465331
2.41155719412,4.0522694461458659
2.66007455085,4.3507250472553718
3.31234100855,5.343011097786377
3.47959795933,5.5270532634082965
3.81582979127,6.0209632579057484
3.6086663815,5.6575801925811895
2.66356311019,4.3059813807787943
2.69836597646,4.4397056525499794
2.8808364208,4.6566633971020375
2.44458826534,4.0252898598939311
3.38241775515,5.3684681762414508
2.47040361978,4.1516778390691913
3.03358814294,4.8686585716678845
3.77746111972,5.903555522359544
3.81262912229,5.9903414828769659
2.9687953781,4.7874934925675756
2.97967439731,4.7912465919173526
2.95179842993,4.7691902721614232
3.40262466932,5.3311202004875078
2.90845110263,4.7123556228306631
3.25813848741,5.1670690091259761
2.52162903439,4.1769447500246866
2.88225580843,4.6519534457480223
3.78538955105,5.9489687787460799
3.653893734,5.8735292152910255
3.6904881406,5.8607250023962214
2.46996965723,4.1072156218534728
2.59991455545,4.2650757003109518
3.69317210664,5.8246272815521678
3.70922598265,5.8533120954893221
3.38299168046,5.2859804049323929
2.66046885467,4.3482806838013266
3.63873798528,5.7992545835957996
3.33465997248,5.3175020643308217
3.40252710871,5.3145966227368833
3.57345999142,5.6354317278991743
3.18008636816,5.1643088408055116
2.57789208896,4.2605343186539946
2.79226432841,4.6173187191667617
3.72841909163,5.9099711560402115
3.77969916921,5.8870864035094845
3.51060348725,5.5625160286021318
3.09090652301,4.9065054285129239
2.76752293331,4.466724366311249
3.27190076524,5.2255204133325508
3.19960763627,5.1166140922586631
3.17427903839,5.0767797012749867
3.7349211522,5.9124922072494339
3.02919360296,4.827027325343427
3.75505141217,5.9237034036849581
3.1196614308,5.0542755131551251
3.09665322576,4.9854324003792598
3.36168031778,5.4385507724669919
2.52519947603,4.1605925182991506
3.12560568358,4.9915060435058729
3.21535665818,5.1497187712548387
3.14270898622,5.0964728415309084
3.39408388498,5.4495328301007344
3.28973952988,5.3333799179331436
2.43049727557,3.9957782982940384
3.38056464313,5.4285793889891227
3.47733607709,5.4948914288261657
3.36073733925,5.2889172386349532
3.14089377194,5.0402377935139926
3.2671604766,5.3302210303523605
2.60369733433,4.2717903247026365
2.77634587462,4.5749635697741269
2.93363998494,4.7250681553256797
2.68902942355,4.3987359525154224
3.41029871117,5.3618429334296183
3.13479640427,5.042691864820342
3.69631112228,5.8095048329521513
2.45606511335,4.0447897429703508
3.54624121095,5.4881224505831758
3.33518334641,5.2695415967268771
3.24212439402,5.1415524556548498
3.02611497543,4.8716801698751331
3.16389614263,4.9955707846362429
3.53273467163,5.594699226916398
3.59549096076,5.65245298484062
3.6473024983,5.8019739285622212
2.89659906089,4.6429503378711958
2.77562726367,4.5425046898044075
2.93404347296,4.7226109608800337
2.55440047929,4.2088119489758808
3.31265038041,5.2459267024885783
3.35416866955,5.3775993657859003
2.71191276412,4.4772401569845091
3.19896967994,5.214961794021634
3.02613744365,4.9953190590254932
3.40083439634,5.4475244361544402
2.91513487106,4.7393790992468636
3.02957662045,4.9149038867148889
3.43988570548,5.3311513154144174
2.81254491663,4.5402919849155543
3.51366063472,5.5795465265704252
2.68290350739,4.4281251311195335
3.4270884107,5.4339071007745625
3.48526174206,5.5596121717755569
3.0151407485,4.873682906208181
3.03604061473,4.981636382655827
3.75104904758,5.9508058286021823
2.64877876335,4.3508740100419274
2.49725824237,4.07906875362628
3.14322827969,4.9814675792524774
3.43185693423,5.513443065657456
3.36977236893,5.3523999042301318
3.26055592062,5.2361659354031103
3.79393802127,6.0410827160582734
3.14723180533,5.0853148003315152
3.41251642568,5.5417749168315797
2.75411025325,4.4725814748900818
2.68920266519,4.4483478209254175
3.45884032805,5.5289855674583022
3.36706678311,5.3505953233243657
3.29590264272,5.178028462194507
3.79840499206,5.9657608452236364
2.71606895873,4.4226599106606415
2.56351034322,4.2889937370093678
3.33681787945,5.324678580606502
2.50435929622,4.1621337680225476
2.65078531732,4.447495003797111
2.61577907248,4.3195029163759582
3.56601952386,5.6624104031383817
3.69926229623,5.7891871674110478
3.20008800657,5.1853725032989821
3.39515345017,5.4873338498354371
3.71727980159,5.9693101031638536
2.79106005421,4.5567432847331535
3.68300985152,5.8845103725084318
3.01894230537,4.8642322841202494
2.40546976409,4.035942185501769
3.21727917845,5.1777168994626237
2.5813933811,4.3056054054496116
2.63056575175,4.3527071239155548
2.80205652928,4.5897931281684334
3.77980173479,6.0205923755657382
3.29171058033,5.2365300814081719
3.23305912694,5.1731721831823201
3.76101505622,5.9175226084131367
3.0882227947,4.8727977211839226
3.37966618644,5.3980337663968774
2.97814185547,4.7314123148604867
3.20511815653,5.0836464105154437
3.5949121995,5.6491254377637929
3.49845970336,5.5815530841999728
3.64868639947,5.7885187639100968
3.00349273444,4.8067946497045391
3.43990306113,5.36951208729083
2.59334306326,4.258090636511251
3.52104651897,5.582824343513594
3.22128504636,5.1575408947382249
3.12567968161,4.9801285601839584
2.99780331589,4.8495440261504976
3.08165520349,4.9305632459329232
2.96977131018,4.7769389430683127
2.98361246396,4.7908850537129331
3.7416036459,5.9017909960870885
3.70710782366,5.8140877590788804
3.49064122594,5.5335626772346007
2.87061748554,4.6080414747342457
3.1877503076,5.001343288520542
2.6281835214,4.2904573078508674
2.46402766022,4.1426882305608892
2.66499279177,4.4035658022696591
3.39475301992,5.4054397689831983
3.27798328197,5.1724330218512939
3.34330573944,5.3853079860346584
2.7520803791,4.4671488442097429
3.62726212539,5.7271692544239619
2.73608478398,4.5104331065258396
2.6927935411,4.4406477226844752
2.64936026786,4.3759591736050325
3.37094992554,5.4369344217129401
3.37256919812,5.2735906947632394
3.57521873003,5.606234029101925
2.95142673678,4.7194124583441592
2.74429645683,4.4656120781787676
2.80028029875,4.5115805438179093
3.13341073152,5.0410037426147065
3.36729525057,5.3390975330681094
3.62987459565,5.734651327168244
3.51996148238,5.659243070645342
2.72460385939,4.4790972750346141
3.81509674086,6.0521996334974419
2.81858530989,4.5064709249727928
2.97660952453,4.8615516318043763
2.69406115565,4.337184093073791
2.89739720183,4.6145790332785213
2.90435786372,4.7461034560662538
3.64888098983,5.6499645955954279
2.4082055108,4.0142936160953697
2.59731983533,4.3578428763919907
3.12204141899,4.8681369015325107
3.73546005264,5.89793121320717
3.51121809284,5.5974796060386707
2.60735580359,4.2845807254912627
2.74774489973,4.4792461830966355
3.09197018468,4.9718160141005194
3.60256197488,5.7489355266681317
2.74052604502,4.5172732269305369
3.64285769385,5.8805168736782409
3.08408673897,4.9931812273469713
3.5881992188,5.6958535799450907
2.67940909173,4.320580566043791
3.15360115489,5.1007035209957214
3.67909086423,5.8808850902893708
2.98612734567,4.8207580018079517
3.63817775941,5.7630924563103019
3.37957571712,5.2448241441835126
3.26797089843,5.156471267212031
2.45304391416,4.1222224087255164
3.06568374178,4.9889503897977425
2.84775123422,4.6216566369824346
2.56775499912,4.2449411709275067
3.11082827383,4.9937838816603008
2.63782508907,4.3447497455346626
2.59391341836,4.2618691961883473
2.644199479,4.23765587812718
3.40481303904,5.4648951263186891
3.51914667503,5.55550031142098
2.63285931654,4.3280980840795067
3.62872330746,5.7112672633545145
3.77993860044,5.8723381900576204
2.91234498901,4.770060166903912
3.65639177246,5.7396949946092128
3.5526629142,5.4834271970725004
3.07097729886,4.9460511347613112
3.5970443145,5.6233078494674933
2.55935921478,4.2632199727263238
3.81113002146,6.0595477093841259
2.92000454262,4.7725522143275096
3.10407736626,5.1003173095111043
2.98268111836,4.90260456039484
2.8819057714,4.5907474332086444
3.58372993603,5.6441661514003485
3.02750304239,4.8902485119811985
2.76758274927,4.5399228993942247
3.40641072818,5.3176280575381059
2.75594931977,4.5289096151921937
2.60506636867,4.3449888518485373
3.75702036711,5.9398127753429604
3.05877521107,4.9825052703199084
3.14917251879,5.0833346591481448
2.3962114823,4.0109783342011829
3.73029557234,5.8585075150874228
3.43560896771,5.4440488424220028
3.7191511083,5.7866189943796549
2.44811050503,4.0882795383705961
3.17478213163,5.0734993550201049
3.40423891093,5.3903823612296273
3.67061189978,5.7890427051398889
2.45537942711,4.0704975276940427
2.5063426822,4.117522611910057
2.45605220881,4.2061049248999058
3.18733817954,5.170049998149751
3.64569858784,5.7327160083770394
3.50627844035,5.5417605052435617
2.86949460398,4.6430980907930195
2.41677276571,4.0409895823170192
2.51390385409,4.1522768357965543
2.53187264677,4.2306752982737725
3.760777823,5.9889006051763154
2.94867136753,4.6826683316528843
2.69850946034,4.4314865221435307
3.18382412235,5.1299887456776947
2.91646162047,4.737768841743689
2.72888147559,4.5490706293991945
3.5038911873,5.5561293625870647
3.42968357436,5.4903412410561661
2.98218107384,4.8947440176340855
3.6307278125,5.7782875446640629
2.62805743307,4.3704684067849904
3.04957083917,4.8715665328828823
3.14642270873,5.0669609530292732
3.58960033089,5.7232624892332469
2.56221465575,4.2440564159814143
2.73728086715,4.4920262742018799
2.85451319245,4.6573223351989963
2.51287182665,4.139136748975063
2.95490487642,4.8625853292674748
2.40752571756,4.1112712398096658
3.78407771641,5.9320588406776729
2.96935875986,4.8486244762805626
3.20808839371,5.119806934543778
2.79595102434,4.5446160701166569
2.66124091166,4.2700449401665752
2.48349076846,4.1476836283807081
3.76907276103,5.9704318370475988
2.56071507647,4.2011756775297142
2.81673632935,4.6505920243824272
3.44193879322,5.4648101871760222
3.67716368358,5.7995768448370244
3.61939343898,5.8046512450776531
3.4081844526,5.5171790490057795
2.97996555385,4.7101367485760139
3.63081724678,5.8406553593107366
3.39909222837,5.3486043997915589
3.02731938053,4.9389586256914981
3.18788111326,5.0988122988400431
3.20321561339,5.2028871993636159
3.80953960908,5.9465488645300484
2.91643592195,4.8022340625944686
2.72229359137,4.4070927324339308
3.3887586059,5.3830913796140463
2.52760996823,4.2538546972681548
3.66346987857,5.7714373975799385
3.64969868128,5.8103943910337401
3.44801009277,5.4136207581788076
2.49930832611,4.1738583168164523
3.52441032692,5.6313007119695833
2.73768092742,4.4775829628935062
3.58487008883,5.6939886071825034
3.70932790293,5.85606111429811
2.49503615161,4.1042149561381986
3.36050347926,5.340720136735591
3.32997943024,5.2775884255974299
2.97849338883,4.8452023688280459
3.46193091532,5.5936394535932852
3.42800954953,5.4562940710684371
3.28731600883,5.1569846363772438
3.14895470734,4.9856726350903493
2.51615472546,4.1260133409004691
2.87063285291,4.5946266222684118
3.24790718269,5.2516318717965476
2.65419040618,4.3815621627598151
3.06274083643,4.9256658005455431
3.1906897307,5.1160428185797953
2.7232428902,4.4912766491945773
3.79675536191,5.9648266572403053
3.18199123876,5.1093291937394918
3.13555757228,5.0007124984989453
2.42224766794,3.9977579241869852
2.72079743571,4.4404295898885477
3.39495048551,5.4169800374933752
2.66900012773,4.3566061954867363
2.44705734506,4.181870880238038
3.37642631813,5.4660014007759434
3.78826360183,5.9871857424506887
2.98853864328,4.8291739055092986
3.68055894878,5.8488643732699375
3.62212392204,5.7252824334148373
2.41750945548,4.0347724673034877
2.42840737664,4.111232200089793
3.27830846896,5.1017048798602591
3.58487379023,5.7512957009204886
2.72807523186,4.4783282132528619
2.91794136979,4.6964984654208317
2.47368692315,4.1732873020149217
2.9766319346,4.7455833984722835
2.67130795996,4.4273961096800898
2.95488607247,4.7398591419243123
2.98697532391,4.7769722193025146
3.04426691418,4.9624067763237241
2.79927082196,4.4752754444538212
2.534767069,4.2259494555948764
3.33181487859,5.2301586714819255
3.00784222737,4.9064936526423395
2.82149906381,4.6747576337384613
3.20829973793,5.1766559091236442
2.97131549526,4.8480778444896551
2.93942639565,4.6879888259486897
3.72327215946,5.9026391698104339
3.55865141958,5.6711078575924372
3.25580983768,5.2401537925996156
2.56021344387,4.1262984797989501
3.81914273669,6.0848334175732086
2.61302574379,4.2636748026412619
2.79534400872,4.5549545391524138
3.57870995854,5.5719581713625326
2.52207289883,4.2388568202504011
2.61516266841,4.2935861419913568
3.6286921547,5.7446284756050527
2.6360870817,4.3683578198548334
3.04011394714,4.8525554196281222
2.94770689938,4.7214697009164057
2.69232490415,4.3756027858550111
3.71510439919,5.8796617713923203
2.78086640343,4.5190176795849624
2.92845849029,4.7072803095187901
3.19843772698,5.0545173347499288
2.91504043018,4.7212405084341071
3.07118401915,4.9941862048352252
3.00874146288,4.8517369891719815
2.79534588413,4.5385997869533465
3.47369921936,5.5578950194985426
3.29122330609,5.2806012123272295
3.74775894502,5.9821443773147669
2.49811770289,4.1362360005307552
3.43511920704,5.4462360378608903
3.7576886884,5.9536549017688793
2.8478302735,4.6421949475267832
3.32539882,5.2608391836874828
2.58091601724,4.2021000249191776
3.77120478488,5.9877058306236632
3.15182312654,5.0490005159515503
3.73179178471,5.9523938783899002
3.19962201473,5.1907439636669501
2.39983772875,4.0747502907305959
3.23478156196,5.1776513873434951
2.71694187928,4.4144363295307931
2.89614139439,4.6861565864786803
2.42252781149,4.0712848917077409
3.30010313737,5.246534210946745
2.77411580379,4.4908030616820183
3.06506597696,4.8559142861344897
2.89053456229,4.6909260165094722
3.42335707027,5.4760345770552945
2.41818497604,4.0748796313172697
2.70338579499,4.3635531701713406
3.59384861743,5.6525165576160488
2.9989904941,4.8179707149565409
3.81082701006,5.9678340259095348
2.50221114932,4.0863030752775273
2.44392211467,4.0624800192843962
3.64805286165,5.6314523067246469
3.55602126634,5.6740382524090176
3.07831818184,4.8069864499642936
2.7559511999,4.4827600421791107
3.5404013946,5.669198807903431
3.54992773387,5.6455968196095663
3.76273489751,5.9417380135808973
3.76643683195,5.948942783257027
2.69455578814,4.374233449069326
2.44396155935,4.0687257027439907
2.80712034708,4.549140232107769
2.54948800526,4.2647675790071089
3.45186348833,5.4763659971209417
3.61004325168,5.6036563222374456
3.07403532202,4.9580537721629128
3.47370496996,5.5474719773417549
2.95067884581,4.7943041590887523
2.91626775591,4.703858150146015
3.05234314449,4.9149770939746675
3.35313221159,5.2774327141023276
3.5774201388,5.6157393242364613
3.67888340736,5.8302374847871263
3.23228694655,5.14061323598205
3.51563138633,5.5521810446396485
2.69038399348,4.3551976882405032
2.40245295351,4.0494519267166007
3.36205990994,5.373772904490572
2.74020935439,4.4205692109611086
3.44700239272,5.5519753042280424
2.66052720965,4.3266728259717446
3.20328197512,5.1797025490649995
3.58746162345,5.68322086144354
3.05915859208,4.9500699280495555
2.41693955647,3.9832651767501441
2.69372398647,4.391465054111773
3.06052235682,4.8521862378510079
3.62817012311,5.6580166494786361
3.52372849673,5.5374694894658258
3.05517158159,4.9122224874324667
2.91899768971,4.689547625283204
2.4630048339,4.0476194962962611
2.39327299665,4.0405014562540131
2.8413321699,4.665326663166355
3.0384055056,4.9025867113808737
2.75364762229,4.5675023733935305
3.66990878934,5.7722338618708395
3.18725885311,5.1078838953389596
2.71184264425,4.4503375851345206
3.15424756439,5.0603209053124303
2.89161568895,4.6914823969962702
3.30655062148,5.3053462096705966
3.81726488356,5.9657134600456567
3.63384488543,5.7687471579443184
2.91813122641,4.6726335161730708
3.2561222326,5.1786167039833968
3.04841473964,4.9703212685731195
3.44151372371,5.5073444504229219
2.42806777162,4.0909511389855879
3.12407398609,5.0460135896585196
2.9060334992,4.7080959452423947
2.58375157904,4.2779400745125864
2.96531093594,4.7637846598158449
3.10515867988,5.0317801948672667
3.2958428778,5.3038271608108554
2.72741562318,4.4031126621304288
3.79070184592,5.9625406573619966
3.34321409072,5.2575962744212079
3.38611818741,5.413667483409264
3.50984214096,5.5663353988559248
3.67015798981,5.733890417295588
2.84412153626,4.550481281588965
3.03691708568,4.7731561931302853
3.81110588729,6.0881057868643964
3.60606624309,5.6890684563426204
2.52144009731,4.1318225092736238
3.66824113786,5.8119615105857969
3.05744776312,4.8637286530432151
3.56539602851,5.7067681118342684
2.49955992266,4.1400619886654502
3.6150730212,5.7461639102387885
2.49764556557,4.052066843856557
2.78665830709,4.4957406902472261
3.41316706241,5.4473029009375882
2.60462236686,4.3035205004170765
2.85282478596,4.6454705468629003
2.75575417785,4.4650644176270848
3.564849573,5.6873725955403831
3.25577754243,5.2580953693365702
3.70222909475,5.7871123386506431
3.48382477038,5.5715867868563747
2.53465983657,4.1727648623624187
3.29082908637,5.2251999554035757
3.22118138661,5.1275059298095647
3.45727139779,5.3854036074569711
3.63960928437,5.7141419551291266
2.67987710439,4.4033447274156581
2.4046563524,4.0300666411818185
2.53433321104,4.2217465494748962
3.62132491702,5.7320457551968911
2.96584164767,4.8145178647552846
2.96959611224,4.8641859020651408
3.71400694348,5.9151912564812257
3.38517709232,5.3854063016304963
3.7186165922,5.8747084617719079
2.66573485592,4.3164311266212714
3.79628740846,5.8397313118824474
2.52331873415,4.1648918465329059
3.50842036049,5.589292915195812
3.27258311682,5.1923877418932829
2.88135474139,4.6651827978508056
3.73587151778,5.855479152857205
2.85804185687,4.6321154802399214
3.07928040629,4.9750418763839184
3.40517183657,5.475272079737449
3.27755954576,5.2176757115778338
3.5978768686,5.7103198478432207
3.72205699637,5.9556762722463086
3.38770589303,5.4180510226297374
3.69354281419,5.7933223314397058
3.47449309926,5.5722130541565953
2.61020597149,4.2402768585561388
3.51610532014,5.5813109013970328
2.61985875849,4.3140554537239879
2.66429289309,4.36841766779885
2.75714781484,4.5182865185083863
2.83557319432,4.5936089726717579
3.41240024728,5.5185027424601953
3.42023132338,5.2800553128515313
3.52873893043,5.5962295741790484
2.99674845989,4.7800902487021544
2.5545596041,4.1647146768083214
3.81368344054,6.011374545254081
2.88111763164,4.6766374639730115
3.48262121335,5.4766063978432946
3.44349032072,5.3732500116608168
3.11252055137,4.9962430184122741
3.56416034403,5.7851484087699054
2.97920556278,4.7726555810412563
3.76682856616,5.8407126654851034
2.89301689873,4.694081018294991
3.61469318587,5.7554012675124326
3.65851698072,5.7123254478682739
3.53466364597,5.6496840598924205
3.30457855909,5.2777680248697703
3.30303710594,5.3017367159067943
2.82159361778,4.5230442472895858
3.5128647762,5.5798866156034368
3.61241081407,5.7292650092316828
2.8767310472,4.6589536599201402
3.47548469849,5.5017481472685068
3.19477497607,5.0016172623328892
3.78720418278,5.8757520975484585
3.81205339907,5.9987428709908688
3.76249931491,5.9765081301259642
2.74837209317,4.5016264727270423
3.24832365732,5.2148006975326346
2.41029988463,4.0568419596426093
2.5660539541,4.1735546989270853
3.26202391336,5.0873496060769279
2.5994694976,4.2922092225172461
2.89222560572,4.6846812554881767
3.56345022334,5.7535391461329812
2.81904724994,4.616639506370503
3.28985237555,5.1791355323396511
2.55137003156,4.1785058640650368
3.09512974319,4.9866290080898068
3.53002325286,5.5246200878469924
2.97319905757,4.810908247221767
3.32558571686,5.370487351527661
3.53052666785,5.5380920035759269
3.16361988651,5.1817361239263704
2.42153895055,4.0159176677628965
3.51444283228,5.5209906425636763
3.17242711354,5.1630277932298299
2.52249509674,4.215069472144001
2.55662923994,4.2458471091240151
2.87240840054,4.6522882453440344
3.31653516748,5.2391468074486465
2.61219417278,4.2895485283636985
2.61108560467,4.2653125380047952
3.06717485489,4.8985543599595029
3.31798468302,5.2786526590082596
2.82041998416,4.5876762325051503
2.96810948959,4.7754763489747827
3.65805773485,5.7196896767388283
2.6450810183,4.2940419869506607
3.23123872748,5.1473430030130878
2.8654132753,4.6714973464611811
3.09293592756,5.0048028193663843
3.63136980463,5.8264870011513867
2.72745603484,4.4193778608466632
3.4470363687,5.4731582672789196
3.46258741184,5.5197105369280797
3.27965160611,5.1599774561366996
2.5666049602,4.1485925040745553
2.76754671708,4.5259788136041292
2.40331930529,4.0141629200941473
3.62537355052,5.6895040149554994
2.47881122086,4.091969617339422
3.04876519846,4.9548094524021291
3.19614236067,5.0663777499145155
2.70705175337,4.3407717965082142
3.16657498946,5.0797645031101171
3.25374215614,5.1364706997126657
3.50404288432,5.5920156766358673
2.6293214175,4.3733798637086769
2.56926490963,4.2095805456906579
3.28976684157,5.2551206902808527
3.52934049723,5.4570172126976466
3.06278932341,4.9598626306177458
2.98130915604,4.8457311236193776
2.99344093831,4.8280536839714125
2.89823775754,4.6568779521329651
2.89261130432,4.6753303008706615
2.8062438262,4.5381219020560923
2.73461164897,4.5415962955808515
2.50351838818,4.202951638614862
2.56017189922,4.2424365096057972
3.12146897393,5.1143953017237331
2.63314806098,4.3193415669851474
3.32597539178,5.2336830900160454
3.56287147893,5.6135335258399728
2.53217303849,4.1794434092106805
3.2945114431,5.196670552276033
3.62214665067,5.8318356463280923
2.43513511039,4.0487848615320248
3.21946956809,5.1646478028697329
3.77713724247,5.8754163485974757
2.44558987252,4.0803751334855045
2.76608283553,4.4850583033878628
3.80264823362,6.0455008529291172
3.2135713712,5.1240924095525804
2.41584729017,4.0656851772341662
3.74337805228,5.948805204583711
3.00622499803,4.8781811122934799
3.22713100461,5.1514129605806582
3.62527443579,5.7200831208542491
3.33053719946,5.2970797572741919
3.67329103166,5.8174137909152002
3.35731823482,5.3176487584152428
3.03401827094,4.929371866708097
2.64100224573,4.3401484255323899
3.00478313507,4.772141612769877
3.10306062664,4.9749335737430158
2.82090555637,4.5369865691529219
2.60004617186,4.3021438004496657
2.48731098428,4.1990312709634816
3.19146291605,5.0149787428890367
2.54609530144,4.2229985414656852
2.62813509543,4.3152414052230883
3.03284921865,4.9438803616086462
2.4064567984,4.0155831536314723
3.41215841804,5.3998806594076223
3.47250100695,5.5079056509710593
3.16901705531,5.156666434853955
3.17377657356,5.0254538946187033
3.8017688917,5.9807175047976386
3.28126389547,5.2842798115396246
3.23856780296,5.1400459738435398
2.95943401838,4.8623001327732007
2.42173555955,4.049614542426859
3.73791354032,5.8614734942418689
3.09558591781,4.9643528793228615
2.89681250459,4.7694480289199443
2.95049967563,4.8660612062306905
3.41604860833,5.4972642857758895
3.77150990675,6.0081056324944813
3.14130258084,5.0717680558599127
2.53339945328,4.123385380385991
3.16741341482,5.0614177984669428
2.5539196035,4.2203343607533377
2.78978965526,4.550028992263857
3.31114641249,5.2641323442712116
2.46079150694,4.1271158513666801
2.8165448515,4.5348227617612356
3.02040667445,4.9800614106051393
3.06491256562,4.9524864616953312
2.90534548585,4.7208823807807345
3.61806375385,5.7853874391955991
3.19205910962,5.0419559023532257
3.26965159986,5.2495028343729846
2.48794381724,4.1007057095015558
3.21350181897,5.13021804551183
2.88762713819,4.7397130323564651
3.40891001942,5.4261658124801251
3.10874361479,4.9860834622435988
3.35513685368,5.239827325269367
2.41630834458,4.0351296885598806
2.7648599836,4.4438947635676183
2.69181931885,4.4401504896729005
3.03948118529,4.9890537840391547
3.74217684153,5.8987983289341113
3.600938131,5.6969149882077454
3.11049035375,4.9301776686272243
3.06099708101,4.9203605210073027
3.59388345906,5.670322174599228
2.46294054118,4.1834749002154634
3.25847008901,5.2167129568016861
3.77807028365,5.8639409823006714
3.00301001576,4.8167568331388804
3.05704969509,4.9744805585848342
3.25905839964,5.2032933029971096
2.89376192861,4.6197307822150213
3.37659293543,5.3860324306946614
2.45790454752,4.0978860840367153
2.53265785397,4.2048367363274517
2.42206383058,4.0066628813381193
2.57849945035,4.2261034833448319
2.76466046596,4.589491801285952
2.97948350912,4.75775892062717
2.87518432374,4.6851161473169833
2.61830187165,4.3016798982246014
3.70015048594,5.7977338895212949
3.22522583554,5.123402208040484
3.17868301909,5.0337405900684029
3.16231261321,5.0472614803573634
2.46037237405,4.0887174074199191
3.41462466014,5.4449022820894655
3.74816290748,5.9414113842574796
2.61923989691,4.2589131970932215
2.81061088392,4.5706533270614225
2.85141347744,4.7275020215811301
3.11642406507,4.9713556469232225
2.92775142401,4.6908999083815077
2.98510582752,4.8010418839774696
3.49000939982,5.4913892116386478
2.48424542691,4.0841814312819915
3.61596331888,5.6599892725665999
2.87755330863,4.6437812189196119
3.38678533793,5.4235816166640154
3.33727083026,5.2887519883213248
3.62548894668,5.7744221094247532
2.66096874443,4.3625656813375038
2.61114568835,4.2544629610037958
2.38935501405,4.0295856082447434
2.62283652578,4.3368857030536816
3.45607818263,5.3752931953891085
3.4021344716,5.4310557760280087
3.39727653678,5.3817020975883043
3.50812477015,5.5922125195578003
2.70785572951,4.355516525451832
3.14792263724,5.0711804506304121
2.71284464471,4.4578850019245539
2.50641158853,4.1261852529070184
3.33155054874,5.2674782079479963
2.93500915112,4.7844409856160031
3.47195367316,5.4792217994305421
3.564250353,5.5855050761533205
3.63916745948,5.7745605640831421
3.13236770278,5.0099149904453784
3.44666794999,5.5377350003760624
2.74876947278,4.5659377250942192
3.3802677764,5.3988782400851942
2.42102959221,4.0084867153594113
2.69238751791,4.4113603905892198
3.33900392612,5.2886624115386756
2.66725986947,4.3965175090789064
3.8181465713,6.0567878071907453
2.50313258366,4.2370297818839253
3.21501457758,5.11174360181698
3.10469340761,5.0360931583209281
2.42882320957,4.0939195702171949
3.5995189498,5.6581071309322946
3.05597253389,4.9759363289673599
2.77826898372,4.5914053806247592
3.43181327039,5.5643925732459012
2.7281217569,4.42645191641751
3.29194556495,5.2086202544941775
2.87385877231,4.6426525454661398
3.6613270932,5.8094737613458527
3.5400179355,5.6348907846994098
3.09009889442,5.0219357646144669
2.67531838921,4.471841240525082
3.33991164372,5.3045125662005939
2.84645217141,4.6776279215537553
2.605091577,4.3423502770354752
3.54496657676,5.6935232850532191
2.40884886786,4.0509190712434489
2.83514206783,4.5457441907930916
2.69087646658,4.3506239869260659
2.84097239604,4.589288866877518
2.83810132715,4.6699811615004414
3.3886358801,5.3837610436403613
3.50501289169,5.5618240719260257
3.19998685866,5.1180682491477016
3.4072681463,5.4453634498185588
2.47646572553,4.0780177604507131
3.15417027229,5.0293621547407952
3.05200444808,4.8825585027326959
3.02994070561,4.9086077123962122
3.08408152199,4.9646900575628408
3.07595889696,4.951185454122256
2.78632659113,4.5390850753448611
3.39221120742,5.3849045332270276
2.75987635467,4.4937805828618522
2.95096286846,4.696316988225834
3.01236629917,4.8341067490323972
3.52166661342,5.6301318543747945
2.79934580881,4.5461798987611273
3.00425138027,4.8943108986947346
3.51289044363,5.5092107266838672
2.69619728846,4.4351617543850992
3.31034781446,5.3312852936024058
2.65894619727,4.3678844313715057
3.00217644007,4.7943063751841244
2.91152112319,4.6738217336837886
3.18486881145,5.0074092385052538
3.27411023339,5.2236888265849615
2.4346898521,4.0232891692671995
2.46416778364,4.0757664337419284
2.57446842586,4.2721946994466586
3.40068213719,5.3239498708408899
3.55641261063,5.6540554582133176
3.32473961127,5.2967100801358624
2.44453799447,4.064868555073593
3.52219657726,5.5598202998927837
3.70313234892,5.907951312151539
2.62915944465,4.2462679609536602
2.7029917051,4.5640107930125957
2.92726091512,4.7153397189052741
3.32992706216,5.2786889855479302
3.27711651558,5.1865675630826793
2.47136837425,4.0879201118501767
2.85631870364,4.7248420229468042
2.91095714173,4.7273676045149982
3.39890470325,5.4820546926330378
2.70651734211,4.4241612441165916
3.180814537,5.1564263626838764
3.37711867301,5.3929444831301883
3.31917166815,5.308616494868053
2.69338159417,4.454974232087757
3.66883912227,5.7909085551302013
2.67363213733,4.3637743179379855
2.52668209611,4.1806896389372747
3.71491839268,5.847976870586578
3.71278287583,5.9844233274870504
3.55454454789,5.593299448926377
3.57386952844,5.6964094262986826
3.70970361859,5.7743448022258166
2.94905492988,4.6782482683410995
2.90691077783,4.7661120568198578
3.68260056204,5.7008707333659716
2.75374477638,4.4847177805035825
2.76979535073,4.6955794102557604
2.54204009014,4.2362343979352053
3.75825458843,5.8666369248562971
3.38729363672,5.3263508712837542
3.33034028995,5.2802794073366988
3.15637993032,4.9998285056535172
3.45586344949,5.5137614831378414
3.45146255896,5.4964977987757564
3.57957164537,5.7183548841585026
3.50195291652,5.5575747184023827
3.77968800259,5.9640607903036225
3.03096789834,4.8797676733677822
3.24556967098,5.2186747258907431
3.41773254081,5.3969435239010162
3.39257371471,5.389408507732008
2.76634048377,4.5124506842550636
3.62516800367,5.7555569564816818
2.87424409591,4.7293756552641932
3.78180934633,5.9075050966425575
3.81795275618,5.9139584220238754
2.88597025101,4.6822198187847217
2.82903898555,4.6090496978739397
3.01320790423,4.8529847182592212
3.37678240765,5.446633659960769
2.95008838623,4.8496521401334274
2.73489391467,4.4294055879255989
3.54804989776,5.5158388187723384
3.65125646267,5.8006817825570716
2.67048054382,4.3611887224033703
2.7896552456,4.5312715236557981
3.04920627688,4.8759630921703074
3.63445881564,5.7161775097974044
3.30983828222,5.3081782565400868
3.41715933462,5.444695682736544
3.72441960714,5.8647620927798965
3.2743827754,5.1542062036959582
3.21588654178,5.2395726990000213
2.81433761042,4.5722708992007286
3.7450123094,5.9234673236580315
2.74737031705,4.512527786974716
3.08527615676,5.0451781510077902
2.6498049058,4.3086826266306915
2.72959179787,4.4602240896562586
3.25278127326,5.2568505247103579
3.28287147835,5.185742209391158
3.72252828233,5.9154960700532007
2.81187589864,4.6176375812414001
3.67359103598,5.7935463422298952
2.87166747658,4.6516471632735135
3.01014340967,4.8238304230262292
3.70349233215,5.7462722237721806
2.56063098521,4.1720538305510004
2.45916742927,4.0865849516899342
3.41476410509,5.3957521423046773
2.57903856082,4.1892647952747417
2.43684006518,4.0733749282590566
2.56953414992,4.1708015423105689
2.64094085883,4.3209637448035227
3.05919016472,4.9319512673436678
2.7303384742,4.4496223240715542
3.6693037151,5.9095644187276299
3.69820113408,5.9497622081319026
3.43850779913,5.4585962841691442
3.10709380543,4.9905365837958815
3.49581687494,5.5336491493951065
3.33046948397,5.2892084136944204
3.3651211633,5.3311821885735551
2.50334077739,4.119169943328945
3.60379534552,5.7909977395764782
3.411934966,5.3687689049788982
3.23573752431,5.2036325356610744
3.09023358115,5.0013971050051493
3.11126655797,5.0338505683212631
2.98128776895,4.811763304814149
3.48963125061,5.5025751529048614
2.89603886013,4.6797158382561399
3.0974856095,4.9949943641254588
2.90163178759,4.8036693277757569
3.15091630113,4.9753072906230678
3.76277421334,5.7996930523100483
3.35852666562,5.2642875700177107
2.61609536721,4.3061232279251325
3.53680493471,5.6202662990943804
3.19403206526,5.0020204911666317
3.66532676918,5.7248363874083639
3.15013092755,4.9673305829516927
3.48196785331,5.5404248584171212
3.20077944478,5.1391903105810552
3.28271617914,5.1127207366276339
3.47076340069,5.5360605822403066
2.63676113491,4.3159773411903934
2.79188441842,4.5258212673615743
2.78834913103,4.5502779324061295
2.4106677401,4.0257478428334004
2.45301945842,4.1439304802053512
3.16425516675,5.1227664773072688
3.65505958882,5.6801582418559153
2.79331562314,4.5667988345725909
3.47370844676,5.5087006345299203
3.67190094783,5.7422628631616428
2.82114670219,4.6092388430574189
2.49631445012,4.217396336194831
3.25039975978,5.150789868661624
3.66468306864,5.8080178408128367
3.81590798048,6.0336216238495606
2.53261044783,4.1802515976532018
3.75008417426,5.8593537099149975
3.04528967369,5.0067627884779613
2.98753802301,4.7318202889444452
3.74307131914,5.9353841782101746
3.49269783323,5.4968507935472033
2.87300772177,4.5761983642721091
2.71352019784,4.4498264137667967
3.58292321818,5.7391717554303661
3.57148114307,5.7421929261267106
2.40201462895,4.0889040216512971
2.63362282555,4.2699461707885451
2.94638896896,4.7617966853899052
2.42021572828,4.0043597330744021
2.38962830801,3.9713173451950112
3.26673225753,5.1392629319676892
3.12979836039,5.0784043302649087
2.99089223133,4.8339964826113917
3.66001130315,5.7459918827040068
2.77063528935,4.5439594378490007
3.46081466986,5.4143115690796755
3.13829370876,5.1058387860388903
2.74924353333,4.4961100708900945
3.39311599984,5.3965764630799926
3.5302421722,5.470967056348143
3.1548983446,5.1044876501969876
2.96070697359,4.7956030929324722
3.38621369602,5.3200382582450185
2.92415191645,4.7257119884124252
2.60381709599,4.3323788767910205
3.21339766791,5.0873100327508141
3.62285437413,5.7168318862047371
3.321655528,5.3517992595829105
2.55116554461,4.1860204114392401
3.34502286967,5.3578230734373378
3.17557841784,5.0996045034113369
2.75162219915,4.517738066221165
3.01884745293,4.8490723077733238
3.5035138656,5.5700748417423904
3.16861381585,5.1549489760874865
2.8047712327,4.5612944049547925
2.98188454301,4.7526343076187079
3.54271833961,5.5690372947920448
2.75580966683,4.4436345858070201
3.14409510567,4.9974637387419261
3.32993450974,5.2925665800177226
3.30875162595,5.3529650040302261
2.51812978429,4.1509291895003146
2.55134457279,4.240655854004217
2.60466108414,4.295703434036831
3.40445177089,5.3860876344291224
2.90385979301,4.7780631596899266
3.11336983106,4.9301477163388592
2.4111544362,3.95415724337315
2.80302825511,4.5902916030768051
2.82352786392,4.5234821534562268
3.51495098341,5.5648725040623308
3.55028504091,5.6033647589090103
3.28046247527,5.2454824662470649
3.81511354895,5.9509728466625624
3.24150588253,5.2559221317897249
3.59402630701,5.7409204813589749
3.45649246111,5.6305527491651404
2.90083296317,4.6999365716653436
3.70879163538,5.8033272657296759
3.09080761278,4.9587761708380711
3.41178249977,5.4489184604090912
2.99800591698,4.7359301258412749
2.66805995469,4.444529656869908
3.05925044707,4.9090979029852893
2.47146796945,4.1225286371275995
3.7030731828,5.7837429406921483
3.65990950089,5.7780748525325754
2.98579971666,4.8426397436092321
2.81642327465,4.5973992862407682
2.61843847491,4.3191883048638973
2.50055684228,4.1820261163316177
2.49741192932,4.1336959223542227
2.4261082888,4.0503819518424065
2.59707537728,4.2963101305659483
2.94338520589,4.7334328378848491
3.28822037092,5.2171087340894351
2.41972433227,4.1236907326158949
3.32758781302,5.3797588038208737
3.51861235416,5.5710200150216913
3.31706563682,5.23855127210531
3.70945178207,5.8642080055251107
3.66272829772,5.8113004508425581
3.4489371767,5.4464041559531502
2.98766640135,4.7338266187795561
3.01421132758,4.7542886654588745
2.66749022376,4.3736818989818209
3.4150565595,5.4424667164238762
2.45407984196,4.151433271739795
2.91223475845,4.6486009780740094
3.38476457257,5.49790316005733
3.39269943113,5.4018069741106451
3.34923787589,5.3363806345725164
3.80698944918,5.920125335185868
3.27124200117,5.1767985676296391
2.49360205936,4.1249292970643641
3.79589051434,6.0320020301553194
2.58553925161,4.2504706861098844
2.42505477712,4.086341761014622
2.93391232695,4.7320970161636273
2.84538523071,4.6909135219141991
2.98210691773,4.8617073260073962
2.95448262266,4.7947654875028745
3.07134150877,4.8418199939328925
3.18004485351,5.0769708796633903
2.70831882283,4.4391608809471137
3.46249404131,5.478941861163241
3.45470289985,5.4267528151404099
2.77639673661,4.4986517575624925
2.90463115378,4.802620349401276
3.36026321137,5.4116595539599786
3.04986378727,4.9610937690889649
3.2171949462,5.1724313501631789
3.3280665706,5.2751128912264118
3.02029387492,4.8450786256092213
3.29033456091,5.259947710154
2.99435041214,4.7830200086391699
2.89327690379,4.6810111033414197
3.56149102998,5.5529553880775167
3.10844357842,4.9768329038437287
2.75651716461,4.5374751610748705
3.41570520812,5.3688517109993565
2.82409593013,4.5835310021169349
3.53093355988,5.5566673768163017
2.89828753613,4.6810668358581875
3.09132873227,5.0020578222576288
3.06877563833,4.8558166340567146
3.00277348246,4.7778659327171704
2.49957858362,4.0911108137415226
3.76258154712,5.8615253145225381
3.26270954366,5.1269785001981578
3.62510238893,5.7206643260443553
2.67244066145,4.4089750052354422
3.06394756087,4.8657459869301478
3.01414340981,4.8337881054558443
3.7391807415,5.8301555056842869
3.11048693021,4.9631838276570699
2.59089526811,4.2860752715272668
2.58517242012,4.2644191997231271
3.5809069745,5.633279570000397
2.73824636823,4.5136204505058828
3.26318994534,5.1813289545262968
2.83479329107,4.6315698883943268
2.9880628862,4.8309351793110871
3.21145102696,5.1774291900122407
3.17366262127,4.9988000709131386
2.77472613637,4.4210631524314312
3.69329755405,5.7775128952924151
3.64556321104,5.7491780719555923
3.23756500389,5.0483199085569606
3.22851976215,5.1123892838576905
3.76260442053,5.9182734298900792
2.71954736328,4.3698407741182965
2.89893592413,4.764492751538806
3.2934954858,5.285571813192818
2.73329931056,4.4078296380700417
3.3208243135,5.2785351678220129
2.70035194566,4.5208497646048036
3.36144139297,5.2697130568744308
3.1594690436,5.0196737675367986
2.57605870503,4.2606744760333424
3.65887072811,5.6293897164019819
2.96749451535,4.7413457774200261
2.59857833545,4.3068126821248836
3.71404408917,5.9097683779317549
3.12369815524,5.0199381197597654
3.3332527439,5.2880655758218795
2.80905880453,4.6007440678818678
2.96674517979,4.7504971728538381
3.38053892569,5.4239234769253004
2.75452863242,4.4286795833332748
3.30085649828,5.1994845495417259
3.0167711759,4.9143604838291948
3.79537782648,6.0198199672026851
3.24831343963,5.205894148948258
3.50029114864,5.5382555059210343
3.68709906734,5.8072919849181259
3.38396147338,5.369590273054798
2.52902985707,4.2262355278306103
3.58809567139,5.6812212214286362
3.26310948547,5.2328299444058155
3.11180479744,4.9818683406875106
3.74046014401,5.8614687610139722
3.19104535524,5.0446749659566752
3.70929442692,5.9180788596928284
2.76151254596,4.4841283791094595
3.80043435155,6.036551766661824
3.14647834218,5.0847417587456762
3.13707791838,4.9359013823190709
2.87012550178,4.6743775317014222
2.91677057552,4.8016427503317685
3.76386454201,5.7800310438208058
3.72948995276,5.8358437676989308
2.84433883704,4.5439774524688517
3.07264166727,4.8843569875105359
2.73294798162,4.4642384752814026
2.9356491404,4.7493393554030376
3.41818180263,5.3948305786478281
3.19381138887,5.1142557288893835
3.55048554763,5.6752550723903523
2.73870005303,4.4289613491582127
2.63365960749,4.3633455513208492
2.53406789799,4.236259302266836
3.42525398902,5.4746935440993854
3.00217791923,4.8470218638927571
3.70935917312,5.89965990085516
3.06238979435,4.9512762992349719
3.33572148038,5.2979541653858115
3.33647341574,5.2914527644653369
2.39761876656,4.0102261237969428
2.76083008701,4.5261044691592645
2.57820836118,4.2565159631952652
2.97587961241,4.7615152733347799
2.44947133935,4.0797715457820809
2.70028638444,4.4786475682756244
2.56130959681,4.1991051701617819
2.70038543716,4.4243764002146735
3.11200176699,5.0523015571307539
3.55613355427,5.6601293294778943
3.81872500131,6.0291194685910918
2.62477380625,4.4218983126765359
2.6436727745,4.4655352715048613
3.36788225795,5.4752405212361897
3.33020540806,5.2548627515158719
2.71976831646,4.3983398263633307
3.27385587258,5.2515143566840221
2.9922508274,4.8565806048514952
3.31426295165,5.2849218450113638
2.5342126425,4.1946879246450006
3.34944024396,5.2641719572563348
2.72695776559,4.4928241534404671
2.55746023923,4.2048211584195698
3.72594949598,5.9401918245803609
3.67730389929,5.8868204825672512
3.55536121518,5.6531212895271699
3.58081801983,5.7243004286458135
2.42270164603,4.0195214539861865
3.10450753005,4.9232316253348447
3.55459931225,5.5657756231550621
2.65573522515,4.3520557131169531
3.44566895871,5.4635295331471561
3.68710395451,5.8117621522323999
3.67270967247,5.9738676298412789
3.75571841351,5.8774086466908546
3.77536638144,5.8198748928993052
2.77093408702,4.5195465922086129
2.63211251694,4.3046972890483151
3.58966105199,5.7210436775535589
3.08121721045,4.9473450234922298
2.9473106231,4.719545407155211
3.6089950667,5.7922984618575137
2.95851563413,4.734583291850476
3.57960642578,5.6452990613603102
3.59200914295,5.7146873553021225
3.08492854648,4.9365781308918706
3.15269546493,5.0075791229274182
2.50245281875,4.211760091991203
3.61163241613,5.6903291026787395
3.50959062804,5.5922965643181941
3.48963737783,5.5298462444054231
2.74197979187,4.4997948105315801
3.63262420062,5.7273952179864889
3.31889870637,5.2054687398180501
2.96733472248,4.8415378139137042
2.94419544732,4.7792866507323737
2.89730096841,4.6477069778066573
3.31330936806,5.2379587980872913
2.67745459504,4.3778437229072136
3.64937069963,5.7947551814989477
3.67004458702,5.7652837908744363
2.96645155147,4.8855076464900034
2.62507296601,4.3572086016277423
2.64018153381,4.347753240130535
2.4821896927,4.1313023896155601
3.48022327553,5.4667615410368136
3.75376960174,5.9271801187096873
3.21184655678,5.2065229805128794
3.17547915133,5.2027996432922494
3.33760788004,5.2749268366616748
2.45568609475,4.0858253776051203
2.61402608553,4.3551374545971084
2.98853337485,4.7769189804791772
3.56906831274,5.6785714213793002
2.90802080723,4.7307667510941682
2.8233371137,4.5496317198127532
3.37545637372,5.3455907580118263
3.51779481286,5.6141399644728409
2.43339477357,4.0247954266092369
3.0717442782,4.9303410782323214
2.44804780254,4.0151019117954032
2.58291782648,4.3041073896819544
2.73400540484,4.4867557940060347
2.4530649523,4.1443606292368829
2.66028769966,4.3563174296412583
2.82031492601,4.600894068605232
2.65915603905,4.2459823746959993
3.37501964484,5.2703021880387109
3.30053131034,5.3433203981381885
3.220277508,5.1259001319059703
3.0019582176,4.918126676261906
2.73845371378,4.3715820355844359
2.936907229,4.7955723329916555
3.21736579417,5.1004613886325538
2.57436045357,4.244457559063922
3.73482268022,5.9174798884466426
3.17744540613,5.2437314118622904
2.64324588607,4.3939639233558667
2.81543003776,4.5342848377177463
2.98051749313,4.8130401679124146
2.48605136932,4.173685763089753
3.69164286396,5.7106028340144261
3.69210747428,5.8145388097808555
2.75903959831,4.4667906965705813
3.01049522604,4.8385908812072485
3.13542251508,5.0699301116369648
3.57049899193,5.7112038831931491
3.16054682439,5.0551427453839102
3.08698352875,5.0594886780509718
3.27012398947,5.1743384720263013
3.34873428672,5.301367676778205
2.91833884365,4.7597396998960342
3.13410606579,5.0113728129988884
2.94220028291,4.7461251079346756
2.656151338,4.3841967861550737
3.22966479721,5.1572837906110838
3.41227350323,5.4227922028979512
3.62113240723,5.7513044118650649
3.68262173465,5.8341133438595998
2.66959713563,4.3313747548179515
2.47409977287,4.0745270918905696
2.45107728634,4.1480400563576474
3.56936716478,5.6614748674764694
2.54032213636,4.0910144983095673
2.75877407372,4.4838828652174225
2.42542156924,4.0735298271040303
3.23048353504,5.1939918096557891
2.82481350322,4.5109687903434503
3.7665099695,5.9095905541489353
2.80076386966,4.5833994233641446
3.44032240186,5.4913628087264748
2.94907449048,4.8672745170041596
3.12355897251,5.0486808551223765
3.58380912695,5.6778565299650579
3.4691584534,5.4865106808188413
3.63676074061,5.705128947823761
3.42007853725,5.4162402226552846
3.7659442456,5.9242411430455881
2.79706100395,4.5821553387429939
3.53164686874,5.5553536125149447
3.1756157113,5.0525316032510643
3.43094366403,5.4746544211191734
2.6254138473,4.225785926072354
3.4101311225,5.4602895361312376
3.0970526951,4.9591595750803013
2.42492725462,4.0320063047447583
3.62936103662,5.8142177926675576
3.11934743556,5.0070422725446022
3.37017125552,5.3228338393708858
3.31433264364,5.2164973277704103
3.57114491876,5.722578601010528
2.79323513759,4.5979120594815113
2.98136605488,4.850548934930206
3.48324303015,5.5738705479749076
2.47417476833,4.1274182104919088
3.28224821714,5.1069084503090307
3.05786424873,4.9881753975703695
2.98290153352,4.7870018680993658
2.45184302237,4.1104265102844755
3.72433154079,5.8743885222561874
2.43959333418,4.0820361558830376
3.05071492911,4.8820872684357166
2.5744706034,4.1971266994106848
3.67112690646,5.9566010130886742
3.3557552161,5.2932348412420946
3.18390289913,5.1130819213837322
3.72875253593,5.7889976531758407
3.28360417219,5.2014277924759824
3.51289088331,5.6288211830872577
3.05851854121,4.9366153173936311
2.70437606262,4.4329630668372113
2.63876749225,4.324539846004396
2.89581281493,4.6640440717953151
2.72480817454,4.4386950968150689
3.10257312385,4.9600144022277126
