k,omega
3.00877989014,4.8197461088620335
3.01762290825,4.9128012929523628
2.71152124914,4.4581789610395788
3.05572161923,4.9659170001468205
2.47731461414,4.1920555044411465
3.20728165518,5.1359642576284914
2.87319971853,4.6684017945364333
3.64591276306,5.7859069810256436
2.58346054363,4.2668200369540381
2.55929330768,4.241818921638429
2.43635004552,4.1115515916669727
3.13520600966,4.9881724613689737
3.18198707859,5.1380756283135032
3.47729705958,5.5989772686562329
3.6021990588,5.6366830625319091
3.35039658042,5.3679243456499641
3.43990471691,5.6073586674547329
2.68016422008,4.4157618173997752
2.51219336222,4.2625246153408192
2.79616851481,4.5348201559621266
2.39244560926,3.9983228767086936
3.56491943868,5.8098789115537262
3.72354231792,5.9088939368715527
2.41332820997,4.0710420300906893
2.40707020044,4.0603658903313447
2.89640949995,4.6676927618909589
3.43334031494,5.4947640353218237
2.56406032154,4.2745279232782147
3.25508300198,5.1661958372328769
3.45040170175,5.5735634312434437
3.32474605312,5.2604293135665934
3.79854532701,5.9750394488183183
3.60164902604,5.7102280211207761
3.54633847086,5.565322995924288
3.77464646214,5.935812990442658
2.5489436016,4.2380670683558606
2.43212594253,4.0750846913259835
3.31690144396,5.3291817971120787
2.5298882106,4.2405175584609696
2.57088061784,4.2794688223890489
3.75438740499,5.933366964511781
3.23989446705,5.2381912778090109
3.66486068961,5.7871089763221573
2.84704988481,4.6581241877205501
3.14588202209,5.1136593347504302
3.46174385781,5.3713073861554923
3.68498326511,5.8090677389493717
2.61563427248,4.3679079132415692
3.1522193878,5.0988358218050003
3.05652476838,4.9224665146637507
3.18512418472,5.1262878528131663
3.16365297864,5.0856019657654512
3.57273927875,5.6762136257079243
2.42242756435,4.1405447523325059
3.71998554981,5.855505303462933
3.24732346072,5.1719589408618951
3.24604855172,5.1566885451569719
2.7233661287,4.4834828833668201
2.70301717211,4.463669173713571
3.65573150007,5.7399118882044133
3.08998086801,4.9125022502060958
2.50851243219,4.1876660386619502
3.74403952688,5.8072636428884623
3.17460042636,5.1651290877686797
2.96210910664,4.9049237776444494
3.224493758,5.1367054655983528
3.00814118257,4.8970051740484593
3.54540359844,5.645756934881998
3.55402926594,5.6712376616057867
2.88180502388,4.7303213863488569
2.55626850797,4.2417891530013669
3.2429096326,5.2850531674499228
3.66439941948,5.7625351795579949
2.53412254541,4.2156640999127681
2.86115573437,4.750004326023995
3.37980035459,5.4553045086304053
3.71910089359,5.9601559676829039
3.75128097148,5.8255158944141687
3.59506637541,5.6814239386742376
2.46772529584,4.1956674371911404
2.93128109479,4.7164881716613793
3.45113367952,5.5177048949486647
3.26926131022,5.2118733347522905
3.54778922875,5.6585645841961485
3.16956953649,5.1475483606284111
2.3974470836,4.0513371590974447
3.66946420272,5.9090537872789621
2.62968302746,4.3568139378934125
2.90346778969,4.6694625660284617
3.70832447757,5.898259701635701
2.46720473696,4.0861750938087056
3.24197620384,5.1731685216196048
3.09061567369,4.9709020782283169
3.32015217521,5.2601841032053898
3.63286939319,5.6740708868842562
2.587178254,4.3950254583407897
3.55791816535,5.6634263781790359
2.50956514702,4.2432358926969531
3.47802539569,5.5585160830832967
3.12499250257,4.916690625043004
2.74975414076,4.4441502215039943
2.41226991197,4.084189553293311
3.74883706603,6.0595447779879255
2.4082185646,4.0266988852449543
3.20757517392,5.1959119732343142
2.38201803925,3.9805878220183453
3.33234460229,5.3691063937752164
2.75379174363,4.5653677854062549
3.44632819472,5.4402638812614734
3.50098498919,5.6664783447655998
3.4170903295,5.5060199369814473
2.8448918837,4.5962150486438844
2.63767665949,4.3993126337246391
2.55229335654,4.2645590160530666
2.58130443172,4.3290980643067014
3.61057654324,5.7229464359059996
3.60997197768,5.7515490603509036
3.01176971506,4.8861980168550065
2.79310160958,4.5692154559272042
3.17213097504,5.0670270326218967
3.06967593104,4.9544342790173257
3.15777951404,5.0928627298393474
3.53788979735,5.657806691027262
2.42257467121,4.0180928094760695
3.49435494832,5.5136081363690455
2.52079766211,4.1426099181679445
3.54835991469,5.5101165986039486
3.35818307735,5.3178526751189219
3.31105615139,5.1363364945032517
2.74513904778,4.5335454133861095
2.42066516617,4.0107122926908074
3.33311918123,5.4490168941453598
3.39780330834,5.3618456034575743
3.33603883709,5.2664111939859461
2.90299268051,4.7714777468533844
3.42900467577,5.5182790841612048
3.45899713664,5.5428403599644422
3.62148807666,5.6734330079649204
3.04674124593,4.8946914506781329
2.47751172137,4.2195688633425474
2.6698253417,4.4241528307843989
2.82727538393,4.6086779803405147
3.53723776591,5.6112552035213952
2.75287949552,4.4956515536358843
2.37892825831,4.0072602853921966
2.97716814504,4.7874501888231089
3.22211302243,5.2288117263842526
2.72865590695,4.4472894668876286
2.59807244893,4.2948553953919353
3.26762300292,5.2197848992112181
2.65045953747,4.4251217734615782
3.04618411529,4.9390362467221669
2.37298223971,4.0261614288914487
2.65755644142,4.4049479857172553
3.10671541992,5.037457825667893
3.22193661677,5.1733616795026345
2.45445059802,4.1313741377117896
3.33270108577,5.2972607515636607
2.95687887381,4.7479871559660598
3.21655434136,5.2343669429768784
3.66118215223,5.8157549283081424
3.7820047376,5.9433181314346273
2.89321449961,4.7275598134171561
3.51169888213,5.5749631987353592
3.73702478293,5.9802836916491895
3.52650406051,5.5164343783977587
2.90941063152,4.7969224560549311
2.74784688566,4.4566966733261069
3.15331931683,5.1679007080054964
3.29967350827,5.3789991607774876
3.78733431346,5.9917927884276256
2.69610163067,4.4778543543158067
3.54513380114,5.5825770698089077
2.41267268091,4.0646370791938429
3.57681847398,5.5730210315521473
2.86119816898,4.6923612690135741
2.96552871288,4.7418999726818614
3.18442099028,5.1524923991710301
2.78635453795,4.553579814739833
2.98639389823,4.8836943258949059
3.71299391488,5.9023099397843364
2.66596312018,4.344953840548631
2.39600704654,4.0298236534114871
3.79329034815,5.890465796673948
2.67604403259,4.4173614438926032
3.37581902332,5.4146050178170233
3.38516135669,5.3228035776892773
3.26270228467,5.1845135959189452
3.23287211428,5.1487826407811399
3.33992383589,5.3155724390603121
3.59911243039,5.6435385268210014
3.22260244167,5.1058421888610717
3.21578798037,5.2315473216978594
3.07359904715,5.0731500842104609
2.85491195647,4.6979945936370804
2.92494447208,4.7635743989563011
2.5757778158,4.2631559327971704
3.41077045033,5.4192210165881187
2.5442833426,4.2515032940998658
3.14868816519,5.1306291304483116
2.50110897619,4.0824636519983528
3.14747196877,4.9933801194507987
2.78634037648,4.5430834073552449
2.375358067,4.007179711746482
3.72397805828,5.956826234082814
3.03377969011,4.9489542370217645
2.81633329394,4.5984099137497303
3.58031205935,5.6502422867052733
3.48035030985,5.6461229677554989
2.47194851341,4.1261422191046542
3.02158940915,4.8399290812417943
2.7376819105,4.5266411341283739
2.7627834003,4.4561608056765571
2.74839420029,4.4675136637357564
3.20373049901,5.1071173630715974
3.08842112005,5.0145508541988439
3.71818367421,5.9286606255583045
2.69245413984,4.5145857162131779
2.41687650899,4.1103056497314219
3.58850094011,5.7038482244803221
2.5344299385,4.2544659030941014
2.80747042001,4.5548187287489768
2.76007607212,4.5221944517146309
2.88625729613,4.6889767822840858
3.29111846887,5.2385188533883635
3.53243689414,5.5818813601227202
3.03100088751,4.9447944729820552
3.44926534436,5.5370104093244166
2.58233869334,4.373951254428011
2.840736318,4.6497627104929595
3.7552840147,5.9244182625150987
3.25113137943,5.2388620683903335
2.95094692894,4.8418018653880015
2.7158025806,4.552608270212783
3.76991560275,5.8408829421851713
3.75932653751,5.9517713126811538
2.83051847496,4.6136402506104188
3.22153223695,5.1306525221384369
3.08220680561,5.058375877445453
3.46102593586,5.4904440970744464
2.60931828024,4.2900970839680568
2.72899388438,4.5572802213460664
3.79876273333,6.0973910111317728
2.85703238589,4.671863539888359
2.9045622021,4.7410858961128373
2.69139473781,4.4124758138129376
2.46403470099,4.1691420087714199
3.58769865438,5.7257052123974708
2.50469586561,4.1969029644327565
3.05053665744,4.9237135476835086
2.37069042143,3.9786952885277933
2.88407618065,4.6829402377055871
2.56289248997,4.212448501618633
3.35975315921,5.3490546153752581
2.60058045634,4.3685098506218676
3.00305390292,4.8478433897214073
3.02843151316,4.8376166688030251
2.74435849725,4.4959707621336813
3.74244190445,5.9837274904319635
3.14814591049,5.0885795646071239
3.40650805891,5.4038765279926251
3.02638757401,4.9454963149931892
3.37076800111,5.4225842686152523
3.4321042418,5.4223318776073173
2.65166575328,4.3482328415387075
2.42816259668,4.0819047578911976
3.12490431631,5.0501210448081277
2.53242655486,4.2167196024785012
3.78534770823,5.9480609083025708
3.3469328221,5.3232851840132129
3.37842535811,5.4309493434082921
2.842360301,4.691850012684653
2.63668302146,4.4146274487510357
3.51083054886,5.5915407195245308
3.70305370168,5.8750236031527434
2.73046280783,4.5026421590310424
2.41718263007,4.0416368178274542
3.3841472934,5.4225961893043522
3.08152731152,4.9033805636256051
3.76153294941,5.9285299730672714
2.40480289272,4.0244788951033419
3.20605133563,5.1742352126344384
3.03032693544,4.9171338864721656
3.73253097803,5.8347355164589754
2.92481166897,4.6723106536136587
2.54324202774,4.2735550130948088
3.21383279389,5.0799554405877254
3.80130476448,5.962694560551304
3.07543800452,4.9228662944894062
3.47056597171,5.551122905752699
2.76933741163,4.4546417238626006
3.56136278077,5.7303982370558915
3.56898337188,5.6848267908618695
2.55259926422,4.2501193820958791
2.87083644752,4.667753559324554
2.52157808185,4.2101577199439912
3.19887754268,5.09017920842635
2.75564162038,4.5659009106639035
2.67322277813,4.3942485813648133
3.2950945627,5.1940391578229397
2.64742894167,4.4061570107031933
2.68421944506,4.447297683945294
2.83355754883,4.6256042754686222
2.73798680475,4.5920568545328724
2.88282413084,4.6462614783785385
2.42042556624,4.1054631784798712
3.4818730818,5.6554194875800023
2.49363743391,4.1486683137233786
2.97691465801,4.7606205864498428
3.43341270401,5.4812902728549817
2.63817971439,4.3519386535174478
3.03879493672,4.8981881389235706
2.41332433205,4.1199445272764725
3.764202201,5.9196374156927618
3.14106472635,5.0011546070614887
2.97833666683,4.8916720777049827
3.47436569382,5.6153155443956955
2.75279727211,4.5864887726396075
2.89611647708,4.6692753425745206
2.41973448053,4.0456666479644321
3.55906962971,5.7118012124254856
3.23303372339,5.1356657121177376
2.75948966651,4.5823423336945517
2.48149321033,4.1295682847345008
3.56468528839,5.6983993337800278
3.65610982454,5.8100839859109774
3.6833208282,5.8036475436895305
2.87297152375,4.6895327539028662
3.377216337,5.527653664772366
2.43173155302,4.0879331228102904
2.85538258037,4.6854640688018128
2.59304677011,4.3714234543518939
2.81715985371,4.6265626863489215
2.42486454603,4.0802131876536176
2.93777879741,4.8318345465712378
3.68174888436,5.8286881476365311
2.86115805672,4.7557733893882883
3.14300263717,5.0111078087677621
2.82449284381,4.683630384279966
3.38901748808,5.326976178252389
3.42878525101,5.4554519837256663
2.98052487764,4.8279925106198291
2.83921139294,4.6279444357680619
3.73307714669,5.9955533178083966
3.46741375324,5.5159896337726124
2.41560505565,4.0127477541968215
3.19420663768,5.0494209797747063
3.44062670458,5.4854840794671782
3.72396838251,5.8449293174956649
2.91895639824,4.7932878805000385
2.52941150211,4.2796404680724009
2.73762236518,4.5595006596876306
2.88845548433,4.775246062132017
3.77812530718,5.9293106205115098
2.62549053664,4.2829068206500809
3.32307502465,5.3637419474434029
3.50283175182,5.5189020629031749
2.70519735298,4.4450345984614197
3.61168248869,5.7348459475813529
2.4238116737,4.1251472053962877
2.89655980669,4.7059805114047055
3.03335259455,4.9191549020343865
2.57871718827,4.2713006078874232
3.61795435598,5.8237284178579953
3.67655584775,5.8150125401192501
2.87959258722,4.8150151803703034
3.37907036706,5.4440627189832655
2.55130796034,4.2498592673601046
3.76251647221,6.0055597127648248
2.47594334712,4.1559576650171897
2.51216062885,4.2093079625806533
2.97296815038,4.7787200701802677
2.99412246265,4.8124814653003885
3.72858470863,5.8571427864961141
2.88084862393,4.6885551127438365
3.43609952476,5.5300490009808261
2.3812117949,4.0101868390312214
2.43872095253,4.0457398402029572
2.45925526423,4.155106571293901
2.58083146252,4.3211493592390822
3.32584903554,5.4461505131832926
3.36151120894,5.4359426006742479
3.69909262812,5.7605727468848356
3.3410840412,5.3154736220440482
3.20765131388,5.1795953630369489
3.50455396613,5.5986387738582106
3.07205756079,4.9558565202917864
3.18069841053,5.1266988961724316
2.72651469164,4.4680031157956526
3.70011215213,5.8301464774032326
3.22067655751,5.2186233916637201
3.29452221808,5.2546165244537848
2.75531134383,4.5171248188187558
3.05506188693,4.9835411502969578
3.72026491817,5.948313862094837
3.37308213075,5.3852554952271596
2.91280697232,4.8098206692747443
2.53549649392,4.1773538408340789
3.56796340955,5.6838948055105813
3.05193447104,5.0377729833217595
2.6473134487,4.3623026583658016
3.13883384056,5.0852423377801657
3.29274811935,5.3185873913354609
3.32539841625,5.3540512731776646
3.36928239035,5.3813311582377761
3.75643467022,5.8935660789432731
2.47096917724,4.0942438254193787
2.73611470604,4.5266973177281082
3.43992599217,5.4599160978096757
2.48957746248,4.1725815197614251
2.8555417158,4.7294015400590457
3.26567758028,5.2471917383449647
3.07581266689,5.0109169996998189
3.65200914911,5.7816603602921344
3.63584930923,5.7151651450287302
3.41790525326,5.45109351665735
2.68151289841,4.3796973918297866
3.28021192324,5.3099612181728739
3.74587053464,6.0921822756286312
3.41687739555,5.5247347262013236
3.35974802921,5.3032373125628602
3.42320051148,5.5117501466700904
2.63204915655,4.386454147413887
2.39599257632,4.1002106630566919
3.00082269867,4.9142956830221269
2.7540741186,4.6242669865433657
2.72444052089,4.5154682874850636
3.40007560784,5.4494660463315094
2.37449872716,4.0013817441963981
2.78856240433,4.6094499888948564
3.29544233324,5.2970042741132213
3.3119235019,5.3062629777079353
3.38689012403,5.3507445755365612
2.54590345055,4.2055582377612772
2.95680491836,4.8495403434616016
2.78503541766,4.5062573726066608
3.23460659712,5.2079402283405116
3.26047970538,5.1902467306779254
2.4499559978,4.0800139604215868
3.08946499763,4.9758654128328592
3.11096551482,5.0170430326751942
2.5982916094,4.3282224179615296
3.47472545574,5.5042861053964094
3.11232158681,4.9518634807867752
3.0578057648,4.9404506243694524
3.43145144188,5.539122365054082
3.80067389223,5.9574822650876396
3.38342476551,5.2589364104312279
3.48287590984,5.5542699111413532
2.79586134053,4.5671491685746446
2.64169257492,4.3642676207830942
3.41327831575,5.4483318264828009
3.4274094199,5.4866416838354546
2.89869117961,4.6714098488200406
2.90959938105,4.7318740268665094
3.01935537975,4.8992261303439184
3.09670313837,5.0894480529882244
3.73352270155,5.7539940751290972
2.97005046621,4.8459249130088518
3.80093666106,5.9141111302005713
3.11325561424,5.081784662266509
3.0642676324,4.9205730112386057
2.93462672659,4.7987652395673921
3.37196699364,5.4474440050681858
3.47919945343,5.5230883902341192
3.1413513874,5.0500374705580571
3.62615525476,5.8271453262338238
2.71121051308,4.4435542743648755
2.43634554857,4.0970369942389215
2.8396240669,4.6278091643044172
2.46054382159,4.1294491914152083
3.62100553719,5.7954847874968891
2.47760036865,4.1927013865043596
2.69914588441,4.4419215679546085
3.23235702333,5.0820148782307752
2.42223219417,4.1159927587551488
2.79374668391,4.5867223697698627
3.60266463898,5.6930200445032959
3.54312215045,5.572950408992436
2.74036224582,4.5986520675113818
3.51112620103,5.4454146736304523
2.52959011331,4.3050014817476212
2.71013750964,4.38467538632489
2.86352805722,4.6377006023646183
2.81430928919,4.6237484047574915
3.1489480084,5.0743097351317434
2.95778494524,4.852310951987536
3.3311544586,5.2863909336323704
3.70021294687,5.8279651356389399
2.64948970991,4.3457378299954117
2.6697485484,4.3941364287008406
3.76793178561,5.8856142654078782
2.53071325647,4.1788257632680379
3.16370284067,5.0395268189175439
3.31170805672,5.3517217598390365
2.67397781333,4.4803420797010682
3.49911358975,5.5452001731196567
3.56449245056,5.6124224789548016
2.40490250084,4.0787768139491689
3.45796319249,5.5012876998665226
3.45937661266,5.5475474628845456
2.87004397424,4.668490621661805
2.93824159959,4.7852914429701929
2.75524418147,4.4839715225916024
3.10885739344,5.0859462122531323
2.57650985548,4.2334113424049704
3.67346411151,5.7411647219739192
2.58184237133,4.3853421033011823
2.48291961504,4.1507309490733455
3.483644719,5.5469274621612854
3.01106485393,4.8532578390959547
2.64079255799,4.4229366181167409
3.43341383149,5.55353998772335
3.45318221499,5.5617341302381815
3.53553801087,5.6006377988691485
2.4154596688,4.0432454934575839
2.6633812608,4.2845653386194957
3.29802001708,5.2506546877557936
2.60636478785,4.2824761089345857
2.84048832253,4.709750775539332
3.37895675598,5.2938265295972489
3.47574237176,5.54048968709973
3.15677032883,5.0602290120080866
2.88158962515,4.6976622065811826
2.87605932126,4.7642391496063885
3.6501747093,5.6956535438008515
3.37120143241,5.4313772119513697
3.09909727248,4.9449784664021061
3.15697519409,5.0459271807464887
2.71928851378,4.4714034603070809
3.63421460819,5.7283578742949377
2.5640186989,4.3397774565514453
2.68957077444,4.4028844115092056
2.87753162923,4.7012076158579932
3.53754686088,5.7273200424863235
2.3833961621,4.0274538736224317
2.42267116574,4.111389965973558
2.68360446162,4.4530446138037112
3.71081849948,5.8891369742391166
3.43782521041,5.5315828528829334
2.44455036838,4.0789360109844095
3.15879840939,5.0597681379169508
3.49093113858,5.5385818563168669
3.06303008739,4.998444709924053
2.96410866445,4.8049892533746981
3.50004998486,5.5451368520610833
3.40660086133,5.4099721400708294
3.33957665089,5.2191579323268735
2.58288148409,4.2715225020433447
3.46710516873,5.4920773895527359
2.80839635237,4.6545907551309469
2.69117135276,4.4216164871994366
3.28528304386,5.2526173968006251
3.26787926457,5.1484400518888531
2.77134389272,4.4873307524746577
2.68726392236,4.4384827942544494
2.51983660452,4.1838718175427001
2.45760359372,4.1276214495507748
3.72834185688,5.9238047091557604
2.6853349082,4.4621645710612077
3.49657256668,5.5451491829877853
2.99851289336,4.8936797891580293
3.4867930307,5.5554137876753842
2.54432065569,4.2359679804948058
3.52829253722,5.5784466256298888
2.99265194895,4.8838982964023447
2.49108000567,4.1091908033231164
2.39960694929,4.0700169599163711
2.97558504512,4.8797494071478562
2.36534546351,3.9911681185197656
3.76250378138,5.9974021609259847
2.59334594355,4.3206814462320002
2.69039622584,4.4623457941410081
3.60001308896,5.6624828344142406
2.59271609255,4.2495995394696537
3.41294832424,5.4282053896633062
2.85759984468,4.7469555472407174
2.77482352266,4.6028118330081638
3.4169170012,5.4934590546539184
3.40892097996,5.4293090143490996
2.37768889094,4.0028548134192503
2.75082586908,4.5141325614079877
2.66359539492,4.3798055554780033
2.59562887678,4.3539999834656626
3.43138369869,5.414883328751678
2.37198799707,3.9935244449334424
3.29018511558,5.1902521183291688
2.48552349057,4.2230510176434644
3.48784820279,5.5991520011356233
2.69789902704,4.3993402088621574
3.62258371844,5.6965558298146837
2.65736504084,4.3594038671129942
3.0524430687,5.0213001321970356
2.59810704582,4.3357245126577508
3.08126527481,4.9982883027123401
2.99489479947,4.9446987921862151
3.7624696365,5.9341237708542689
2.46515015803,4.067437047401758
3.24369695207,5.2693200509576021
3.42461672573,5.4063525127051308
3.16271791363,5.0358629780829887
3.78876088983,6.0479731140925006
2.60599084084,4.3109689951210806
2.40473825924,3.9915827824725221
3.26068907206,5.1986248016192853
3.48188603702,5.5667481492735176
2.8567313404,4.6643559041943163
2.71013680508,4.4649045544093786
2.64756201013,4.3436550880312641
3.4146738574,5.368149448515311
2.84126836782,4.6643287598377858
3.75891102343,5.8762070573132394
2.62831445023,4.3438462397760507
3.19450665429,5.0580789000898116
2.77726867371,4.5626573553624796
2.65103044525,4.4448992949428128
2.47260493118,4.1298536012819476
2.52085401852,4.2874900450282727
3.23431849048,5.2378879024158431
3.29793834346,5.3183665496998076
2.87008071502,4.6742043221740701
3.18251125623,5.0950684380085818
3.80274931606,6.059630204960067
2.84275663395,4.6924224286879817
3.54094745814,5.6557530444392317
2.92006645398,4.7855826488184494
3.4613853397,5.4582999113087753
3.00428640995,4.8328097133891132
2.99834462948,4.971182892394947
3.40115064123,5.4681721230668474
3.23522100764,5.2216583257690656
3.36923121611,5.3910356099341392
3.4606051557,5.4996677546686232
2.6251719823,4.3979847809469286
2.96373317443,4.8171326588956882
3.71951793469,5.9011003959897019
3.73701850799,5.9113777989134944
3.53003820633,5.6379145189298727
2.53360925867,4.1980124914974049
2.72086218089,4.4769070430708799
3.16128845734,5.0230387088429653
3.29356156997,5.3677735894215646
3.66962885313,5.8312401426014784
2.58412863649,4.2850964074184867
2.76352529746,4.5450851898534488
2.67319706032,4.4119349295432135
2.87511836141,4.6128920797390309
3.00698220784,4.8252278269100239
3.71043201029,5.891225790415592
2.88534419843,4.6615233333616501
3.20957382128,5.2041257981105744
3.21067513375,5.1705472529670455
2.41349273656,4.1368175489433092
2.67976083977,4.4890446382696831
2.46127812702,4.1201731358889644
3.48742695896,5.4829752887300005
2.7993541208,4.5951624153132116
2.68772445033,4.4567503316057948
2.7558716201,4.5790161567263032
2.44440205877,4.0938287929679662
3.17826739735,5.1259863572487623
2.46011665916,4.1187509221919818
2.71913309724,4.5062674022414289
3.06267146414,5.0892912627020026
3.72106533657,5.9110111730776227
3.01473686198,4.9114603807342823
3.28260173482,5.2608815790865728
3.22143374732,5.1282548323918817
3.1573516085,5.1058408218223281
3.55609402363,5.6703076045582268
2.90393962196,4.7329370423898975
3.08052696822,5.0472950209116085
3.20192363038,5.2235405044695034
3.21774798459,5.1890913292172645
3.56379446129,5.6445759034424237
2.73943488446,4.50864511496055
3.61368640039,5.8209091379145637
2.37462470641,3.9234084316150541
3.67587961053,5.8232716805215654
3.61489749653,5.7518418462814909
3.16565811615,5.0651073519216228
2.5111652147,4.1707446349996395
2.61032810797,4.3072089006118288
3.31604663754,5.2533646933397113
2.4676376162,4.1368225024433203
3.30028206467,5.2993642182937331
2.66552014648,4.3879073407241087
3.63315216557,5.7627901596784419
3.33569581436,5.3680711692568979
3.13287440423,4.9671371267623412
3.64813385053,5.7797518004868929
3.34590102731,5.2597203190751163
2.70659133161,4.4085179200638391
3.25776221349,5.3067193004028086
2.74892347414,4.5716391127163467
3.57928968452,5.6054727926898797
3.75493096914,5.9584983064113048
3.43847898399,5.4315057651060794
2.68291001975,4.3932609280941612
2.72310628791,4.4836123754810648
3.17705217699,5.0659158652014371
3.74272902228,6.0099568520146196
2.96344015724,4.7363947650127907
2.76855246058,4.6807990149887795
3.69694485936,5.8725515951897229
3.13655746488,5.1150796054858461
2.43749814076,4.0569008065920515
2.76273806916,4.522656298004053
3.47385243111,5.4652154126125376
2.48394967589,4.0556045760003512
3.37449285364,5.3663971607483001
3.64462067727,5.7600174344969188
2.48545379971,4.1851110307957784
2.87562952289,4.7203259799052564
2.77847112337,4.6263559145597606
3.048242464,4.9244959096038281
3.05184361563,4.9536023619163529
3.51554310238,5.5826076524426602
3.76342707206,6.0064150323469017
2.6103835608,4.2805760457409345
2.41552012496,4.0575360956185618
2.66064784908,4.4495844168814909
2.46339147155,4.1210162013071239
3.3079434137,5.2854853345342168
3.59933178504,5.6207048273178364
3.28226921123,5.2493883245205497
3.44196250931,5.4299620995332125
2.65895121143,4.3625823766002032
2.59636187972,4.3777719227222489
3.38335587867,5.3375806745111829
3.73515709236,5.8613363378863141
3.4153203861,5.5083884365350482
2.3703349525,3.951730063210722
3.58106914902,5.6789305316739407
3.52111058977,5.5502481697273227
3.70760620061,5.8910076442169963
3.43151093447,5.5488118761761456
3.18092720697,5.1813563424018039
2.40698668906,4.0480021485864794
2.74057148607,4.5616312593429722
2.91470352468,4.7991907442777562
3.44690827585,5.4295556592551346
3.29899398149,5.2083113453978456
2.43140587132,4.0805074929767287
3.45576249797,5.5542842366852634
3.7209850841,5.8551633802279532
3.62738995938,5.7718502074092548
2.67457957788,4.4299749335072693
3.2553986119,5.3071313780194167
2.73089005411,4.4070893336254784
3.59565901839,5.732217363320343
2.7190370715,4.5313604059119612
3.75398614706,5.9541925216148757
3.34569718022,5.3292894239886746
3.46411463851,5.5296655661406007
2.56564401707,4.2710165113917391
2.94426643009,4.8187631820708079
3.29670271729,5.1899423970540663
3.08002788873,4.971890069999902
2.61675812159,4.4017924194336171
2.7500018348,4.5766633127196412
2.58883244011,4.3941193118124531
3.09236445624,5.038149527602152
2.89868309469,4.7822901790983368
2.7827549331,4.6520968813099035
2.40305051572,4.0680066072107977
2.74897011078,4.5245547952723184
3.6357394203,5.8668594767983269
3.71360429044,5.8598003907401006
3.45392445895,5.4616290356847061
3.70297102128,5.9058223169931487
2.50871963754,4.1463198811637527
2.52259493763,4.2136841763528885
2.92085730224,4.7696824653161762
3.11242649385,5.0644700462155612
3.27575760779,5.1939972668879291
3.5989894645,5.7545644058470993
3.70827623244,5.8992322182877519
2.74728230152,4.458013033341544
2.51278724262,4.1468268913605302
2.66512181582,4.3461381347138657
3.49627582827,5.5487011656168139
3.23272206883,5.1799668533792751
3.36871561404,5.4731529605926843
3.14524907115,5.0438684190474712
2.94352220011,4.8408360434705218
3.58603173149,5.7016289908729467
3.35130690589,5.405986688399345
3.00815047912,4.9141321778082858
3.31877552755,5.2436247045003306
2.87923108646,4.7155256639549084
3.27860400184,5.2775860964564476
2.73653397893,4.4844504722602911
2.98000955441,4.8672072132157291
3.3802999032,5.4333767174685672
2.75198838305,4.5476742478420489
2.97306035529,4.8531075689403398
3.53839642256,5.563067081987402
3.19436506295,5.0981777416448155
2.37085597999,4.0223994441751252
3.64645287671,5.8199107707763522
3.47402374482,5.5262826513479553
3.66463411435,5.7917027350818939
3.34888720928,5.3592289575209113
3.61510832358,5.8014674359846961
3.00540198401,4.855311271054827
2.5794955271,4.2502818610291575
3.0394948501,4.9436363580967733
3.53897738876,5.630294984736369
3.64291423695,5.8239833688912723
3.17684296685,5.1660833112090936
2.91359952908,4.6965208955798863
3.60400662607,5.5744387940038198
3.48930229835,5.6520543849173777
2.46226841214,4.0821399233682989
3.61899302942,5.769656136691669
3.09792158376,5.0123527459059956
2.89167239623,4.7601020781533219
3.39844525032,5.4364036572615833
3.57673999719,5.7082051659036699
2.45344083834,4.0804370327150359
3.23485310786,5.2119998193704014
3.11345155163,4.9654769200990847
2.38668257298,4.0868390555762835
2.49624681823,4.2430425510612038
3.52075764652,5.6641415676507165
2.37280924358,4.0130086275064354
3.66095008341,5.8429898254051054
3.12000049343,4.9351994660284761
3.16204036742,5.0292366441109166
3.52740303395,5.5864035393365796
2.48173119659,4.1768421602838552
3.1809735674,5.0950791340721482
3.25146803355,5.2336785230321308
3.11944968721,5.0230943826380994
2.88808014303,4.7011716203059937
3.29572340329,5.1969688812178205
2.50783135933,4.1826700812591264
2.87188038016,4.7239812802258747
2.3692999355,4.053085856689604
2.62083934069,4.3875344277771449
2.57576439718,4.2824319105425426
2.77295596642,4.4944360540635939
3.26837894398,5.3641551380302221
3.5660766661,5.6917661138820312
2.72353330082,4.4942119078469966
2.5846969163,4.3311638295943409
2.39462371903,4.0503746527247442
3.48012521201,5.5630771782203556
2.81367242189,4.7528051197843793
3.16266571027,5.0411428914036431
2.68883781818,4.4412182032853131
3.57074775063,5.66447801081316
2.90213064999,4.8293061600370102
3.40766255746,5.459291261938902
2.95609721878,4.8512181292315635
3.77058801376,5.9870994302741822
3.63023650433,5.6409703002262015
2.67191145225,4.4552318139480134
3.45833007128,5.459969897067058
2.64621089927,4.3714045361623306
2.94590374205,4.7153785793821026
2.99502880316,4.8904549994553426
2.91857536866,4.7377962856646398
2.96803713932,4.7463250023016217
3.08080821163,4.9027306273517519
2.88505963978,4.7159387318628143
3.69100378732,5.7717249059700899
3.79144410472,5.914396374915059
2.5389245438,4.2930495912677351
3.66439232558,5.9800621261951079
2.53748524416,4.183415913339366
3.7687332117,5.9667269592722647
2.70855224013,4.5508335340702244
3.51175938852,5.5761343449560465
3.04447590782,4.9797785253445879
3.43425606838,5.4843757003102436
2.72420647019,4.499607596424779
3.76995902649,5.9601426817867162
3.58074308094,5.5723293499688404
3.36525355629,5.3227263223578323
3.00513673058,4.9481953731458175
2.60685429815,4.2917963988603622
3.34553024614,5.4335913635093727
3.78420199331,6.0061675571250674
3.76907454373,6.0111468669014103
2.99365823675,4.8693493093698255
2.69099166815,4.4293104382747135
2.88734786664,4.7283206314519131
3.19812806702,5.1787968747871123
2.44892012472,4.094203904133801
3.45873776683,5.503088674462103
3.00856236434,4.9441670463809277
3.18416713017,5.1063035524291625
3.37147424577,5.4296645505762937
2.90807761007,4.8004922563660974
3.29951165916,5.3208114753455096
3.44276041607,5.4752692123006952
2.77263832165,4.5566549206820746
2.78535445748,4.5011379822328683
2.76475683447,4.5052639679279647
2.51432763223,4.2935862585462523
3.79201945377,6.0401968118742442
3.25519306545,5.1674626719169359
3.61549071551,5.7921077642859808
2.37249740722,4.0059280463705838
3.31708175844,5.2677997679642798
3.50085040342,5.5026822890976694
2.61913985861,4.2629754346440949
3.66075793401,5.7612607199506822
3.11929262676,5.1573946508868858
3.55725967465,5.5890689782702641
2.51893959723,4.295560954781803
3.31810991326,5.3865805053487694
2.75671974798,4.4896690070881089
3.4833331112,5.5715828801531249
3.66782710542,5.805889648279579
3.53790025064,5.6322431606718437
3.38016346686,5.427396331608791
3.19108064845,5.1819764843407334
3.08579822263,5.036641070681843
2.74629449898,4.512674784918473
2.76109189662,4.4972298982090217
3.46881255892,5.5131415463839879
2.88995436848,4.7329215856214493
2.85887212027,4.7888449347996316
2.96121880543,4.7661458249330346
3.01175367339,4.9429364598024792
3.67667034985,5.8544787876070714
3.26427716615,5.2838028581141003
2.59965568422,4.3032003453638605
3.60207050043,5.7157064372199926
3.56591582361,5.7115612535350735
2.7866930312,4.5765452519203382
2.56325123862,4.308109143185491
3.78047239679,6.0285842949571196
3.44331590389,5.4150549628468676
3.25948913254,5.2298557808753703
2.81367845853,4.596906029561965
2.65569595511,4.3463849114648614
2.69585353815,4.494539546987312
3.57482349466,5.5532433576379248
3.76202469388,5.9566575791889029
3.15212471086,5.0877433031220836
2.78637438216,4.5668477906936484
3.75362075779,5.9738860895538366
3.31450683273,5.2907530658081994
3.41966427631,5.4883174736122449
3.0704186136,5.0370901183764962
3.6492490394,5.7503260986003069
2.61918987803,4.3344647298147896
2.50367116751,4.2278458799470906
3.12148067325,5.0737044989732167
3.0616405655,4.9812493609388939
3.53806444381,5.7580815432078953
3.11499389549,4.9932996662753748
3.18112640019,5.0699636128384009
2.86069540463,4.6398482695935828
3.72992410415,5.8947272529317729
3.36465403648,5.3768490572382905
2.47595166977,4.1417883946401624
3.52359823914,5.6744066179150625
3.35440078648,5.381941518369711
3.78474161568,5.9645586186741877
2.99562914464,4.8660961602140818
3.71740099326,5.7879443319627617
2.99618565961,4.8810104110483383
2.49031224778,4.1795203467837503
3.77117419772,5.9492442862110799
2.91796533188,4.7583660704282069
2.93610369191,4.7255903882438375
3.78549848894,5.9263363878308004
2.89954289206,4.6976937820535527
3.13375905613,5.1414412877272841
2.86648899666,4.6439766498105683
3.45411092809,5.4385682697888402
3.26460082806,5.2520748721673716
2.96947490574,4.8633382773862053
2.54410615086,4.2534165709711438
3.41424218827,5.3910749453479614
3.39384478346,5.4312374514237556
3.69327135624,5.8379776520025457
3.72370452254,5.8667795153179849
2.82614191499,4.5769223748079968
2.59765753628,4.2175890365499367
2.44571354808,4.0737618702032323
3.11406132542,5.0799497471590609
2.65405928702,4.4022650957488008
2.97314777386,4.7685788369412903
2.74690133815,4.5333847002926042
2.46216971411,3.9994716339207907
2.59607075183,4.3250678252997057
3.53599905063,5.6078649728579881
3.53630483707,5.5923677709720439
3.43625814913,5.3690195273589261
3.42227129414,5.3815815678178831
2.98282433958,4.8438832186961625
2.5511655761,4.2772804420259849
3.45545838922,5.5002590644987421
3.50764818298,5.5980453934226402
2.90984033635,4.7776118578439251
3.71882011894,5.9864254810545967
3.2966442123,5.299984324306438
3.00969771084,4.8403871349168242
3.6794651401,5.7552644361230145
3.33029715117,5.3706573827314497
3.12450236935,4.984960030636949
3.49016303726,5.5633511414956427
2.51944025071,4.2434273601331025
2.46625291734,4.1537788745048569
3.46157556704,5.5295574606787072
3.55999042875,5.5919251090802167
2.47944795053,4.1505614637515036
2.36848627683,4.0425614254789002
2.69978403156,4.4325395992773462
2.45195395595,4.1252326101101158
2.57410954212,4.3509374674023817
2.46634474669,4.0928269258827106
2.71292798039,4.398140144026927
3.33188251357,5.3307021463235573
3.38659588284,5.3332961809277535
2.97246164601,4.778189069778251
3.56118222113,5.6560645635836773
2.75737592032,4.5472393488056566
2.81513288406,4.5489529232359223
3.70246328209,5.8598191608022816
2.66392930769,4.4286999399649298
3.14911734389,4.9369990631941327
2.80053300895,4.6363078737603916
2.55211988284,4.3186030820962369
2.9197545149,4.7541407853881452
2.81533125571,4.6240613758676217
3.62777568733,5.7875677237795484
2.58898313661,4.3025028462066039
3.04258603271,4.9585889672519885
2.66142315574,4.361327463265674
2.60587671283,4.3856829155179717
3.79515083469,5.9081396449910546
3.20550621368,5.1800415761826555
2.86374870109,4.7244796328645799
3.07203474091,4.920772989585358
2.55160539182,4.2285383498487192
3.49151033971,5.535824429173668
3.14220252286,5.1001131872505949
2.86210192923,4.7310115137360276
2.72046841425,4.4467557588993536
3.71674811251,5.8984585727596839
3.68380796652,5.8064432120104712
3.12678364495,4.9754728669725452
2.73260283356,4.4935904538908069
2.9962408004,4.9352093645174513
2.50009293102,4.1186816070603554
3.4216799652,5.4462043383493777
2.43591616401,4.0465326848856638
3.58085401979,5.7698806955114907
3.25582226564,5.2514915908522877
3.39653175108,5.4100362889686204
2.53564394339,4.2539424657866656
2.89905924477,4.7236272067104768
2.50141874316,4.1491183877962348
2.80231382729,4.6713740710308729
3.21682514944,5.1900737183895123
3.07464989604,5.0158629499880227
2.88602734109,4.6709950664108622
2.56996525266,4.2979601288748137
3.23615028895,5.1199264954200379
3.16670220477,5.150169141954728
2.94462873193,4.8370632644475151
3.13723190129,4.9972898563479724
3.75881603797,6.0075012148850355
3.43007993824,5.5319242662682093
3.18155870924,5.06765425683259
3.38117662953,5.4067564247926612
3.11184876422,4.9683966416680647
2.95108975287,4.7945784306769132
2.65834995576,4.4292711461942593
2.47285498845,4.1635939412085268
3.54634162403,5.5304019522952137
3.75296387096,5.9282067086768233
3.25812607122,5.2046500001180132
3.74684997018,5.9933225062570061
2.50411889945,4.1967831171292946
2.99447209674,4.9253854205561831
3.41059263054,5.5162274007505214
3.50794946602,5.5189223233492788
2.94093646884,4.7361924386966443
3.10230066137,4.9905949763367667
3.13504306028,5.0396697562878288
2.90911788092,4.6847087223490487
3.35095024023,5.4259826329060736
3.19343283735,5.0741955732292841
3.53524686259,5.5971816124884679
3.33981124198,5.3428381513049397
2.71760512208,4.5694798626258208
3.12952344478,4.9778791871148762
2.40346931303,3.9924306150045528
2.50382998618,4.2084808500854196
2.58214847045,4.293090983822152
3.72555306924,5.9037315048906294
3.50391486566,5.5752753682907983
2.63215652083,4.3743392428326136
3.33090380346,5.249267340014188
3.49190262628,5.428184703303037
3.37785459337,5.3956341946039119
2.76521037324,4.4718009895948674
3.04338242113,4.9716766941514496
2.92039492203,4.7422096911806042
2.94681233549,4.8126322442620149
2.7262953074,4.4330477726449073
2.45115988756,4.0922769336231193
2.74469122358,4.5656160854649439
3.42937819938,5.442251560499507
2.69597047945,4.4686369924102847
2.81834980647,4.6521204874220059
3.70260135785,6.02050473883574
3.16126944092,5.0254587376885889
2.85215407734,4.6204624532471748
3.33741709323,5.3214341656755222
2.99749390379,4.8275349766584528
2.63934205224,4.3673918290707308
3.60433389193,5.7693257616287985
3.18938275926,5.0245745432705462
2.87194147903,4.8417102986652676
3.69742386942,5.823043017792668
3.49565321456,5.5322455302345652
3.41526074556,5.4146320282977003
3.12961352326,5.1186486108316558
2.92672209246,4.7307900175561537
3.75960116589,5.9035378137126457
2.99756292038,4.802765509695055
3.25871091528,5.2656180664796066
3.73749187955,5.9105223817318482
2.88917210965,4.7270377629733034
2.70773801254,4.4698242094843863
2.74471889556,4.5785055520646374
3.24637438533,5.3244926129311976
2.80621569503,4.580941842973834
3.45748954445,5.5302304328123828
3.10023075404,4.9678271604872677
2.51446739584,4.2094469024413286
3.3753356517,5.4501024741638195
2.99506227396,4.8358526307738368
2.98066890674,4.8853090550718887
2.70920119862,4.3724927688796571
3.73163701605,5.9220221179966712
2.67081263833,4.3913429928787568
2.4793271849,4.1875939722632056
2.6964596818,4.4849461695394268
2.39875058665,4.0990894947215164
3.78456501304,5.9983004777363087
3.60693019853,5.6924700316044365
3.75264834778,5.967258624249089
3.57652816586,5.7115891746655585
2.45601782383,4.0845141845952027
3.70198975527,5.9340998369013915
3.68665465107,5.7985755669503112
3.51238580179,5.7092216454495963
3.34264830021,5.3934475751841759
2.78346012313,4.4905821633202168
2.99433561612,4.8645052595271183
2.59786972416,4.3277337976419936
3.05778016245,5.0279545262639154
2.87439948418,4.7289271206457064
3.0903185904,4.946864441897505
2.45680528048,4.1078969943952295
3.30622346222,5.2980493879873887
3.61612426036,5.7133535591605185
2.68720484543,4.4157014654503755
2.49078981834,4.1462288194412551
2.86752797815,4.6761041959006509
3.16443269581,5.1687764048686624
3.19872015952,5.0243953472494525
3.59982545921,5.7815731861702853
2.83718382482,4.6026312386741131
2.66248554056,4.4010284372290922
2.58375865986,4.2577185436603004
2.82013079253,4.565361490354821
3.31904598445,5.3121935685537451
3.11276265,5.0524007250955227
3.23475796582,5.2223144412699902
3.24177665742,5.1044171626392059
3.54384013134,5.6666973078685636
2.75329859878,4.5185326379745483
3.57994866218,5.6751282852105733
2.51617021079,4.1968947588908829
2.99929213413,4.8408397043216445
3.63634231599,5.8241040579991514
2.84151572494,4.6912607761509166
3.11548218297,4.9949082192579146
3.23033310325,5.1695632418779516
2.96511111682,4.7737731052510401
3.03038285857,4.9173299440412386
2.82339583087,4.5592748875501723
2.41856049187,4.1002196924886052
3.31629814824,5.2958703264995233
2.79119335547,4.5630593034639917
2.56606578946,4.2939544322521916
3.76730854363,5.9660355652226498
3.33669171876,5.2906540612743758
2.81291808595,4.5696702707566708
3.14941983843,5.0652135015922308
3.68361943716,5.8055206617466979
2.65687271373,4.386266084467791
2.45922645435,4.0958658306977167
3.15070425413,5.1402741767161118
3.72711298051,6.0250062044529376
3.34939494912,5.3610556058920249
2.9702618827,4.8101186153714481
3.76170115311,5.9511558071194264
2.78291579085,4.5956075973810604
3.2965767233,5.3236081537603122
3.31579304705,5.3606023539769474
3.62703197831,5.7184538706936809
2.48614774946,4.157363659288972
2.81129643444,4.6682061180395991
2.52862140118,4.2157216952754686
3.27763546719,5.2808780123168457
2.44408834324,4.1253535083617479
3.32138089414,5.2622986732080221
3.15463391617,5.1259798247044976
3.41212994652,5.3742741072592235
2.6934679562,4.4997524733751142
3.41203256621,5.3012281069835954
2.52529980963,4.2544059248921045
3.32209160425,5.3742380111999601
3.69014842417,5.888472393386639
3.52502769794,5.5913581155203937
3.35667811483,5.3801509037466744
3.33493792291,5.3308325259554019
2.86285397477,4.6997888854209773
3.07803521969,5.0336597098923521
2.90241917785,4.6752486657955803
2.50539712525,4.1701694579331692
3.74249537555,5.9786217899019922
3.33057560895,5.3175658565385007
3.72604601432,5.8803738491280484
2.55747692875,4.271034249916581
3.22554600903,5.099373502380729
2.6831660442,4.4338852600642173
3.50543645983,5.6325003174812354
2.8134657328,4.6154551217664732
2.81306311655,4.6728561308715024
3.58972581659,5.7476757669036527
2.80111250892,4.5809315822395238
3.19570940333,5.1178439727158285
3.53676784034,5.6980809565895125
3.40948967935,5.3605441003229517
3.49494238586,5.5175265912843861
2.76459860735,4.6104397464339808
3.06249638819,4.9462116037945236
3.40090273103,5.4213087201788523
2.59114492156,4.3645379378302067
3.43802811964,5.4943212643647641
2.45933987397,4.1611771916087887
3.36053136571,5.3924748046220241
3.64587430846,5.7608656343686109
3.4633789341,5.6052598150510047
3.20090026109,5.1968868434846387
3.52584352349,5.6954332246172843
3.10304595357,5.0795280767668887
2.80657382504,4.6186281880740987
3.60406432762,5.7620723509007474
3.08656322285,5.0411570718553849
2.44371011725,4.0761351282824716
3.57797313722,5.7055667324719019
3.66476148044,5.7533241184269786
3.09546903994,4.9613107881375402
2.52968306786,4.2481297679560921
2.69195440944,4.4463114074845542
2.59238676433,4.2986717589807197
3.52866124791,5.6611451170362832
3.17776590937,5.1155553580577067
3.74672853537,5.9561581667022798
2.48818586816,4.1374330365360201
3.26515406172,5.3075234640621609
2.53508303452,4.2411771215699376
3.24511019419,5.2447796470292163
3.11747780029,5.0123655061101315
2.82735800137,4.6469467194888523
2.79162447689,4.5779706191875835
3.24700765575,5.2080808215891121
3.32468287541,5.4366414783454875
3.16405573145,5.1632359215671908
2.61424752324,4.3635672329198814
3.12592353057,5.0186088299741192
3.19490744929,5.0990694195565336
3.18176119629,5.1356467642623418
2.44870749671,4.1096617011329917
2.69255255719,4.4752968814088598
3.37191094209,5.4133552025902816
3.05005927734,4.9086938318402877
2.42798774285,4.0419960267987012
3.77568857905,5.9776146385054005
2.78139553576,4.5402411085455769
3.01696609018,4.8858347310167254
2.39501471299,4.0852682377682585
3.78513081564,5.8746575840674238
2.50471029254,4.150461205332916
2.58558954009,4.2752155065361661
2.63404583044,4.2969900965348513
3.51305509742,5.5933498210315795
3.52612051151,5.7204367762562853
3.4899337021,5.5804992602694359
3.65882224204,5.8632415218937126
2.70424470157,4.4073120116912223
2.95753577506,4.8691965786649485
2.95537241943,4.8046592687791767
3.41606607422,5.4172700613549791
3.76879365181,5.9956722349232558
2.77726728581,4.5386099255425281
3.54581295854,5.5589538595066044
3.00665636867,4.8355103911698087
2.72331266415,4.4963473556097657
2.56589199135,4.2127873280740351
2.49538032038,4.2600112030348543
2.59426330352,4.3628919164019351
2.50380136413,4.193413182653738
3.33549842532,5.230159307056641
2.5203446903,4.2081742207841364
3.5153162058,5.6418599378078289
3.6611474147,5.8205875873625361
3.43054711613,5.5335999645896443
3.60239308474,5.6986503384412215
3.19154840388,5.2724976963114631
3.10387315372,4.9378100307454433
3.2046181884,5.1305219852651316
3.07282417204,4.9577604321090094
3.66331214091,5.8045467666425772
3.29084873095,5.2926343728766785
3.05287392972,4.9671649085105054
3.01438221128,4.9241089372795228
3.69653279392,5.9173431620790957
2.81705369574,4.6226799559573619
2.79794566549,4.520596386115554
3.08048373077,5.042654235103722
3.17499392261,5.0466126937894353
3.09317627957,4.9254435928669915
3.54613488236,5.6287038796632096
2.40047647821,4.0435039345545718
2.65775120115,4.3825844883396012
3.30673819985,5.25618460672806
3.26724233859,5.2203270900977978
2.51541037587,4.2567533688899655
2.62734298143,4.3749999812272602
3.35676367841,5.3980506200279006
3.29188173781,5.3189729450060055
2.63598755687,4.3821879417060874
3.05135395378,4.9320442987121718
3.38277003547,5.2990340224338972
2.53816629515,4.169271835068761
2.59764060877,4.3564604016449229
3.51087587192,5.5123519018189544
2.48704603888,4.0983109525069414
3.36749852286,5.3570228850613377
2.91523691157,4.7689992869099997
3.55042172181,5.6365475762688346
2.98784906152,4.9067379027719129
3.61969665402,5.7051376183992959
3.62072430609,5.7346229626073688
3.48646175084,5.4154136388275784
3.26430911794,5.2927254306245191
3.59396699738,5.6892532093478261
3.03927337704,4.890339559149445
3.29668215161,5.1960007435653877
3.26257459069,5.3326197113539662
2.98897185234,4.7782293116449361
2.87184028569,4.6878682198381831
3.21837693991,5.1921370455235252
3.48423708554,5.6199670925372303
3.13988252734,5.0489983235004283
2.57894191306,4.2372331225777939
3.58236147543,5.6588354859384857
2.74562820804,4.5043568095679944
3.16756273423,5.003112173858538
3.64335626957,5.8135471573984479
2.54146363868,4.2823992225144707
2.80853809992,4.5392579826596373
2.80959156635,4.6062520346329876
2.64520376351,4.4184975965929469
3.26966691201,5.2234655653531163
3.36496311204,5.3620437606641218
3.18189211235,5.0866522047597256
2.63994420786,4.3556113047415916
2.88922330761,4.7588057633060377
2.79788868891,4.5209067072809335
2.36932970587,3.9504828118878752
2.62151983059,4.3101351846874305
2.77170875612,4.5315290251717766
2.55445226397,4.212361554570534
2.46531195601,4.1036319264887036
2.86370823164,4.6482938596680308
3.52302361118,5.6641035105882604
3.23615569386,5.276227049699771
3.15050980424,5.0796136552137794
3.27318307891,5.2367128808833074
2.54097037587,4.2196684773201749
3.31914361866,5.3534423047523809
2.60261343677,4.2807931870600768
3.16103802747,5.1209021489402033
2.38976941948,4.0707765805331855
3.64451276806,5.762706687971626
2.61547816389,4.2986290424351781
3.75256032423,5.9595303196273699
3.3084032441,5.3127238385630919
2.36837806226,4.0307718142838391
2.80769189118,4.6703767286657794
3.24254511654,5.2246594965492994
3.37132694672,5.4223416063396703
2.58242471122,4.254427697416447
3.2624588398,5.3182058052223802
2.95498857528,4.7912923491746122
2.82893588442,4.7446781651359462
3.46798445094,5.5433798140558741
3.29526569879,5.2486780640083834
3.6921208516,5.8278102938899234
2.75411266646,4.5823289448923763
3.12783514329,5.0651081656562962
3.39967993102,5.4056292965607833
2.58998237805,4.311288954833409
3.54084116261,5.6124158949500265
2.9533819095,4.772469162656364
2.3914977587,4.081361540620966
3.76135030746,5.9243656205496018
3.48732241442,5.5172528513183821
2.47709121468,4.1892092681536921
3.1656661803,5.1373337173743829
2.52768500068,4.1760335399941813
3.13995283648,5.0312080603695106
3.47250303319,5.6082979242866351
2.37898659754,4.0213802882777427
2.45087350038,4.0827032063098896
2.51058283041,4.1453439974050994
3.24218604096,5.2224782676677819
3.49272501212,5.5515084063231255
3.23372262093,5.1793781975984485
2.76791103593,4.540106319339805
3.15960272291,5.1306317097203928
3.02624134058,4.906449142224691
3.05608380199,4.8879939596072086
3.03312616428,4.9136974086120428
2.77409228927,4.588794895263165
3.70382622598,5.9702635665324753
3.01100547048,4.8660968323240148
2.56923852099,4.3491481078567951
2.54177683898,4.2316467505697943
2.84324264619,4.6132970066730126
3.3628604738,5.488043130087144
3.33923819692,5.2412815038628278
2.73817837213,4.4930430345446766
2.94205404805,4.708389229829419
3.33495117009,5.2873142351011495
2.48517232888,4.1788265497044002
3.25001642614,5.1983011748808901
3.57707124972,5.7194141124817621
3.53352884711,5.6070793379680035
2.95843646349,4.8593418308766942
3.10585695501,4.9801489151208225
2.44927977072,4.0944644699103954
3.7555803752,5.9608661243889207
3.41406823066,5.3994647994665144
3.74945905138,5.8878558862673938
3.344371406,5.3181737665308146
2.55952909135,4.3048623650307718
2.38101585408,4.0660470694597466
3.63124200339,5.7799359922315574
3.19751123416,5.1406645110705567
2.4992080928,4.2161358950138252
2.5516975618,4.2485121566372746
3.7517015715,5.8831647701795466
2.99030023248,4.8647177205876737
2.82483085488,4.6017035104596289
3.38442946579,5.3936319873209815
2.55285301605,4.3032023908774271
3.01164365741,4.9145275695289641
3.67856319725,5.7608634229358655
3.36607356605,5.3850429359616268
3.70533882791,5.7742815987955991
2.70357805267,4.4609142978343082
2.62387344416,4.3790388699367915
3.16157996342,5.15276900743953
3.78050736837,5.8963367036801246
2.48619522295,4.1890590306640965
3.68792037962,5.8663231497222323
2.49727680997,4.1574527038875981
3.1165988628,5.0830233325234015
2.6841845917,4.2981551445567323
2.76226458899,4.5464755400717403
3.11538738949,5.0775821218674659
2.90271067746,4.7201950733257618
2.40073737634,4.0606658555042054
2.69383457652,4.4086760423247453
3.68163886344,5.8999874918505206
2.46044255247,4.1466377834506281
2.53950790888,4.2080591357741524
2.79585795013,4.6292554078627397
3.12515868872,4.977905244697995
3.16794173521,5.0931743768293281
3.42732834889,5.4700153648009886
2.39979346302,4.0190789175659534
3.08023741614,5.0015027381848007
2.95931067457,4.7579442552876294
3.11613640149,4.9928424838714971
2.74905628666,4.4769355174380863
2.7919717866,4.5755959575863159
3.63672697671,5.7114323305437322
2.94422503064,4.7921921272451504
2.74401094561,4.4531726819066826
3.58085052239,5.7173235475042308
2.88115020894,4.6673514514349081
2.60811482344,4.313021557161167
3.23764261015,5.2152557027031543
3.63479175297,5.7458387509333999
3.47282494396,5.4296143390404241
3.35541433051,5.2801540240659595
3.71852809935,5.9915989366341158
3.58329300845,5.6546112571917275
2.84778708543,4.6430407791058554
3.55940415091,5.6054753619907105
3.60952490668,5.6887813125423525
3.14331231633,5.0746601274232015
3.7372129277,5.9421634313680158
3.20320147775,5.1444880297806508
3.34995874232,5.3168189118266982
3.36969627842,5.5054407207666616
2.75743749498,4.54238425692356
2.5045372101,4.2405582871040375
3.49022759997,5.5533222792252177
2.57228026969,4.2477415267325656
2.88371347887,4.7014369922511214
3.1575755119,5.044974528254472
3.33063906216,5.3954690813027364
2.39906026366,4.1024278315993588
3.72971713255,5.8374287729517382
2.80140784639,4.6192495443998371
3.12682894044,5.034695702383666
3.60455139855,5.7514954378996883
3.441206046,5.4556436019719392
2.51127380379,4.254722408385442
2.65162226064,4.4038057256042951
3.18307620566,5.0885642929982415
3.6028343219,5.7341180177585827
2.57947649603,4.2995666657315086
3.09177012233,4.9625608010711098
2.68127246801,4.4088837230451556
3.44739468438,5.5388033269278178
3.28522001865,5.2840458234691168
2.37271990384,3.9195768244556324
3.63597850989,5.8097527462367511
3.45707781225,5.5675425716629379
3.79915264408,5.9923801367695608
2.68572703413,4.4735396156482805
3.34419255914,5.3110093288054907
3.28024123918,5.2930940342844721
2.69227631057,4.4306196155095812
2.56411422756,4.2168898194565081
2.83478690629,4.6750093653855407
2.77401955604,4.5644833693041988
3.37649632594,5.3752512800728791
2.68959023939,4.4102182973354109
2.38822501838,4.0072104079480999
3.49219556618,5.6071095916291993
2.54160532081,4.2522069071370039
2.88304523401,4.673814529936787
3.42245710701,5.4699275662719389
2.4677568772,4.1474603487448132
3.71398664889,5.8929758737603661
3.0539206017,4.9487445586998628
3.34551112325,5.3390775153738792
3.25161341166,5.1605119862327351
2.38183521351,4.0380139763076617
3.0157470855,4.9556328098115658
2.58819722386,4.2855555522185247
2.90897514274,4.6999354552427191
3.3461389066,5.2951209138749054
2.731217312,4.4963616305761018
3.70864471324,5.944670588930645
3.74768459953,5.9389697198518467
2.91122460426,4.7712398984528974
3.61479189127,5.7500102876286912
3.06979076634,4.9944697399049733
2.60430035578,4.3604384544998194
2.37276132231,3.9777163420671013
3.03040793446,4.8473184960746538
3.54565787682,5.5801081556461201
3.36693899672,5.3433687671185455
2.62756166396,4.3951389547939321
3.05294257005,4.9548119823414156
3.78123230261,5.9503817479717362
2.38772567329,4.0200322693095698
3.45961035396,5.5200583081877985
2.41512094143,4.0771186258212389
2.98936375841,4.7974434176363836
2.82867539378,4.6457898254550685
3.16628259296,5.1907217060617921
2.61475422109,4.3101452300229246
3.78350119686,6.0227170271030497
2.43230832284,4.0855436952101867
2.45676580474,4.1193912544434967
2.51817588879,4.2261116913065404
2.89504194558,4.8169783811287958
3.45532571749,5.5776503837154436
2.48814740687,4.1496419170896433
2.73507061627,4.4383646626709945
2.49094759938,4.2268932446230565
3.70257093044,5.8771622319736174
3.29154999623,5.2977467402580629
2.80032106722,4.6606157851834071
3.3320792691,5.373954320880852
2.37166541122,3.9842800712623943
3.41674350103,5.4940535282717118
3.29343101444,5.3038243454791498
3.60711304981,5.8295970731854982
3.12143289488,4.9883943320196549
2.41752392959,4.0766208244413802
3.52504596766,5.6804693650605067
2.68222400399,4.4246215662225437
2.59561117161,4.2915423109231279
2.85705528388,4.6634484106263656
3.74210214196,5.9095679834451129
2.67474554022,4.317008618133606
2.69421760815,4.5012144997130301
3.57695019166,5.758825008460402
2.92101827926,4.7059925009640615
3.03658560179,4.8669440942212043
3.03899003475,4.9788033781438665
3.30295997157,5.2608333548717088
3.4801498275,5.4657870407687454
3.46021373899,5.501595467765978
2.90942429797,4.6993860311694577
3.38870196534,5.300830514914276
2.97814564431,4.8020329927986571
3.45353183157,5.4875540520668533
3.0920340462,4.9539968168779014
2.73389824374,4.5304058434652372
3.01021417897,4.8242189228213332
2.90343298337,4.7496360676690363
3.0819372721,5.0307405007073607
2.98384539925,4.8630728655650337
2.4485685401,4.1177563797283572
3.76661758681,5.9917615707984115
3.62133605441,5.7798263061263091
2.71212538408,4.4876113150134112
3.04431776212,4.8537411944235602
2.90719017789,4.7003915547298805
2.5719924449,4.3362861910958257
2.59524012662,4.2492177028646054
2.48946793498,4.0975248100500199
2.82187790042,4.7421655781506287
3.68071050097,5.7526933236303242
2.64530199205,4.356617440311453
3.7258918091,5.9477986862370038
2.37414549175,3.966281257061909
2.88444883757,4.691234401048848
2.8165754311,4.6674371860959356
3.55452915293,5.6578587689133686
3.34580771052,5.27224013625354
3.23443356247,5.1561059451599798
3.33858378399,5.2369955033266447
3.56584805954,5.5850144628397969
2.81654194508,4.6725348665355266
2.37918624103,4.0032735036340865
3.08508348741,4.9561345693050454
2.96568665171,4.8466310444972294
2.6592264433,4.3991627048342803
3.0879343315,4.9991460886755119
3.51628990783,5.5755075110306409
2.85011969166,4.7277171915389138
2.98717450094,4.8653146458630738
3.66011366385,5.798997954531691
2.77338396028,4.5805371660211751
3.25433676008,5.1896526312310964
3.80261963054,6.0771149140165788
2.96873318895,4.7566235312933847
3.42381727631,5.466971270787889
3.70194292404,5.8602622946539329
3.56722561507,5.6520459654516335
2.40603486135,4.0907140159995157
2.5076912654,4.1447750731091935
3.79232958646,5.9248514416892828
3.64940059753,5.7245751131289122
3.26809660926,5.317437910327298
2.68111330262,4.4310562541325584
3.34289777515,5.2612885430373204
2.62463152817,4.3393139674581827
2.90687817311,4.7406415560977324
3.18967943081,5.0681905580822937
2.62113651769,4.35276408453079
3.45670673951,5.5530999146704625
3.4049137786,5.4377399373293063
2.65342960165,4.3437515098175874
3.52111670874,5.5137332766292992
3.57962571873,5.6723464303997124
2.85850656248,4.6603392302407673
3.74536274059,5.8078793068895891
3.62064333745,5.740352958136814
2.57514678296,4.2812675207351862
3.29029909936,5.2624759777181849
3.189062155,5.2525168189332589
3.62036391899,5.7394015243604626
2.82773333278,4.5860456953217499
3.33256534612,5.2899880390487635
3.04636285805,4.8563157521916827
2.69965800153,4.4417874118575655
2.48282067474,4.1785888968177849
3.1173696379,4.9929246058839434
3.66690607629,5.7195615049037176
2.90569140837,4.6853287210792232
3.28667355223,5.2034479101769975
3.1627471464,5.0263232240415219
3.58668326177,5.7030259881221737
3.40000272342,5.4963504142421096
3.53647946874,5.4932247150322242
2.68512215762,4.4670779614972291
3.31567913112,5.3453490636441749
3.74982233406,5.8466611224801825
3.72920213703,5.9187095999062187
3.27533395562,5.213340507450928
3.51690969664,5.5668945289156557
3.5539313352,5.6368962082355685
3.61371435057,5.7433160820021714
3.75766198837,5.9164739545774445
3.01997803326,4.8631207292337502
3.19744385879,5.1552942357159166
2.37769501218,4.0570649001900385
3.19657572652,5.1608344780069144
2.51080138358,4.234265761034913
2.91874570732,4.7716980478296769
2.5350060301,4.2669878400084178
2.51893764991,4.2541146505661942
3.69279582113,5.7983454815060949
3.41993848576,5.437051542181039
3.66285284763,5.7646832678476265
2.37120910782,3.9965367399060687
2.60338506709,4.2378974802411413
2.96150297601,4.7877047072038001
3.34343885336,5.3328062123042077
2.60174811246,4.2504440510910371
2.74731289892,4.5157240359247428
3.54894606793,5.7027042121276112
3.4746111555,5.4329414126981996
3.05295750323,4.9512555887225913
2.57724304157,4.2794778127476842
2.66818031949,4.4194438716216418
2.7222495933,4.508214726509939
3.76119313343,5.947764156727005
3.29794580912,5.2513879337084308
3.18818204846,5.1409382385607092
3.38202939499,5.4148236017219
2.72753701727,4.5112688807260888
2.80207913152,4.6225029986996358
2.77062437525,4.5952542025572791
2.81167023392,4.5633354826025121
3.52188803139,5.6839952042896673
2.55344754909,4.2209124359372208
3.65749159516,5.794291473394555
2.38552738887,4.071291948972406
3.36533452165,5.3633848402461908
3.2707239086,5.2024623251378301
3.65505345268,5.7729481459115544
2.80481227489,4.6551174524037844
3.20295959435,5.1623801181227069
3.56440860936,5.6971859613316518
2.8362894018,4.5421320455450216
2.6541822443,4.4405374473511481
3.46369512253,5.4090360038450953
2.45440933609,4.1168965495202317
3.69899165383,5.8734939700280577
3.14358235515,5.0707689312163611
2.59170885852,4.2165540645192658
3.69794343167,5.7728566836987003
3.53165777467,5.6791757032474797
2.88070266832,4.666135680614989
2.96543093153,4.7885995446725387
2.73951527207,4.4796623643197142
2.75862012553,4.641817629134807
2.36418698505,4.0109827791949995
2.96409165161,4.825433419283554
3.66813314938,5.9039705918064689
3.79080843604,6.0698729642554037
3.05248165564,4.9161706512880556
3.07741579122,5.0406388578339039
3.75582871962,5.9356933250162367
2.54571186681,4.2390944381733382
2.58544552778,4.3609032140287463
2.75759085705,4.4348601817205529
3.66325646502,5.8602777219683029
2.86889051234,4.6707574003172354
3.11539250168,4.9698343481202514
3.1820073294,5.0935997780519777
3.59795486778,5.7257002189376447
3.43181989658,5.5566435496583688
3.02726072126,4.8682253696898519
3.73524752743,5.7842393454201551
3.34064706197,5.3328970282271237
3.06313843401,4.889748843546136
3.35654325408,5.4164483573889965
3.20975196284,5.1957306090998117
3.56394546814,5.5599326887766454
2.44351945825,4.1091790978523512
2.47991497898,4.1866371025295441
3.23680928197,5.114069550863702
2.74060434497,4.4616733902721224
3.2434306633,5.2679123410594615
2.87583433501,4.7754740495193664
2.72466937533,4.4217161052830196
3.75265940749,5.9033490194702445
3.35860500458,5.4045412213183814
3.78727896506,5.9215532049379425
3.27151884376,5.2323980735010656
3.17938304809,5.0449538519856594
3.37655805563,5.3472602543169776
3.7084446615,5.945407462365063
3.07359318944,4.9880141395737541
2.87980885744,4.6120981280974345
2.59727010146,4.359912672771034
3.35486652354,5.2607059534493246
2.50379421161,4.1997037639878005
3.39630786812,5.4310934758132188
2.60740233134,4.3888389895483391
2.83282196735,4.6277768391862049
3.14504220693,5.0409431570703935
3.46276290428,5.471679417036027
2.36876243355,4.0056995497937242
2.89218107151,4.6980699391004679
3.50868619566,5.6535320345654911
3.71921778809,5.9643341637963045
2.94622527101,4.8040028967494752
2.83411466457,4.6366225695663692
3.14084971667,5.0070535203621498
3.14896983211,5.0677556893812001
3.67477896699,5.8661656855109889
3.06295320418,4.9162605202773912
3.31368732408,5.3560841101580419
2.67208291875,4.4374037451816504
3.15356896455,5.088466824610407
2.79466889059,4.5649811467513164
2.57419362585,4.2978932708928195
2.56929621981,4.3686949510325972
3.21031057236,5.1332009992968484
2.96622362438,4.7819296815977248
2.91039767861,4.6651170428706559
3.7151911088,5.9643086520560047
3.41409517474,5.4520674354644099
3.55910563908,5.6492623772129713
2.4253795906,4.0973067635732852
3.31530190291,5.325154531499142
3.63038864627,5.7738586411244137
3.59973424903,5.8005264951655429
2.59586698064,4.3051283003743759
2.86174909871,4.6458265317154961
3.55115057652,5.6640372069442924
3.53610437553,5.6643982020555983
3.2746030163,5.3649993804619669
3.59267943827,5.7235345978304535
3.64044700457,5.7437539432469027
3.2465543589,5.1880041169145557
3.04927745179,4.8894953819657756
3.28071660271,5.1672517284205171
2.56026296384,4.1688157618856287
2.44881290994,4.1072267633943405
2.58021190185,4.2680246694823909
2.43089581031,4.1127577411647458
2.45694297407,4.0555654054937191
3.31230718658,5.2940373144342674
3.15482757656,5.1868534488345839
2.76422878991,4.525486217764886
3.21029615023,5.1574451180751977
3.05703200274,4.9086816896897982
2.89669889975,4.6404006516071981
2.42307179145,4.0397221033915987
2.56013737667,4.2202506680103626
3.04920111258,4.9060979703774903
2.63518385028,4.3481316228986451
3.77692524726,5.900406765525525
3.18026880532,5.1418336662955628
3.07599195389,5.0022742949524925
3.20170378051,5.090521096600864
3.47383441056,5.4554857824897791
2.76541249351,4.5753820607987228
2.71229032122,4.4210137059393579
3.15202927357,5.1681399087657915
3.59786371153,5.7496662773957201
3.06689629035,4.9318128701635189
2.47380899822,4.1856593018012154
3.57285745913,5.6822210572228258
2.74185675857,4.5364286541868379
2.66546500209,4.413975319987844
3.25041852614,5.2479093015008065
3.7000548063,5.8267715804136859
3.70652709722,5.9096500782639074
3.01187643559,4.9395284074464714
3.48219224093,5.5103681014939898
2.40675913234,4.0873357573507576
3.71619155934,5.9422228827768855
3.31635213442,5.4589995912987117
2.62483933278,4.4287859092825821
3.13135552732,5.0658770370171986
3.49962428581,5.6025827888345008
3.16726373131,5.011972588715512
3.28470645529,5.2338428700985853
3.56334126624,5.7339710711125251
2.46849933709,4.1218571209541297
3.37672069786,5.4248191471360574
2.74364863524,4.4985570140421087
3.53209611828,5.5537724850113923
2.41722411414,4.0255162752169582
3.22342547712,5.1753015912594797
3.07153433053,4.9542026502720642
3.70846457617,5.9278709118144617
3.26726230545,5.2573059454094873
2.60752196047,4.3095590942167838
2.55018672442,4.2229347029815658
3.14751815255,5.0615215027015408
3.45254597469,5.4671542103548196
3.26805542022,5.2933364539283705
2.95748666244,4.8504393303519251
3.78327309034,6.0473606372918827
2.59695946909,4.2452794701244052
3.18298198568,5.1152939264565509
3.11035836811,4.9263572291084987
3.13774391013,5.0602488461304249
2.82050281361,4.5629494800247237
2.75974446335,4.5465884710704172
3.22207444345,5.1520960206448825
3.73035451357,5.8813312134587692
2.44164629975,4.1254195794396011
3.15792035305,5.0781999196794327
3.67873738621,5.7060983024391883
3.51277005484,5.5775401466130496
3.14129142676,5.1518153563204363
3.78657746975,5.8641097862559057
2.89184675623,4.7368443433782268
2.88249619577,4.7166656541729379
2.9314721328,4.7129649316857831
3.61851275929,5.770204773993564
3.79178241338,5.9684790290229781
3.53459687195,5.5215636305777487
2.36827248585,3.997732704574938
3.17629395167,5.1941325671801231
3.31205869977,5.3556344161628822
2.63996635394,4.3467936295380385
3.59903861869,5.7166722174022864
2.37913754182,3.9953276415455727
3.02404012326,4.8828713619047521
2.49395278786,4.2153251008627217
3.75734314444,6.0191816242080849
3.60424152166,5.8220109891767429
3.77888038154,6.0790930972650203
2.78167581457,4.6018920519280258
2.38681636739,4.1580382909372773
2.84443532911,4.5903203303789022
3.09963398196,4.9738561037021443
3.03227186971,4.970681223125923
3.68080191346,5.9180438501664483
3.25978738255,5.1712160026294001
3.36806707139,5.3427735129984057
3.4416109195,5.4025537697214885
3.66902963149,5.8598131990079665
2.66404352489,4.4009995068598098
3.18424852622,5.1275380295076349
3.28565895016,5.3295698740193993
2.62144433866,4.2886173385452633
3.21010813595,5.2210384375031618
3.08981131442,4.9188224180797651
2.55200195913,4.2806600391212992
3.12507819418,5.0250214206858734
3.11643590603,5.0188297982305867
3.45937982637,5.504392034543514
2.87132617469,4.6635818034390404
2.70830955387,4.5157999288341539
2.71488422364,4.4812300896879087
3.40406193018,5.3175759401382896
2.64033636591,4.2875799218957624
3.40925845609,5.3804344267630118
2.8039731074,4.5843845349534567
2.86450253779,4.7002277196512141
2.48974988266,4.0087790417846989
2.88853739927,4.7296451048588484
3.36156449107,5.3454814420920798
3.17851493451,5.046110871977306
3.27034844736,5.2893222195061744
3.48235860687,5.6392564686004087
2.88659776833,4.6968242507521785
2.91158218031,4.7072094790012153
3.75439529905,5.8442137417703668
2.5386663832,4.2658749466224375
2.99278766374,4.7965249707905713
3.30593081083,5.3120201137859109
2.41825126202,4.1640164446847141
2.94491039047,4.7670468959479795
2.3940429155,4.1106116747717785
3.03107229773,4.8893567262868149
3.06667593085,5.0105374132852267
3.60261966837,5.6639075936078687
2.75962169938,4.4841970145003298
3.31189948077,5.2612223370512776
2.45477047419,4.1552682105947456
2.78167230788,4.4946709045879603
2.61417348748,4.3354205290798964
2.95123599516,4.773528831450629
3.71300078237,5.9459245293713465
3.36032313399,5.3904556661526728
3.50360310221,5.652441191471409
2.61254179956,4.3235563599059796
3.57997043172,5.7131773388486495
3.13554196095,5.1101816726934643
2.73672539433,4.5177876382249922
2.47381436871,4.1456407806172653
3.71776195234,5.7729691826300646
2.96922304281,4.9085067444578234
3.34575835943,5.3242576758268099
3.45350061025,5.4892577089044954
3.69435388501,5.8141504747125836
3.76546221812,5.9954829317579268
2.36559283186,4.013730315568746
3.65125487866,5.6324671338105583
3.70746704468,5.9398753948761671
3.45558630489,5.5677132138041374
2.42868207324,4.1051850952641082
3.29802558273,5.2458073962591616
3.03591086769,4.933447095376577
3.29263630912,5.2742002768392195
2.903372739,4.736610933907599
2.87629235557,4.6320239524801439
2.78334302678,4.6514194662053336
3.75855402122,5.9843493137647492
3.02986724726,4.8790127031867776
3.66714480908,5.8500821374362246
3.61373387491,5.7352001600570528
3.39105297929,5.2938774672243749
2.37938499237,4.0965311714516606
3.01013303894,4.9322422964874368
3.01767796533,4.8837342881884993
2.81047811758,4.5367739370022475
3.35113907712,5.4610184353443536
2.82895911594,4.6503653052379867
2.95027691995,4.7859973378043863
3.47185949358,5.4910054765411402
2.82575446741,4.621750286667309
2.38535430689,4.018772914316763
3.01427172698,4.9050679459883595
3.56257782398,5.6286261186234769
2.67161954261,4.3868848321563352
2.85820566206,4.6353332332697166
3.61884244182,5.7278925712320454
2.81375701595,4.6171419450826354
3.74214986228,5.8720035277023577
2.40642407617,4.0916419266935868
3.49928675335,5.5890841517070733
3.69453174262,5.8723779317261036
2.40239569502,4.053335807447624
3.02635634375,4.9245330630515776
3.02391591467,4.8342262508621321
3.42376434353,5.4465017654617007
3.03172557879,4.8711614497831173
2.62612252784,4.3417337469341941
2.49253155566,4.2129815909254704
2.48634396047,4.1670028086684265
3.24054820778,5.2681184822428673
3.71548168369,5.8893097257214011
3.12218555177,4.9705506269964088
3.22829198877,5.1826554739097803
3.5947798256,5.7912929012855674
3.70961910284,5.9133983109913384
3.09505990926,4.8922811845371577
3.61992447143,5.7082259060161356
3.14667243683,5.0304917083016241
2.48387951598,4.1458579796357453
2.77368536717,4.5800891933491661
3.40126046479,5.4202466798203224
3.17885721643,5.120793296980005
3.35592040485,5.3501371789186072
2.81101554798,4.5634758835362197
3.43174566846,5.4652398076273307
2.38909526372,4.0770348873106634
3.04760012673,4.9231483952400428
2.90307275826,4.7233315674877856
3.42588720388,5.4598655856666749
3.59820898894,5.7140850373895011
2.44715782885,4.219311515686174
3.59228712139,5.7848176921440553
2.41123683944,4.1038536548921423
2.39365218629,4.1024011792711157
3.33804076119,5.2640677022214213
2.71674468076,4.5710842228461859
3.57537132131,5.6038802257719675
3.6147781126,5.6717576753947698
3.71521260111,5.8908398375842426
3.13839976678,5.0141606787317263
3.38026404294,5.3745285867065338
2.50156264755,4.1496174840478979
3.15144594428,5.1096243010116877
3.30345644075,5.2051098323105967
3.59202446359,5.6809587165145823
2.39399732803,4.0067214295165359
2.56004667772,4.2443932873829908
2.42678701415,4.0796982275410008
3.8030218184,5.8986450184466301
3.4596142213,5.5818787025714762
3.53390237863,5.6059559453737924
2.85824745621,4.6506460310040447
2.80204396738,4.5765242852936847
3.58449258294,5.6884333759298045
3.70790161721,5.8467988451840496
2.63767589111,4.393839803482372
2.37081057612,3.9895148402222298
3.32423863505,5.2789189464240476
2.3870800249,4.003901686888895
3.49216393887,5.4806031657396277
3.23901251381,5.2404036255950359
3.57475557979,5.6468001296187413
3.11277934317,4.9903062129537226
3.33344367725,5.409067984403122
3.62011263965,5.8156050679838547
3.40488025804,5.437310097607762
2.84172408587,4.707360158822433
2.91575428706,4.8016059805707023
3.26021214308,5.2799097572019447
3.15338688123,5.035917625567949
2.69541279434,4.461742153829567
3.6787769777,5.7115876258094298
2.93093240695,4.8611726920913867
2.58916983898,4.294462837480733
2.64125634139,4.3269490085333588
2.76746945918,4.5498027573838637
2.92034046816,4.719200572823258
3.73568616775,5.8896459676096589
2.50836381943,4.1263192970139206
3.40037948574,5.5880225895135958
2.47591481944,4.1587501761769348
3.28605170306,5.2309204622015288
2.4011120283,4.0886344756305011
2.96729616008,4.8512940572726073
2.54145668841,4.2495031026245105
2.85593509655,4.7170843450110835
2.45196175027,4.1833304687171493
3.7077566461,5.9433200849639665
3.25205395449,5.2099817873082843
3.41826700639,5.4709575640103099
2.84531501468,4.6435471262203709
3.63855768035,5.7802364440851308
2.55983499787,4.3406544381472036
3.7326891456,5.9318170406864565
3.07850656479,5.0053290923652058
2.96174659588,4.8855738730188225
2.38109227122,4.1082310753562288
3.71274614807,5.9816325582167114
3.33895299708,5.2711889092250512
2.6993794855,4.454702672802874
3.30583164159,5.2113835606408596
3.3949473031,5.3883961446405122
3.64457545399,5.7499876251351019
3.44117826654,5.50841476219024
3.61613509659,5.6319055069740633
2.52660377951,4.1803114918934137
2.63350652507,4.3496889257217699
2.58142430649,4.2802387954784997
2.65210396135,4.361661212390505
3.72326825572,5.886495897390434
3.15237772727,5.0957061214580541
2.9023061976,4.7484570795440648
2.37198166556,4.0657888905146731
3.08258815487,4.9900311202265932
2.76523729004,4.5536051582730508
3.60680424499,5.8059418283560982
2.50552326284,4.2219608603703627
3.09812112162,4.9576337168510491
3.76740524234,6.0567368231096594
2.42376072388,4.0893617469496863
2.80932291506,4.642584729755403
3.59927257018,5.7187691663251243
3.57367605751,5.70515798375635
2.74982365956,4.5604070206319447
2.56630270356,4.2577301753017007
2.89360301679,4.6909987452973656
2.752857041,4.5709781801751648
3.01839568446,4.9367563128176357
3.5610082551,5.6555824953818803
2.55618856074,4.2415525516011208
2.47550559527,4.1896263545299721
2.86276651975,4.5824355653202069
2.92418343692,4.7608345329700184
3.77300372384,6.0074144396919937
2.36397505647,4.0163027889431113
3.3934509063,5.3700617210325552
2.96982565365,4.8112202077764827
3.14945124077,4.957854758778744
2.48552816906,4.1772050936719785
3.05833925915,4.8583940539611286
2.57844788461,4.3117262064116328
2.77990176045,4.6108800757301074
3.70510737499,5.8946687207694426
3.4266714162,5.4256428968584425
2.68344908154,4.477404611951231
3.33405441964,5.247319523858053
2.92082742775,4.7719888429471364
3.62058923007,5.74057171033001
3.2965741273,5.3171460960795001
2.42331529134,4.0702870500805517
2.48925967333,4.1625729076708842
3.16643483833,5.1013401705885819
2.63229817397,4.3758801755114067
2.87874442634,4.6083548569726673
2.93987748262,4.7715366919548963
3.48928506804,5.5551076369021404
3.44319105134,5.4212122734890666
3.7671753763,5.8854937203500439
3.74166563078,5.8978095145612199
3.28136980002,5.4069257941219986
3.20065303574,5.2349910182135178
3.58045387951,5.5925693840608508
3.71414715737,5.8813608748848862
3.02137134139,4.8917695052375345
3.32866369711,5.3555555718530083
3.23947357273,5.1295624816828669
3.41572615101,5.4418751037505801
3.6319483899,5.7851805048648997
2.65707404222,4.3976554600480791
2.72216094533,4.4811222399734865
3.39306771196,5.4422043697860767
3.47518753861,5.6297786653682644
2.99940452921,4.882013936780603
2.4610344796,4.0839534783120923
2.87531210666,4.755354425411582
2.94120403486,4.7525546502456928
2.92691659657,4.8012632059150366
2.92761643975,4.7260999721086714
3.09979843232,5.0893936340717563
2.55252311189,4.2023700151946013
2.99651137164,4.8536613434812415
3.75895181793,5.8907781858303734
2.59305614652,4.3211683746416556
2.99248288214,4.8181636114453879
2.71558219341,4.4591532781921694
2.86897892194,4.7503239920849794
2.58749225655,4.260688272632736
2.93231364615,4.8348323983476051
3.64785639803,5.7262534891930095
3.03029506835,4.9115796852727041
3.47714487564,5.4818070593668757
3.48829873809,5.5084416502692175
3.5848716621,5.7493730531515261
3.11308681413,4.9671911300367491
3.10982606887,5.0440086111864151
2.76480241958,4.573581889793874
3.63913235611,5.7452492960682688
3.01699506301,4.940464686504682
2.37343017724,3.9675526432115502
3.32569726869,5.2898732223651201
3.04850362885,4.849371687655653
2.39747820719,4.1210043349326906
2.75660551463,4.5459064475887416
3.33705417861,5.3007669445644439
2.56311289931,4.2594952412413791
3.77632360604,5.9876321760495266
3.01862707075,4.8191958669524482
3.00964771334,4.881433832613439
2.80639375221,4.6796427941210332
2.42021109806,4.1109875272607992
2.75625772286,4.6077314466538466
3.23745100472,5.2189170647268277
2.66400468122,4.3752630346383157
3.67559715232,5.8138538851065782
2.46133050553,4.1398736325558856
3.63558552251,5.7924388850932251
3.01939645552,4.8489052487462514
3.32497684087,5.3065539821594934
2.63178998748,4.3630663012480477
3.01079535533,4.8791356803789725
3.56899675448,5.6915185486021196
3.11803682705,5.0331443097992228
2.495729969,4.1823460354314559
3.76259752385,5.8967934044998422
3.66518116252,5.8040227485706453
3.4232104812,5.5033981559648852
3.39669517559,5.3945834950248637
3.71679396303,5.978815800640672
3.0610475997,5.0052494164182724
3.72223332764,5.8679890101722449
3.14634036693,5.0591509081346873
3.42052918219,5.4050975704260784
2.54531013037,4.2514624257596632
3.42095425544,5.4423206102415769
3.13666484484,5.0740480503715393
3.31406689908,5.2309686926016212
2.54693563073,4.2923218207550748
2.49909866383,4.1908181117339574
3.47121398866,5.6059766600024323
2.41650797594,4.106834267525417
2.99311275287,4.8432792552456263
2.86248060597,4.6113999542053277
2.44966745866,4.166068321426061
3.57084774891,5.7155041790758903
3.09959426526,4.9552389366304412
3.49259874089,5.5175947591274612
3.0815982439,5.006236393440572
2.96555334846,4.7182976708280062
3.15541674199,5.0402012769227751
3.14061191791,5.0761616804688723
3.69338685128,5.9104790054715579
2.93054609024,4.7875713484160842
2.53857173267,4.2107500169849796
3.31157487537,5.3740355882548831
2.46026156783,4.163285364611597
3.05013907599,4.9061257984175972
2.39868357583,4.0308135831997607
3.46322789317,5.5057403359491426
2.80447651195,4.5719981389929067
2.86008707646,4.5659104145400624
3.63576873809,5.8094235380207895
3.17503035958,5.0891349763149787
2.85832004046,4.7201142478759213
2.68413470831,4.4377987964074341
3.16126315156,5.0432596360739028
3.6589078246,5.7821278947554431
3.32651847848,5.3385065361780164
3.11521677078,5.0202400031003771
2.4858473232,4.1851366582595686
2.77885520072,4.5775529613176706
2.40876469888,3.9821196580451952
2.99536411286,4.8206206967073548
3.29930276204,5.2762808176021903
2.38038015174,4.0602524566085298
3.74195451762,5.906537733723515
3.3644496367,5.3789774817559888
2.8953118645,4.7261196368228164
3.60739370238,5.7037492473377407
3.71067145815,5.8144219499736263
3.21563701276,5.072716342939863
2.77168299533,4.6022652907365718
3.68512277326,5.8806491860906629
3.79913557642,6.0201603686366667
2.7233205252,4.4805655457512135
2.99905592415,4.8841276508137064
2.55859781601,4.1799831074450928
3.70783955287,5.8101591843835125
2.81188653113,4.5387092327715104
2.6949289155,4.4299031864625587
2.37856453409,4.0787307341568155
3.65062606347,5.7870641843574626
3.57207343494,5.684418482976338
3.12478730445,5.0930540430884763
3.64058711632,5.7969432212866394
3.54257335045,5.6742666143391647
2.81631470433,4.5896120789897648
2.50856373974,4.1574518940220573
2.88888583699,4.7252386161364193
3.41339242593,5.4124386746055455
2.54030873576,4.2814587944924671
3.37089709354,5.4442135538560965
2.97081774286,4.7840919692496753
3.11468244305,4.9691703284389108
2.8855616052,4.6923109638395148
2.98207829169,4.7576617786879778
2.78559290288,4.484566493939484
3.7923319313,5.9667027064794578
3.7123891371,5.9981914786334247
2.59915760967,4.358404626131394
2.79390112667,4.6444418867886643
3.09027696021,4.9606458313248476
3.52417880346,5.5734793591013183
2.42417138019,4.1596416138729309
2.64565498144,4.3444554476240125
3.65350533549,5.8682355581952974
2.74533793947,4.5206077502952891
2.44338694275,4.1506817390795856
3.40667250719,5.5584386433835933
2.89781420031,4.6839436469644449
3.77016128404,6.0557976044216808
3.01111616311,4.915227717042904
3.4019717043,5.3355610405432037
2.8249269121,4.570268613244874
2.90524829775,4.7770742340717058
2.82552911185,4.6640771419000648
3.08924684543,4.8637017394375635
2.8790344628,4.7599383043675489
3.57918022504,5.7051819991642034
2.86175913485,4.7010087165898131
3.68350665745,5.7490500161070592
3.07251590436,4.9938796005954744
3.64680247559,5.7842889205480761
3.03788324988,4.8267631491197767
2.72379626626,4.5587954133929154
3.72808912434,5.7768011439719951
2.72360166876,4.4974742015809843
2.98609831233,4.8181163611879292
3.67417592953,5.8159574745927447
3.21963787927,5.1691959660752911
2.89745414162,4.6977110443615606
2.84769541308,4.6709960148231655
3.0964375747,5.0451547533218983
3.26358855416,5.2194515346804078
2.67096016459,4.3995629711939364
3.36894985235,5.2869092339017003
3.62251055137,5.7596185395992929
2.95127050714,4.7854968880681508
3.80035592599,5.9732184633229961
3.01833411793,4.8214299837329557
2.73019076596,4.4659638906872736
3.04020486605,4.8949064331181296
3.71622393115,5.79905122174823
2.90825945159,4.7050785324813766
2.86946652844,4.7259250479732371
2.55063839186,4.2447811696039137
2.77738115438,4.5681287781996094
3.35767935955,5.3205271114119643
2.66124248856,4.4005373720254681
3.52123933028,5.5303292536605619
3.07768515036,4.9966206692283288
2.38121826313,4.0809689902617601
3.73736807684,5.9237433180316446
3.43373052118,5.4207365660906879
2.53898695042,4.2341313467917603
2.97711868858,4.8078688789991659
3.74206671226,5.8627356834291753
2.77466754146,4.5319927721122779
3.09236276505,4.9291304359879549
3.77643241489,5.9517583604261066
2.95436479203,4.7230376149369091
3.44489697205,5.3953211042004297
2.7665912254,4.5923120400640745
2.52036698118,4.198817157075152
2.71776215755,4.5014489966728659
2.88628375091,4.7599215756636877
3.50648191683,5.6116205791530591
2.7478585217,4.4724325147764201
2.6284780333,4.3498273873737094
3.39775738969,5.5044731680970465
2.51758747397,4.3055948109566096
3.14152939617,5.0828065404296812
3.26264292803,5.2593389680035845
2.62337028503,4.3348340059731063
2.76082222515,4.4433469016037392
3.19026066015,5.1474729848503671
2.6633703733,4.3823957752717302
3.04070199991,4.9278450595855654
2.8615313206,4.6767742932769929
2.41936359892,4.0598398697820128
2.98226312598,4.6928736276642189
3.58492829148,5.7125728989252167
3.70257532224,5.9234659500279063
3.12583596373,5.138448752778241
3.70591777349,5.8420036250648986
3.38090767949,5.3844938288670781
3.54431220487,5.6381849061187683
3.2747525408,5.2758931494790469
3.34945846257,5.3718122762654472
2.75516678476,4.5670703519579829
2.89885340592,4.6935544885231621
3.43888182206,5.4256653982593166
2.52056199703,4.2385989156376045
3.57455866287,5.7063569452437735
2.53191338726,4.3167457932289732
3.67085363346,5.7929634406758943
3.25657034667,5.1195487452213362
2.86858624243,4.6592273153281738
2.8533575967,4.7540653185655248
3.74403358458,5.9727933258518
2.61114117771,4.3329526253191295
3.51577873927,5.5440510740086006
2.58992678362,4.3268425584305934
2.84523463374,4.5829181229647755
3.20926748771,5.1982373689272308
3.36248010756,5.519493122121097
2.90875297705,4.707698888044205
3.44729589703,5.5368515037422519
2.99055965203,4.8169139947187292
2.80597028511,4.6053217352476938
3.09672116415,5.0582842624103952
2.45010324183,4.1428978724180583
3.06992450105,4.9599951492038645
2.4016843142,4.0789069348611298
3.05686487665,4.9632799908587764
3.72228568879,6.0174480881269394
2.87691939078,4.7316056265357043
3.37860009672,5.3538249026361067
2.59288448653,4.2718764258511239
2.4939910666,4.155299695223631
3.19206445203,5.1072373787349852
2.60827731488,4.3335344907394848
2.58982438062,4.3804302762203084
3.67298827699,5.6902533581189543
3.19216141263,5.1193498417004868
2.67220202466,4.4124799775556118
2.5392230059,4.233898268296385
3.21823156366,5.1657923321139778
3.68085555781,5.8846639366097611
2.67545015696,4.4482432569611028
2.53386530612,4.1570054085345678
3.6856753584,5.7831050830139157
2.71474185787,4.4262124982032089
2.46370418386,4.1596074896379287
3.21976148952,5.1639209459254118
2.87957281222,4.6911147199098462
3.59982688763,5.7550496756498477
3.12183717176,5.0149935410438564
2.51786706563,4.2358519369669017
2.71851323426,4.4582761564382007
3.19996355993,5.1742748523616084
2.56356777439,4.2516090772367843
3.7395822913,5.8487226671377748
3.43616205897,5.5517002126176562
3.70243365534,5.8820937824480062
2.5963136367,4.2953663462437763
3.39536366172,5.468986948972983
3.37000936892,5.4532336200606153
3.39123120248,5.3662957784552843
2.58373027997,4.2169577670640317
2.4800209015,4.2564968153745291
3.01004903127,4.9317684206631025
2.51213539792,4.2558677318224811
3.63691119708,5.7656437626972634
2.81381422889,4.5865872937656826
3.33715044343,5.3395966992201158
3.68613455304,5.85990234843067
3.35919706366,5.4113408870228712
2.55745670547,4.2112625605822398
3.40304115207,5.4401336546418504
2.48063775501,4.1332733865944551
3.56732476064,5.7759278813815831
2.76053900734,4.5239133440399151
2.50244824315,4.1747022640537557
3.08734448096,4.9599592940293897
3.19844258876,5.1784524329771218
2.8981350584,4.6959798400501125
2.78171989411,4.5224282630049917
2.93810071342,4.6696782599859832
3.22624902052,5.1710229377435155
2.92821161324,4.7668815708948253
3.43544917107,5.4664905997057529
3.49789378129,5.5221062141919681
3.07052191925,4.9763185305420023
3.33030231807,5.3514305297567013
3.36239251307,5.2898088160315959
3.45939916414,5.4946817233325058
2.66629844494,4.414701419633567
3.64452076265,5.787556235549391
2.47659403941,4.1380305789462763
3.41711444306,5.5413638413273816
2.94116591803,4.7430817654889212
2.7753834446,4.5647186122375336
3.4133560475,5.4070682238113204
3.15072864482,5.0405271349638703
3.60195252777,5.7222526448875417
3.3205240878,5.3142734126113993
3.52117433955,5.5655354448653398
3.04455864188,4.9683500398381728
2.69937892293,4.5443645468655394
3.1875244881,5.0982789833182158
3.70888173825,5.8825987790368215
3.65646886719,5.7479818933694524
2.55186746183,4.2928066110625984
3.42294945234,5.4606144952773485
3.24245246647,5.2516430888198258
3.05926251696,4.9703037984243839
2.52638466256,4.1936108646113457
3.75449301746,5.9610949594270028
2.6077384628,4.3513597845755125
3.0292585192,4.8601162748075453
2.41452470594,4.0742557482251911
2.71182518524,4.419594190732731
2.49534001049,4.2179552111895147
3.60543917321,5.7205033427735303
2.48539429826,4.1940017472071167
2.66653533836,4.436464220849019
3.65313823232,5.7412913186997727
2.40992467493,4.0701120394816863
2.36677142475,3.961741198986271
2.8242586475,4.5753810726318456
3.31684476519,5.30464994422264
3.3409976038,5.271220660153304
3.51608593593,5.6673903368636092
3.36621874231,5.292676607922119
2.38173171795,4.0367125670030122
3.28705770115,5.2176449125674216
2.4402722081,4.1417511116371948
2.92264758432,4.7164242093514241
3.26641862716,5.3234519906562712
3.72210016801,5.9216013765519815
3.77055345763,6.0236631145587678
3.12286236029,5.1998301465987389
2.89141306016,4.6367059817568759
3.42796723772,5.417619779213358
3.33488296912,5.3379756824426572
2.51633262614,4.2395056958580399
2.85797480232,4.7153936798162759
3.15767217265,5.1076139088940158
2.83519616294,4.6403093966039526
3.47293947119,5.5314583821815662
3.63182280869,5.7408534933089745
2.9668376191,4.8586273580242585
3.35435715686,5.3924114428491654
2.97967435969,4.7817899102235577
3.12599120681,5.0478086903320607
3.01223786905,4.8517005196900156
2.85113755662,4.6176177109579033
3.69772613899,5.9501648043051185
3.61983714536,5.6178093582016038
3.64071892869,5.7708468922431386
3.11490478299,5.0491114806001232
2.45700946731,4.0785992159011881
3.75914284486,5.8717367151881019
2.57518447283,4.246555767925746
3.5889736889,5.7763282621221377
2.92818581162,4.7408510363492624
2.86424575363,4.7105809914725763
2.50024924413,4.2950633942816321
3.09356808419,4.9068725275084617
2.97448944601,4.8496897556328848
3.43346755211,5.4205061545425508
3.7782619126,5.9543467997068387
3.04856352734,4.806736181097615
3.71892971262,5.7938994628735729
3.25934440695,5.1853784857460514
3.09069196836,5.0361342778361928
2.94120151653,4.8294552072145969
2.58419721082,4.3057994403010049
2.77469072005,4.5039632629782282
3.20661443435,5.2110198736475484
3.52014873443,5.5306406158071537
2.49420548178,4.1705970682530324
2.37999173542,4.012755812216108
2.41926898907,4.139855338295737
2.85616309722,4.685274158325055
2.88277700698,4.642230366981047
3.74981561744,5.9452678655119708
3.39148232496,5.3346902329948103
3.14150763209,5.0719672964523888
2.92863300066,4.8157248214693658
2.9020889234,4.6974646406291214
2.68210568521,4.366248878437947
3.63040077204,5.6277863144444931
3.19557139308,5.1375656885044512
3.16803286606,5.076611522640226
3.30350614973,5.257142697504797
2.42851428259,4.002607358248194
2.6935636297,4.4468693237252586
3.04443123403,4.9707161099589205
3.22957502241,5.1890473082492967
2.7824063248,4.5947074750296268
2.95360075819,4.8052124985912137
2.6186812766,4.3958337080971468
3.79266984658,6.0205789293008793
3.50756370728,5.5152210422779726
2.99477603665,4.834343264135514
3.33003823297,5.2527552038164966
2.37233131024,4.025862698840716
3.59463366878,5.7423756236813475
3.17884314666,5.0177221052133936
3.61676006631,5.6658857858029315
3.5389841321,5.4904143947853168
2.74154688014,4.4629502019304814
2.98796682084,4.8089651948745438
3.4951699683,5.5430543576780655
3.01580145945,4.8688246223654934
3.72843944911,5.7998739692295489
3.13955505878,5.0745566564706879
2.38186699604,4.0687480030560801
3.36916534548,5.4062777116420087
2.5664536147,4.2473500350669466
2.69888893909,4.4983076332255036
2.62409886853,4.3618746650117588
2.59082024828,4.2911155267458279
3.23782417442,5.2013649536732469
3.7299470111,5.8103056068196723
3.72076393004,5.8305747942145354
3.42616926252,5.4091701060707926
3.59272729528,5.6841420334881922
3.78672292714,6.0381718452751807
2.40880926977,4.1097935223614499
3.42862146089,5.3912430932298552
3.47146458172,5.4769309059996356
2.80476154589,4.6392172420397477
2.42577757398,4.0114303925912527
3.27848123046,5.2083801432078358
2.52051004677,4.2055026043453196
3.66411920333,5.8104410367933674
3.76453757033,6.0353372070644324
3.17737118497,5.1103096973473638
2.81473269104,4.5489151480736281
3.41126151151,5.4208314658207399
2.48192085573,4.2478717110516078
2.9385970372,4.838815628369705
2.91609141749,4.8014748837512906
3.05590528569,4.965540239225092
3.07801811974,4.9765718081530892
2.57353242277,4.3013217504867614
3.74403481934,5.8054343089631546
3.53569014723,5.5584990160130943
2.80628846755,4.6475758927688879
3.30119256609,5.2854378435021738
3.24356195712,5.1630809291020707
2.75445442043,4.5956343508705197
3.32349155017,5.3090657282367912
2.87544164452,4.7192018684824832
3.29038266526,5.290987408792132
3.19333414149,5.1659346026136292
2.60494891847,4.2955521711319191
2.91684110854,4.7472863230290194
3.37394235566,5.4703794820320946
2.88273606435,4.7119490931010253
3.16713526143,5.1496611453079115
2.60137420785,4.3276723308511986
3.62081453446,5.7339101444648808
3.6974691241,5.9076759254813345
3.24600094048,5.2517926676542581
2.69315534555,4.5112068231532101
2.61442790559,4.3134674548973528
3.40830578084,5.5060572810724979
2.75032578683,4.5787460655770804
3.02271589619,4.9728283854174613
2.88189609054,4.6716028526041917
2.51102155175,4.1577130719321156
3.78155716478,6.0924964388653828
3.66681867529,5.878214089327134
3.52954040741,5.6814865086147126
2.60613815421,4.3319272241737403
2.9608694022,4.8361747360325307
3.3980329734,5.4582840635306811
2.43693934409,4.1174244960968869
3.29880707453,5.2701673457199796
3.23661090545,5.2076361738270567
2.85095730721,4.6047311581508525
3.7290283517,5.8671587861295391
3.50643295317,5.5425646545481895
2.52280222975,4.1764857316274782
3.23235184254,5.2112888651852707
2.73672934261,4.5198700059134449
2.76506761771,4.6193226440817963
3.79591255071,5.9029024663022556
3.0231206116,4.9582368388151261
2.56602714943,4.2578118557079403
2.6795994821,4.4746112329086873
3.22738418238,5.220457036300763
3.60076667872,5.731981247803426
3.67245234583,5.7697120326527687
3.73924719053,5.9141063235258331
2.55452958642,4.2570492027984299
3.24863086239,5.2940624302123718
2.51045397602,4.2660288957523278
2.93124831155,4.8163095430167777
3.26637168268,5.2941457146607434
3.71500359673,5.7829942242874006
2.85838796705,4.7364641311046389
2.62638348023,4.4460348645250578
2.64260267428,4.3178902205216865
2.68038521247,4.4852718967780776
3.51061789623,5.5495243364880427
2.75553293861,4.525881396128618
2.92745756723,4.8626487831638308
3.5395072602,5.5170317505436319
2.41426587846,4.0028326492984654
2.48576532251,4.1271498435954026
2.80133336371,4.5714268373608524
3.30887787456,5.2354081609430843
2.77858088076,4.6407379744688422
3.0777441017,4.9107497189165201
2.77941221186,4.4734254609424733
3.51759794937,5.6720162987639888
2.7584899199,4.4469835455601254
3.4208548614,5.438141036949812
2.38554978944,4.0594944952464456
3.64536229184,5.715169478502574
3.34597778173,5.386041983687365
2.97485149597,4.7526093729150016
2.91633435515,4.7925020170212749
3.5872639905,5.808883927986467
3.17812161442,5.0654882505833321
2.6240700127,4.385172170110752
3.11884284317,5.0890133506763702
3.36186188391,5.4655912532005635
3.49825223389,5.5866252469445561
3.32709046266,5.2719418582553397
2.55000600479,4.2497252633284583
3.57798168599,5.763428182461511
3.74016499838,5.9521945059504677
3.32670206477,5.2867046750867148
2.3825082046,4.0607792955285174
2.93447745417,4.7781623127273489
3.66632163126,5.7970065142891603
3.49664263566,5.5658174868574033
3.2873099787,5.2377076735695454
3.56229736185,5.8064577044868706
3.77635580017,5.9813754383215576
2.47096928838,4.1433377825359097
3.78030447673,5.9804936160740692
3.71554438804,5.9566213396460128
3.61915083858,5.6962051653139332
3.73788797701,5.8997236711559244
2.9768222229,4.8923138881182027
3.16988411921,5.0550960592894132
2.73704701034,4.5153071617187708
2.90308124272,4.8267498908348259
3.60322529937,5.7307881777227498
2.71718947433,4.4940275907016192
2.8757488305,4.7279776358262682
3.73134422483,5.9436694428566721
3.63048576317,5.8630283118496447
3.02986499743,4.8937079683816833
2.97028458767,4.7828623695538743
2.52825661619,4.2180340913802317
3.48039176538,5.5718004360355318
2.75628515532,4.5859712993158368
2.38680444079,3.982003873014905
2.46342596494,4.1549206231736893
3.14392433235,4.9799738865986312
3.59663814768,5.6577119128931059
2.85264806124,4.6403349113515473
2.52565621807,4.1840918594732326
3.67466169411,5.8785721312524286
3.14573126334,5.0456536143596233
2.65788347397,4.4296459045702434
3.44652294565,5.437311809561459
2.68286602308,4.5185851573803291
2.49479949488,4.2091903319682293
2.52605425937,4.2198311759769833
2.50285526074,4.1924365602671232
2.99390127348,4.8028218527227535
2.99843588943,4.8655590962151614
3.143687379,5.0272494071787639
3.77136322533,5.9518095209938169
3.32924300119,5.3070812224309654
3.14879169575,5.1051677078957285
3.2372263772,5.2108829970547212
3.58076353942,5.7465839746303402
3.71378219533,5.8194461961904711
3.34916512612,5.4162559929867218
2.72649437528,4.5426366459876606
3.52554732384,5.6157185517899046
2.90680029561,4.7599495453201079
2.90567822557,4.8002601107909095
3.68341038293,5.8303909142468306
2.44185997728,4.0764286138793606
2.75893492869,4.4770939569355725
3.11663975569,5.0724577212038353
2.98061316643,4.7902679284241252
3.51732975374,5.5797259508320334
2.81970568929,4.6544855950298096
3.25153260773,5.2396277914789513
2.4623740491,4.1474788736569259
2.64178546382,4.3200805856629261
2.64107620329,4.3791060327960878
3.34495182788,5.2917715325104639
3.66855810166,5.7427612439971627
3.27009500959,5.231807080594149
2.63349588977,4.3074782656228185
2.86581696628,4.6419414391621876
3.28765758348,5.258304339709837
2.93496325627,4.8394861567018532
2.52691601754,4.2900878293887592
2.40134037854,3.9516135029004342
2.91403871414,4.7058654327631739
3.33627868687,5.2812295266380849
3.12172270886,5.0721118494207547
3.17166120237,5.0960959641364871
3.3692082894,5.4410401332279017
2.74734170568,4.5613629259387993
2.74391174956,4.5309346348182498
2.65884285625,4.3391536701920312
2.38768461287,3.986805185865359
3.18846871137,5.067264216183629
3.59751055495,5.6755869620399926
2.73760588212,4.5279420002120334
3.57327939574,5.7628762930752693
2.76825964868,4.4841091176746781
3.25734557835,5.2456981489893693
3.44420590762,5.3472008804680762
2.78557511604,4.5622721780681141
3.07363102148,4.9450485714015295
2.52261594844,4.2670073410054918
2.82965014672,4.6578750582683339
2.89162777789,4.6924928797515433
3.06171991399,4.911686086948194
3.46148966487,5.5163747771569884
2.51883117486,4.2323313578528419
3.58552730343,5.6153316448354156
2.37111310548,3.9594769481642138
2.5416552557,4.1560058601248508
3.17971642294,5.1157631782814672
2.98169751897,4.8402232712520901
2.86535606051,4.6311997072517501
2.951251803,4.803574579525514
3.25780833532,5.3093056877539579
3.5126487481,5.5428945012795809
3.07515736118,4.9872684669066754
3.03740779513,4.8878492706924463
2.42246766606,4.1184543646189384
2.78668774812,4.5609777211920646
3.06783579452,5.0207389231160926
3.77681339028,5.9970763645147374
3.04802980403,4.929982199424443
3.32820890331,5.3459612306979132
3.31208581055,5.3480641455011328
2.68572062078,4.4878393577556555
2.75248547287,4.5188288474041096
2.40020600292,4.0639791775573295
3.7947347352,6.066346634128144
3.048065914,4.9100694220667265
3.22679150458,5.1974372817504513
3.12885959815,5.0806039329540935
2.99765334982,4.8749447275089901
2.68235674716,4.4349584731791794
2.62722727246,4.3017156506955478
2.59000173571,4.303144339975141
3.70199982144,5.8745500270565234
3.38242194852,5.332446992778495
3.33553345665,5.3524991922156486
3.36548045796,5.3070724640795213
3.1552999423,5.0329417040992634
3.66697557731,5.8350692977093539
3.29173877236,5.1771960941536124
2.45110294466,4.1667969730199772
3.76371270378,5.8417034660269813
2.59819810222,4.2817794123926234
2.72520765036,4.4878043280782061
3.33421968716,5.3601590261323926
3.00779066426,4.8592330030044
2.76744692723,4.5988976084863502
3.16870005702,5.1958502511475642
2.76630296094,4.5284252527548823
3.46309742964,5.4241346174551506
3.35355265161,5.3392965143292486
3.29480371093,5.1927730346714451
3.44101456386,5.4293854885337547
3.70639847592,5.8546870995326374
3.20279349763,5.1094757144972949
3.3401226452,5.316706005232505
3.79491582972,5.9584588860613934
2.5700780868,4.2814196715078161
2.46401145679,4.1608764635326212
2.66466147119,4.4192239268003197
2.81193526183,4.6760044329142261
3.62712582685,5.8027771215706645
3.50982918028,5.5590421135168153
2.99219141881,4.7861821765986265
2.65686458255,4.5159416987754524
3.19491022186,4.9996614850113739
3.40745799945,5.4969139478484665
3.7000315701,5.7564336086074244
3.56697176325,5.6731640029172832
2.41180134988,4.0821293163183592
2.74059437966,4.4634293127843838
2.67672375366,4.3687854601294207
3.77816909346,5.8813360737095328
2.53424498284,4.2579693768116789
3.63292959234,5.7746765185634485
3.76215136548,5.9477454692966338
3.77470926085,6.0002378173514659
2.66462098818,4.3929334360986685
3.3209406063,5.3136208243940946
2.91120294859,4.6489244064777049
3.36493707201,5.3486596448686781
2.62903820277,4.3159674960919068
3.7243472152,5.8821712036858962
3.16335218719,5.0680810025181362
3.38673401009,5.4590763747258437
2.54201893115,4.2620488858766574
2.58864711618,4.2860118416222175
3.52011732082,5.6075115071059765
2.51065804389,4.190314122252313
2.38707114248,3.9959162237569412
3.15674720354,5.1848663471387955
3.35503050376,5.439237961135742
2.54944703406,4.2368374354351737
2.96833008855,4.7784489880388046
2.88807611616,4.6804967113330065
3.64095610114,5.749115022164057
2.85024797298,4.645682773982756
2.66281524414,4.4743653773335801
3.15334282793,5.1741934113921619
3.63991073045,5.8980882838084696
3.20818607039,5.078759627777429
2.96876486559,4.7707882826685077
3.77323818554,5.9344044669759564
2.72715913837,4.5084332290871503
2.69568852362,4.4274213887222
3.07820842483,4.9984722709721083
3.47599308196,5.5355163954190223
3.36754995863,5.4207791817583093
3.34206561252,5.4265969010537578
3.11635757409,5.0185410759592051
3.0806557161,4.9243933699673317
3.21079171247,5.2041565317202112
3.63411440538,5.8242272297234532
2.58231139271,4.2858396202621902
3.75463047141,6.0030889429251664
2.40353904186,4.0678758066712621
3.41002366311,5.4721856045060768
2.37392179912,3.9856490673185347
3.48066069295,5.4225226253589325
3.14213577044,4.973411474414287
2.97817268872,4.800751007708242
3.57029472083,5.6305200567874838
2.89809356613,4.7394674764081932
3.02126715353,4.861957406332361
3.6347695489,5.7523679647953712
2.9370714497,4.8255416894241518
3.28684816206,5.2303005916960208
3.30197724167,5.227994644507036
3.56298384631,5.6199859773309973
3.27009181545,5.2347304097569385
2.98587577958,4.9102892402220508
3.76167890976,5.9778330626579983
2.76226285796,4.5278664813489815
3.73021123608,5.9135572744412723
2.48195550876,4.1783597903314034
3.4443753405,5.4626867297229218
3.67232406778,5.7548017975906873
3.17285961586,5.1193147492619708
2.85982282513,4.6463735843144276
2.62187010031,4.2928586434942151
3.76457503078,5.9367334185358906
3.0895208232,4.9998163551795169
2.76949573391,4.5576347500796457
3.68466108343,5.7939214916421777
2.83918487869,4.6613174474973613
3.67318111081,5.7911787903610472
2.87589152206,4.7453166280967158
3.60168904188,5.7954768933013447
3.18172105066,5.2134947524234008
2.50298563449,4.2004547350502204
3.09903406292,4.9837506332581665
3.53737996119,5.6726770316989219
3.520815691,5.5720543602939241
3.49929914189,5.5259594856833854
3.51532307649,5.562525824584629
3.35202941961,5.3584237622369164
3.44820796763,5.5058918853090626
2.5534708055,4.2271612311970985
3.68985456062,5.794537854729894
3.56337107788,5.6936242041509511
3.05695995962,4.9807379054568672
2.48194357196,4.1040207869697714
3.13239119058,5.0761993663825979
2.87590982997,4.6419927197397275
3.71358729188,5.8507862253666696
2.62299625156,4.3768546732635425
2.94772459135,4.764927801414113
3.41094434916,5.4641486757606907
3.34613508186,5.2750568897917116
2.79886938876,4.6713071259947512
2.39195625871,4.0274848804284327
2.50164532246,4.1962264456405887
2.65969311565,4.3750587240839716
3.5366173262,5.6284265840663386
3.47177286797,5.4907382142204471
2.92160941394,4.8173666192677391
2.78854178612,4.5189454555488089
2.36692532336,4.0419617752367651
3.36881197859,5.3903927150805959
2.53345938931,4.1696570242104309
2.71330260036,4.4726841389716645
3.40477897637,5.5160974308063908
3.04920518997,5.0063356474314196
2.78747703073,4.4824553099937239
3.3784245485,5.4207517377862411
3.19073086491,5.2314716124187273
2.99759703221,4.8708460588825284
2.63711539807,4.4561197854190784
2.37600372514,3.9931089340066528
2.99401672542,4.8774317187624785
2.67366733688,4.4460492968390435
2.46366708456,4.1721069357931029
2.7881192127,4.6005486608076822
3.41377648185,5.4750009098060248
2.64796506177,4.3490677268929954
3.54934148316,5.5410143514028887
2.94685375018,4.7561996664361974
3.18721343794,5.1714159339362871
2.47978892666,4.1340456353348367
2.7020161545,4.5115313847033045
3.31329937294,5.2195596840872245
2.97603673663,4.860345750766184
3.36872417366,5.3163287736329776
2.71197452311,4.4297653567638102
3.70026671281,5.8923155794172102
2.65165479881,4.4107563265398166
3.78020938357,5.9702301153371593
2.79027140311,4.5965344171841886
3.21800265066,5.3164581658333709
2.38207933345,4.0429384814550229
3.44606519961,5.5878203660943377
3.11329904151,4.977982375694288
3.39187806841,5.3822800762386551
3.44549740353,5.5724444749361259
3.53238065759,5.6266203752705763
3.60006496558,5.6427898083125072
2.80362182046,4.4864472977527612
2.92996796,4.7288832116618487
2.79534631078,4.5239382583076608
2.62351181948,4.3061272288080357
3.41458841302,5.4416815951016844
2.41939278518,4.0446084353989988
2.4920428239,4.170026484753838
3.16420007502,5.0418461812415929
3.15507592998,5.0761381824030565
2.59924380757,4.3185924435894725
3.0378129113,4.7988312535729225
3.47990091248,5.5632570861572388
3.57262878536,5.6874468925913364
2.95454359043,4.781524530683722
2.88147459499,4.7071143659298995
2.96601397148,4.7915237402412476
3.13591443735,5.0023449876933004
2.89782255121,4.7387113240163181
3.72549282969,5.8732270699939972
3.80245456774,5.9575558686421548
2.90703440328,4.8053668141494335
2.42251369918,4.0229959605273864
3.54899639412,5.6248497943172513
2.77780300664,4.5109750669303503
2.54918733811,4.212779449333043
2.92621933338,4.7547092156374831
2.47678929392,4.093305111707477
3.12644323797,4.9937179535089742
3.03051845781,4.9301039096024093
3.27367051549,5.1633721377675332
2.40642343684,4.0515403713729308
3.43577256797,5.5898317589165538
2.89475586148,4.8278887981773124
3.19747878674,5.1474198659698622
2.6126950346,4.3331316128046709
2.49310360874,4.166089905618918
2.99040979511,4.8476594566774809
3.21053354322,5.0927093110086581
3.6546096125,5.7581824460365674
2.69293637477,4.4367180257905678
2.46023358207,4.0869079867546585
2.68994730338,4.4693198005430039
3.709821602,5.7346898648881597
3.61720034144,5.735516130525653
2.74511529345,4.5097396068591085
3.15349992896,5.0945460045254745
3.07664282886,4.9922497780255428
3.35141930328,5.4312379761152476
3.32658508035,5.3288100425258609
3.33053252021,5.2947816812224699
2.48402528655,4.1802576381297056
3.19676827154,5.1375236500085695
3.01590927758,4.9084905394117904
3.73577406966,5.9402953889591528
2.72633271296,4.4726591098894231
3.59246909583,5.6789923355130325
3.69520317426,5.8129216040973528
3.52109576547,5.5789136525904919
2.61541697253,4.2146965815862378
3.05083984843,4.8991469555366116
2.42098396838,4.0412056569510835
2.48393138632,4.1984607283956397
3.35937605422,5.3077735218966895
3.46961965803,5.4996287392751908
2.87524842263,4.7262964228098259
3.33761823822,5.368553935692149
3.26570147644,5.3201106137829735
3.19088030694,5.1102264024245452
3.38763873381,5.4518474917970092
3.0195243128,4.8723241989552095
2.96118184562,4.7574729476785809
3.31561349015,5.3496781221663898
3.01594006071,4.8377015250237649
3.20415323125,5.1155235054404367
2.45291760061,4.1382427998508833
2.64996227558,4.415899362512234
3.21758039694,5.1767209071180114
2.6981312004,4.4274619355409248
3.29952365357,5.1915297916283798
2.53528409248,4.2252201626855683
2.4291981724,4.0792598708586354
2.74236319023,4.5043321591075438
3.68149419549,5.8330611677929456
2.98463481378,4.871754367694292
3.59155511407,5.6727522915593083
2.9742293919,4.8937224227758556
2.71978461791,4.4654417066053593
3.66276005836,5.7049838629665608
3.00542562656,4.7982229911103076
2.50964101376,4.210475821677572
2.56442058758,4.308849274551271
2.96774910633,4.7886290907568609
2.3964308105,4.0166111406977789
2.93912484748,4.7547654313985426
2.71354207795,4.4811379730899361
3.12744489358,4.9990402335700104
3.34099504279,5.3358986580745915
2.5781866765,4.3318515963518243
2.98843151362,4.8609979327666526
3.31916813579,5.2627556973600216
2.59499996325,4.3547372439124246
3.49650919935,5.5375921656949005
3.65545447095,5.7790793387303685
2.87893677255,4.7018256876832005
2.68050303427,4.44165260774286
3.40724300193,5.3471024509292127
3.64638004,5.7864491156469793
3.37384397038,5.3081754511626213
3.3199184594,5.3029736541532211
2.82774217328,4.6366780820451998
3.55743973551,5.7555270874781561
3.15587559744,5.040273794307641
3.61118290716,5.7539527268947577
2.43417347828,4.0912459262055156
2.43502624942,4.0984319582947535
3.1997851907,5.2459693175705171
2.88828498384,4.7152980159420244
3.2008423314,5.2233622772238713
3.05749082471,5.0564887805761867
2.68697354116,4.4702856154638679
3.39885601663,5.4175623600163441
3.05577670141,4.8925936703293154
3.39244949184,5.3904938841919083
3.15232548753,5.0679863241477188
3.79697989974,5.9942090437859008
2.93555866171,4.743658154193434
3.34050760612,5.310265442245762
2.97050025893,4.8348297087966516
3.11708452112,4.9173218743662241
2.98511047045,4.778597514230972
3.28721351872,5.3287315116883089
3.7018029997,5.8388428796315903
3.37754169021,5.4269795507967293
3.68231468833,5.8210714017068446
3.15387781798,5.09935967865861
3.28395813572,5.285614126277892
3.35963966881,5.4095109223634115
3.24053933814,5.2671238969825316
3.53656176148,5.6286598939598633
2.63823907551,4.3607733321453575
3.6835164592,5.8270601996285158
3.48604614995,5.5360478573445659
3.01678971631,4.947501315717969
2.97609041944,4.8771061822386663
3.7402945085,5.9698782625427542
3.0374114306,4.8641878617766192
2.80962593092,4.6089403723145184
3.57070427888,5.6964149125208756
3.57155377407,5.7607529070233729
2.44661450242,4.1555908213498318
2.63864240492,4.3555335387929945
3.22645714586,5.1977718214359223
3.1472663338,5.0648274203718131
3.74932047962,5.9130235010589063
3.37343165407,5.4247574500025237
2.74307816961,4.4437462455797654
3.37312556769,5.3676525712043768
2.94651942826,4.8383955290441518
2.76060598298,4.5755879431088458
2.75569653004,4.5278888118217555
2.96138888008,4.7696210719644032
3.13339184964,5.0793790785161583
2.96516118301,4.8397181260269093
3.51353319287,5.5614538633638846
3.78804518758,5.8515286786273766
3.33121545228,5.3857431481489524
3.75283908409,5.9697087988539339
3.73130433644,5.8549567567367662
2.86210970491,4.6554233149035458
3.66017323223,5.7576026256947754
3.73058075243,5.8093080903840502
3.80011683286,5.9827074634726563
3.14430908402,5.0725154635319614
3.606177671,5.7839234043905083
3.54294591861,5.6146841837846244
2.7443014417,4.4551962306891619
3.29682313688,5.2755017534645292
3.25491528519,5.2602817030541633
3.73616726894,5.9511664139771101
3.43875860997,5.4860483497137382
3.53924530177,5.6877209855261732
2.9867010692,4.8275407836380273
3.50867071501,5.6785885152280091
3.06462332468,4.9564285849277745
2.43896975389,4.0757646300152794
3.71099476722,5.8393018110060311
2.83684088672,4.6488288285438664
3.474907731,5.5568612449869832
3.11821110712,5.0320204585145651
2.48934642112,4.1567528321410112
2.41194591684,4.0369881248817592
2.63484798392,4.3957619505718784
3.68192846813,5.7841365451083355
2.76512960188,4.5041917789289929
2.73461843254,4.5057428504349204
2.58496113929,4.3267183589448832
3.07146302726,4.9885330653379585
3.20466561606,5.2406549923065056
2.63486856727,4.4714033552195156
2.91006698463,4.7822306466961049
3.29719224393,5.3359981733363382
3.75773527486,5.9156712268555101
3.16999763791,5.1390193609648556
2.75729105309,4.4706966756344544
2.51689030188,4.2243850056248613
2.75678496788,4.538320994498692
3.17623877579,5.1439793793596769
3.09679463454,4.9609471785322894
3.66971651934,5.7331426338139604
2.94549617532,4.7912270674928452
2.56488470096,4.2729224520986291
2.58220241392,4.2248906570325602
2.4660068485,4.1895232929345649
3.41447152611,5.3921279936463788
3.07209168151,4.9378627521847331
2.41905858074,4.0710248072812529
2.42377108562,4.0687195429665195
3.03343630274,5.0025192324046497
3.58972637198,5.7886205137785645
3.16874814673,5.0640998720107273
3.44756337197,5.3816681919463871
2.47693010691,4.145527389431086
3.73978143086,5.9361027552182497
3.44139247581,5.407466900299033
3.15208341183,5.0804094818941055
3.34836684413,5.3761837746601024
3.39156139673,5.4992024860372952
2.90182341025,4.7027822004041973
2.6384055519,4.3567045483028926
2.42686948804,4.1373809633714318
3.59953496845,5.8151965720682472
2.84617790449,4.6321868621189539
3.40351076922,5.3887507638395844
3.08347382062,4.9560742456509708
2.93015607571,4.6287801595266638
3.04905092162,4.9449580475640449
2.6881834667,4.4286896596704377
2.95216176109,4.809378121454345
3.39791548248,5.4772513793837243
2.38857874383,4.0512641021177975
3.26287295882,5.2931962177144642
3.73781162488,5.976184302466466
2.61761211735,4.3031280300625072
3.38553561418,5.4651940514900019
2.88102310777,4.7474577948454444
2.65324073729,4.4294702390700573
3.66940863455,5.7861461509552763
3.27455404244,5.2716870428418927
2.87161302059,4.6585401374434934
2.53704045154,4.2582683797742389
2.44099347511,4.1107010490967681
3.35042811336,5.2576567147118318
3.58554271906,5.6248748885797974
3.17120099888,5.2229822171819125
2.50375690747,4.1644480396201047
3.51095845986,5.6102513090611872
3.04458114805,4.9362449798933312
2.82567226407,4.6253967066764829
2.89240709117,4.7257267426723368
2.40300682718,4.0345434636822564
3.0032749511,4.9191047193529664
2.40948103518,4.035541357459091
3.16891027315,5.0909416073778191
2.70815694873,4.5189134360579928
3.665521702,5.8168406580110217
2.58653680553,4.3195076187759787
2.58997852679,4.3820911235643045
3.29732084814,5.2831881900034317
3.54781378944,5.6335233210902551
2.83435059072,4.590641430524542
2.89981811808,4.7224159834020725
3.13437184219,5.0576557362190675
2.94019990552,4.8224648089722884
2.45159434998,4.1035719196609959
2.95523965403,4.8379059975927019
3.0991033305,5.1026465184733754
3.15868872557,5.1419708434703084
3.40275680368,5.4119103692087025
3.31996526391,5.3201085644861319
2.65485498865,4.3299712052670962
3.27134259864,5.2268307553294813
2.38969112397,4.0525774309141136
3.50938728115,5.6114849468340422
2.51693859396,4.2394453724932566
3.2148191105,5.1170553906481482
3.24876787101,5.103938369791317
3.60035821362,5.6663915357118686
2.96506938867,4.8288606230145055
2.81467550709,4.6441307653108943
3.7139567109,5.7531351391454049
2.39555999708,4.0035693586367858
2.38591895373,4.0250695180984906
2.52276803272,4.168555882603985
3.67053887079,5.8430727116955081
3.51711775938,5.5440695086712966
3.74285830438,5.9168908728664151
2.40074617046,4.1038522294705642
2.69934940458,4.4341964041899224
3.55075547371,5.6270683493490008
2.40687531388,4.0620729312470445
3.495893157,5.575263795678131
3.69301464252,5.9359834834339731
3.52670605111,5.6034512129198708
3.69741601029,5.914492748628418
3.186470667,5.1457417705351558
2.86407250983,4.5662398043640566
2.8148124501,4.6416290253762167
2.62185773478,4.3280119983055956
2.42630018383,4.0461785585536205
3.4088012438,5.4591593816726069
3.31462764847,5.3134481030422931
2.79634530675,4.6227716098251141
3.43441168642,5.4686819288640862
2.78270653864,4.6035592999897244
3.36514232295,5.4655604679849539
3.28319199321,5.2965393047682889
3.23407134173,5.2165732649043495
2.52747470334,4.2259565874517424
3.09460820144,4.9621888352725216
3.29865632067,5.3755274713942089
3.08716258621,4.9176424351756101
2.95539077988,4.8337951569214663
2.45824842635,4.1366385774773589
3.61493669677,5.7088995109499638
3.43330939724,5.5641160859981138
2.70196328778,4.443899342267823
2.63869419917,4.3970755132051407
2.91039171746,4.6883384908339867
3.06500072571,4.9507260656900582
3.19425741977,5.1979455500979626
3.78772489408,5.9839775889629205
3.33920539994,5.3865967531314114
3.17646025379,5.0849072878898518
2.81349123212,4.6227986886696124
3.0948598026,4.9757423818640927
3.30668602327,5.245856840987023
2.93500388546,4.8307456586689934
2.95272065101,4.787114181134033
2.80138759958,4.6009185255877352
2.40421988154,4.0736018352375476
2.36762497551,4.0538900325529896
3.44387831733,5.3962613842539842
3.28101599576,5.2925216334977936
2.91271260147,4.781958345996185
2.78769664744,4.4847378378862137
3.51334849709,5.4438794369731216
3.18333151105,5.1379360014939879
3.23811222567,5.288047469686858
2.608440579,4.38418437034644
2.980877496,4.8236093375201046
3.52864974585,5.5568420954088928
3.70839515022,5.8774375416266613
2.40531872308,3.9921564652845749
3.55745777197,5.7246998515833898
2.92898959043,4.7581109509870112
3.73305517597,5.8584346261398998
3.42269360244,5.5137140750591414
2.82822700189,4.654471857488141
3.00199451388,4.8429603461215178
2.5889914853,4.276025524175493
2.91871075717,4.7997477666566155
2.48284974317,4.1935730222156877
2.54314351424,4.2860407147386779
3.5465576674,5.5470203230171169
3.07071470004,4.8935665624675444
3.61683290427,5.7801659753099344
3.79937472486,5.8751119277774038
2.51597370556,4.265982787868956
3.17424509115,5.0624016675017938
3.59308954555,5.7162303312577256
3.06519690893,4.9238310091296844
3.69435319794,5.8237251175569469
2.46922010383,4.1518914745022153
2.77148888036,4.5478607493221963
2.93712681236,4.6862150489947272
2.94707565623,4.7103376764430376
2.94154922805,4.6921005446233366
2.96347901219,4.8595157278403915
3.77086722824,5.9261290908406092
2.90699009035,4.7496864693957681
2.9084444191,4.6414241988731693
2.6641303325,4.3980529089481353
2.61095785819,4.2634197238062672
2.64357194212,4.3882032065984564
3.23167016423,5.1521663577962711
3.79382756426,6.0430726928203917
2.84999221272,4.6695921022309985
3.5161665686,5.5717260606184231
3.63590321651,5.689447557177564
3.25067901509,5.2288365052027155
3.02750339683,4.8902213053714449
2.59425915071,4.3149525138222646
3.51828739277,5.6439263271030669
2.96591375929,4.7304531580530398
3.80297823363,6.0148080276184634
3.01787148073,4.9622703806825061
2.93289670373,4.7932683395717683
3.42649630868,5.4829669370739289
3.54552735013,5.6715152288378201
3.23799900424,5.2042972104727383
3.02380144985,4.8545639759443713
3.66083539447,5.8012512711273843
2.46096501476,4.1168951788666783
2.69944721881,4.3668441635247337
3.2033710508,5.1302742228346121
2.76086779608,4.564261367967811
3.19201358053,5.0964289838857999
3.57614956971,5.6720526667498099
3.01315392682,4.8836191863080671
3.04663423836,4.9566482984831195
3.27165236634,5.1846461550770178
2.5523476367,4.2566125042538605
2.38184906837,4.0575167716310645
2.39526757803,4.1074710780287012
2.67721991486,4.4326569848920769
2.81077176535,4.6421629408057372
2.78378509523,4.5151861781735176
3.44850145503,5.5745427091488704
3.71539448216,5.8214657942699937
2.90263774377,4.7944679522072953
3.67576963894,5.8806269552908441
3.27437391441,5.1807760098316535
3.23262847362,5.2321426859083759
3.25796910554,5.2739459148196222
3.53008235687,5.6593711940916265
2.60637142842,4.3411826589505962
2.7053081028,4.5016640768473168
3.15522957916,5.1533459264831354
2.50382951163,4.2111318634510733
3.04150591343,4.8898067044446059
2.90345666817,4.6438876178415915
2.88031057047,4.7088946693676457
3.31540114906,5.2501729410411553
2.80456609018,4.6112528375423141
2.92500318644,4.7739993913157672
3.09504365985,4.960723234517971
2.51340269148,4.1569087504831757
2.42531776191,4.0812803420467629
2.99455782718,4.8116630040314412
3.53933812774,5.6925431406627798
3.34695030783,5.3768756154690678
3.72863619609,5.8635571856359938
2.57258682348,4.3038802704368893
3.03737918909,4.8760624902483043
3.6919310291,5.7019022040819198
3.44092178889,5.4417272562525936
2.48816598982,4.1561016642232458
2.81850092256,4.6156336689977557
3.09400675796,5.0306219059954067
3.36901613784,5.4623815080002851
2.82322431193,4.6824782688268023
2.80644568522,4.5639022126369255
2.52206530115,4.1513370152785187
3.72534611501,5.9607603610492053
2.9754502983,4.8940062464660334
3.46548447924,5.5242439435211557
2.78538010686,4.6180941920764793
3.01128862698,4.9290429964297697
3.63675756732,5.8338735530354189
3.11870273673,5.0540925959049892
3.63476534427,5.6464095431745784
2.66638654959,4.4036409320739462
3.45090055545,5.4215808252641908
3.55572259249,5.7007710668213969
2.41331505245,4.0691290058761309
2.87972775815,4.7135135414124951
3.41292828007,5.434149306389557
3.07368090222,5.0277085859983508
2.67413871726,4.4524786166108212
2.85425257175,4.6549813172993559
3.12874054769,5.0620286914703989
2.88595471026,4.7895889706105361
3.3973912003,5.4421262068839127
3.02290464436,4.9009751473748411
3.26815023123,5.2686397446585795
3.41036759604,5.338496175479075
2.49485108773,4.1051879424229663
3.48533311097,5.4438540635192769
2.71724961302,4.4909300918387363
3.20230048092,5.1380463369783378
2.53608835962,4.2422582559061706
3.53622339131,5.6260667276645773
2.68488897562,4.4247643314500857
3.23331236549,5.2907871590284872
2.96624160293,4.8048932179520101
3.13946196025,5.0416718268502709
3.75746416032,5.807346515793637
3.65355591352,5.6779868250481096
3.41219228848,5.441055011165683
3.49359192492,5.5676444011345758
3.12510120383,4.9888875112983389
2.91715560133,4.7509113477169924
3.05834856728,4.9775681615688097
3.10521336315,4.9875991481385125
3.79089136072,5.9169848501871822
3.09768257936,4.9784131659710136
2.84793932693,4.6320384236724328
2.64993939373,4.3913609433290528
2.414350431,3.9860558271948925
2.89227632114,4.7405220178841514
2.41131658283,4.082082137067478
3.4465821486,5.5813237713107702
2.53539595194,4.2477254700468956
2.45108351265,4.2220138856793223
3.5156574631,5.6752986257932347
2.70051647949,4.4755897987015283
3.3365337427,5.4061953571788299
3.20090574556,5.1596350081199382
3.22603195665,5.2642466883492318
3.37721213366,5.3256028844379424
3.1646348813,5.1122876715661221
2.96222979899,4.7594383203074928
2.54964206046,4.2998312041093536
3.35800209868,5.34564349925685
3.06687966793,5.0438076579313513
2.58803263438,4.3429443507417238
3.68785858553,5.7950455942703254
3.79434126272,6.0602018261683464
2.57671092543,4.2370027208813621
2.38922412069,4.0335723766891221
3.40358654065,5.4556036107818429
3.51629543107,5.5821757939984042
3.58814737359,5.7008027539655703
2.57809076588,4.3284143279684049
2.58539650388,4.3244942548874183
3.57655543369,5.6754880501085525
3.3017749254,5.3038071405157261
3.80199342322,5.9870475267278698
3.62314608111,5.7143382205285196
3.45855523158,5.5473877892061276
2.83071030992,4.6047223997906297
3.33978923074,5.2804851737329006
2.53046240404,4.2099786765468066
3.33853458411,5.3210480137223115
3.44436321791,5.5762850587017141
2.84336539791,4.6339393176458774
3.28476561298,5.3131487434030369
2.41721793999,4.0219142435507624
3.39763321518,5.5356899402882878
2.58046364695,4.3511256341883584
3.21030155202,5.2067487503657111
3.74965278535,5.9337902100208524
2.47915583189,4.1475223072164189
3.65870353947,5.7166902224287632
2.66512753845,4.3906215194728819
2.36964852318,4.0212104769745043
3.12186116631,5.0536544573640798
2.59137680659,4.245156879152848
3.10020159661,4.9267776599579411
2.90304848592,4.7709913360957206
2.45465242182,4.1414242338128293
2.89942073205,4.7591202835894251
3.20609258598,5.091279052361072
3.44193472353,5.395297307556743
3.22517519284,5.1420126350750932
3.00671224624,4.8895653454140966
2.65618318034,4.3671770434448147
3.08751510535,4.990371661420884
3.62467113531,5.7464631201715513
2.60691950187,4.3353916028425195
3.27265682885,5.205358842344868
2.50264014889,4.1945110942809993
2.93449167366,4.8005296709145426
2.42380743687,4.0185566100655974
2.79580751259,4.5788767126193299
2.59064815538,4.3232969218779855
2.45251736049,4.1753623872035455
3.01799126801,4.83922647951192
2.86072458175,4.6358249426704239
2.90185134296,4.7381245297679886
2.71857387888,4.4681886724919888
3.21713658717,5.1735179115068473
2.87614898184,4.7929625315825017
2.87111592287,4.7102576463018195
3.18143817084,5.1955417540839006
2.97587976111,4.819989101422264
3.73129794587,5.9814656855144319
2.48937125385,4.1624924124576861
2.3874002593,4.0340440036086846
2.90956546042,4.7991778326190353
3.35694863183,5.3161944602367202
3.56744338718,5.6088662353570351
3.70938597699,5.9408268328094067
2.41075238146,4.0375616789044013
2.56106556378,4.231581355136699
3.01013061491,4.9772018882210487
3.37831590697,5.3214416773569555
3.41684721177,5.2458401936329579
2.78359884614,4.5709737839102278
2.84605432401,4.6228763842534875
3.30830911649,5.3210819403005125
2.90454355329,4.6552592797454206
3.66671793849,5.874216903055606
2.38098905991,4.0494117021854237
2.58983279017,4.2815563879792951
3.07637784678,4.9643781112753773
3.75277015958,5.9261872015044892
3.66454475842,5.7496589478378617
2.92842874224,4.6782561564553653
3.47417180636,5.6219636055082978
3.46328109507,5.4759598765823698
2.79607053443,4.532980416001152
3.41937263904,5.4734026499727308
3.42927960305,5.5161374285429519
2.4727449764,4.1553526389299211
3.1808112834,5.1484955265376264
2.41520547503,4.0437944774979435
2.70266153401,4.3888304065271848
3.02520238103,4.8442459976796757
3.67319189269,5.7602995750789052
3.65904696121,5.7899444884536333
3.74840229337,5.8706060951030654
2.56742543739,4.2387265051523713
2.88855806802,4.6996385778053344
3.64852648096,5.748246952070768
3.10541387581,5.0337328008447582
3.02477216057,4.8358800202521666
2.38096116306,4.0112833268966961
3.55632838669,5.6774414877320973
2.62806630985,4.3614129390400986
3.13953153534,5.0808276363566431
3.40163153571,5.3883167327202246
3.61429404066,5.7043922293015186
2.64873620036,4.3866996703682251
3.3058715751,5.2817376464875032
3.62294387841,5.7662151510538395
3.57631195317,5.6909335316691383
3.3873638809,5.4634389072910228
2.67281678153,4.3708892136820836
3.47105256576,5.5162362311626589
2.44838843774,4.1357347255157171
3.43162843825,5.5114289820527258
3.1446926615,5.0097420170443634
3.03500969544,4.9396492932124678
2.70306574282,4.5373929868101195
2.78084713143,4.5512285019436671
3.07713493781,4.99868465632
3.45112669322,5.4452392702556516
2.9977438986,4.9259735505548976
3.43206625548,5.5338652717272527
2.73891883942,4.5997920129179883
3.0164333851,4.8836320096663428
3.3092166142,5.2393666241434227
3.53860275352,5.5676938637137656
3.40815222927,5.3861091158476793
2.81274976473,4.6173759409553927
3.27851299628,5.248736651046209
2.97101980578,4.8455331439437197
3.4154477808,5.4083948866898739
3.0709626831,4.8503230565607458
3.31434838102,5.2990113045634262
2.55067247375,4.3112497009006026
2.69571033168,4.473511260472244
3.24953851857,5.2920023731834398
3.38294974477,5.4310546357374374
2.82161374465,4.6092121057124213
3.57378918497,5.7402328095168116
3.41787561712,5.5059203188003556
2.45130007846,4.0985259845281226
3.57537617846,5.6772311070267341
3.42191420285,5.4570173242672331
2.89586264115,4.6823629421437074
2.80656690211,4.6230832001726627
3.09944958932,4.9565970831535449
3.41985067655,5.4600045343311354
3.28126430745,5.2401762216189534
3.05919757322,4.9174028948813344
2.74455296981,4.4862455974471125
3.3932707328,5.4013622110428408
3.65886267206,5.8103522733538453
2.92327057258,4.7635224718440785
3.78871425333,5.8954369558208679
2.60845567969,4.3756319001893571
3.72992156264,5.8549962184289139
3.49188428503,5.4643079271526211
3.23745003258,5.2350679261143478
2.54643319865,4.2217931039097358
2.4392564243,4.1163911912019415
3.3857665639,5.4129489537123527
3.54207679141,5.6644468727121069
3.57016034451,5.7198252319178762
3.51411020244,5.6615858069993612
2.73738639838,4.5031254353713441
3.38608979409,5.4365825510000079
2.86228416899,4.640153768158795
2.69495140036,4.4343304982118594
2.98416505991,4.8537793028375322
2.58420127799,4.3352918951563018
3.07177650065,5.0334390321094986
3.72903286183,5.9232145813547454
3.24102286536,5.2418785916696784
3.65816816978,5.7192081983567791
3.56852536842,5.5910442970860794
3.80132111141,5.9086029187589943
3.32695437149,5.291691698208159
2.71241973647,4.4765564006431102
2.76905742848,4.4953418604519193
2.41472446799,4.1268916649954264
2.6247964894,4.2875250930476678
2.65698390217,4.4540704257750905
3.76025350263,5.9955234431287421
3.45398335588,5.52503964414145
2.8473461505,4.6127441235750162
2.6885427797,4.444990340030996
2.50652926994,4.1318728428898606
3.47132648177,5.5682021790683995
3.10364391983,4.9923671469283954
3.32599506732,5.2815469280897362
3.12484304616,5.090658536564022
2.74980989091,4.5297118638391138
3.19352427132,5.1063673994026901
3.13685238273,5.0880222025132147
3.31309957193,5.163365119548156
3.21320231731,5.203086130959548
3.52424579103,5.5820408668205967
2.76606402136,4.5526853349622982
2.97317640167,4.8013206560387891
2.79395666524,4.5628436884502293
3.55982164587,5.7474431991418422
2.54360924602,4.2742751120772402
2.8209866213,4.6536167886629345
3.60053340049,5.6924148454567023
3.2418676857,5.1975006393452752
3.35475906218,5.3217661008824981
2.43278369135,4.1325955459979316
2.45102816681,4.0032797611815463
3.72801613592,5.860939574226169
3.31533752695,5.3922602286583921
2.9731326906,4.8044089327404889
2.67329329346,4.4661070359134447
3.75314227741,5.9524525442708738
3.25195210681,5.1249721260345353
3.45765991,5.5405791441136971
3.26370340322,5.1774725053284225
2.4414326866,4.1270979166204063
3.0474689299,4.9788913003837951
2.65765927173,4.4586057694871384
3.43719127935,5.4305050315914283
3.74725694911,5.9700775016544885
3.79603497562,6.0258724144727891
3.22528215483,5.1814585684653975
2.96951191593,4.9362033236088392
3.22164411171,5.192042743958166
2.51870098313,4.2344933172277841
3.51145185057,5.5780150369787318
2.78718913777,4.6377944530594197
2.72461226527,4.5480471674425687
2.46997754538,4.1415626012165152
3.74723217921,6.0352210538893756
3.04170401051,4.8762729117369226
2.69619640757,4.4843252695560931
3.00177511427,4.9340263229546952
3.78587335241,5.9664565136139922
3.62045320419,5.7864537326370016
3.59643060808,5.6251202425483182
3.1227616556,5.0445573313774688
2.813175836,4.5939172413200122
3.16317696679,5.1154324565157623
3.63599917604,5.7465126914922218
2.81706138934,4.6252824287895722
3.57327365095,5.6946110992395935
2.54045134531,4.2234881891788199
2.53321376183,4.2392448801421985
3.64265786939,5.8010033793179465
2.93950559376,4.7744346550357193
2.57033426076,4.2888661279636606
3.40657843288,5.5201731326590853
3.04185346885,4.9088697862656501
3.18911233538,5.2181296600635356
3.16827227904,5.1127388524815247
3.39200199442,5.38112137643824
3.3032109564,5.3669409386428581
2.43630857051,4.110064891910679
2.71123193218,4.368282372390409
3.74024932928,5.9108206064424627
3.07365470287,5.0025379906569043
2.8166795251,4.636683512914769
3.76677425936,5.8757504136799543
3.35181368023,5.2922408862321344
3.57017871371,5.6112225868694683
2.63062759771,4.3223019730460619
3.80234068408,5.9207158133184921
3.52815601163,5.6643055537298244
3.69796748709,5.8208149842094956
3.21941951671,5.1571485133404291
3.61742941059,5.6975595169396254
3.18557781484,5.2095124594273896
3.62326200856,5.795736938811066
3.24813837903,5.1413082892921755
2.80012282351,4.601781136404111
3.60947613422,5.7256767117535041
2.80909671414,4.6179650222992583
3.52207878802,5.5061790595057793
3.37512784441,5.4073958329674641
2.51652029619,4.2183263630275771
2.40889250163,4.0450336356831693
3.70200596218,5.8292979964872016
2.71278680003,4.4909033716445625
3.59291003067,5.6527438498375231
2.94493361914,4.6178108581650292
3.1960921619,5.1373404516722623
3.21774165369,5.2473658672365913
2.43778379702,4.0630237792645696
2.47599797356,4.1340507700235767
2.98532915015,4.8370475724236108
3.20611355662,5.0905821764601606
2.57860485637,4.2819374920357784
3.17966560577,5.0995513635756682
2.76520508919,4.56722234106799
3.31053355295,5.3682639757079542
3.22413142604,5.1707224929369859
2.50606140533,4.1459545617081446
3.02021564293,4.9459978195133427
3.50050689299,5.5987508353836422
3.62005963034,5.6995313653224251
2.87674329261,4.7295782329984108
3.48700389032,5.5895589994777897
2.37019687888,4.0537550676311618
2.98259896178,4.8336942969120633
2.73524821461,4.3799826849550261
3.02839247669,4.8994069639357685
2.82523775555,4.5911518260498747
2.74816029066,4.4522000336918142
3.01004295223,4.8209883537160874
3.47300718192,5.6602109227532136
2.45651768585,4.1199666338368246
2.37827863816,4.0403337340994803
3.75270260355,5.9122278310958736
2.55013242154,4.2633905553178826
2.94409055477,4.8034840913997012
3.06575036396,4.9468300485730916
3.40476776942,5.3767978354672357
3.40687681256,5.4166403735758291
2.92713537056,4.7511635660314759
3.3183111179,5.3789717287753191
3.23337244402,5.1617050893880174
2.85306642481,4.5962018387830774
2.99417362686,4.8555461156822064
3.17698570534,5.234514982424689
2.48736750143,4.1357819535788627
3.63139683597,5.7556375984506891
2.61825814478,4.3616972629811226
3.4513521473,5.5183038362605448
3.17630265284,5.1538869454306262
3.60077387685,5.6818688356056368
3.57721199166,5.6582718270803261
3.07490672553,4.9288257636543822
2.83301096515,4.6658763841779587
3.38048342935,5.3881536074395617
3.80042522219,6.0329431673222649
2.91173618707,4.7170820619376137
3.27069131486,5.2208172740591436
2.51012044592,4.2289751933764066
2.60266650597,4.3741008279097811
3.24335312442,5.2648989282597958
3.17083814282,5.0980539763621548
3.7246294527,5.873637089935646
2.64824715074,4.3814577930023395
2.66967605056,4.4066395720681903
3.36691744066,5.3823060108691809
2.87616346351,4.7008506950953244
3.28657086558,5.2664479939863815
2.84612869407,4.6205761579105955
3.62665014275,5.7150801536675813
2.60258564197,4.2767289298432427
2.54689047565,4.2211028831379629
2.50194028598,4.216546398478731
2.70214020357,4.5146020698496265
3.52778381913,5.6929522785742526
3.74092550209,5.9724376122018281
2.58419528096,4.2497297309956705
3.44880752209,5.4045620573319271
2.7427256614,4.5828759741952334
3.26134274728,5.2783728922050939
2.73493423025,4.5195171076175029
3.18230845534,5.1832047267240773
3.54856010347,5.7020048653355149
2.43608083791,4.0505440435192224
2.46854483287,4.1329820808329467
2.90806083,4.6834944830609366
2.46379114381,4.1734509442405274
2.63382821038,4.3635068428347754
2.86537671042,4.6309526739919153
3.19945422786,5.1588036503912598
3.54670779033,5.530926115274351
3.04416560381,4.9845238380771564
3.24849570313,5.1914449614767504
3.67683825026,5.8855395633896332
3.66976550574,5.8380341984865103
3.59381938571,5.6686546109824354
2.87689154138,4.7282170137515624
2.84374882711,4.6084409587856134
3.60240339617,5.6773514535096083
2.47621283834,4.1620813922886315
3.70631952448,5.8426248608305835
3.05864689103,4.940608402769362
2.45330239454,4.1406167958019298
3.47317844068,5.492158594018349
3.57372186952,5.7013255279365413
3.55547916268,5.5849810593964895
2.96097138775,4.7689478466423454
3.62770769087,5.7517866916096638
2.66147813845,4.317774120266713
2.50251193273,4.2188222783342306
3.59155029305,5.6289012093159645
2.88219686066,4.6834946060009219
3.77450482904,5.9556927944254214
3.46684835801,5.5428334551541738
3.63555844597,5.8109179983824841
3.66974370281,5.8786571048411718
3.65399169117,5.7986144990348016
3.14979047101,5.0817917472162355
3.23234568801,5.2154565786266271
2.43317990498,4.105808758965904
2.71145173163,4.4346996484911898
3.38817826204,5.3624055053964446
2.71005049398,4.4455404042376561
2.69888438432,4.4844371909732068
2.66210787756,4.4251471539160221
2.81440207975,4.6262342071793876
3.22219571188,5.1663267119647882
3.43398693083,5.4976674192078487
3.77269811814,5.9585671762396544
2.93873218925,4.7522812231840854
3.2884046752,5.2492684710616642
3.61306213045,5.8117449065180695
3.660502783,5.847510309859123
2.36930054387,4.008715387077304
3.72060491123,6.0235465509543076
3.16491271851,5.1287986471484377
2.41154711757,4.0380610512339867
3.79256892537,6.0257743956842793
3.61816731775,5.7552982471441601
3.50461728444,5.6331588617853718
3.18525089125,5.1099006989577447
3.00469094383,4.9558675473163989
3.64527374814,5.6916840912143849
2.7173587191,4.5171688880731393
3.03586885505,4.9100827058760315
3.71768631973,5.9675091450453746
3.27702411761,5.2381284999288074
3.10149695862,5.0402633979412821
2.65278664292,4.3979382760860206
3.08120239812,5.0835468442117877
3.48134117285,5.538136959916578
2.67297078185,4.4518639746845849
3.61167488826,5.7162410127254715
2.41379792327,4.0901933970057751
2.63606567393,4.3609041792826924
2.74407616633,4.4909235661621256
2.493070909,4.2358650951803467
3.23494169028,5.2224370415153425
2.59180258846,4.2881629361612372
3.23788803866,5.2446918093651362
3.3373063825,5.4694114194526735
3.69990173311,5.8887679555553332
3.02974086129,4.8201901489265673
3.61045751559,5.6424274687167824
2.6981683303,4.473025870094185
2.65590206567,4.348680303127181
3.07052263886,4.9754596308232486
2.8468975337,4.7424062100478617
3.65972634608,5.7299501426770014
2.50008520405,4.1703876167156677
2.72206079997,4.5172356574396879
2.59678614819,4.2374105786283804
2.95812413068,4.7740310047419401
3.0099012373,4.8428810882162754
3.34877747523,5.2263785393377873
2.56107137505,4.1678962920384404
3.77270382634,5.9076754811969616
3.02276321901,4.9633385241396226
3.59850493921,5.8052579438942944
2.37664103121,4.0334504225264709
3.57637859965,5.7340765333894881
3.38712018267,5.3249805041042277
3.42595126311,5.4579164434575196
3.16110593387,5.1312175595706142
2.58034796276,4.2840220219687239
3.38979831614,5.5477216682695456
3.1867432551,5.1799364152325786
2.9919517752,4.9063214450981283
3.12400063408,4.9311668782818048
3.79837196816,5.9995757977796327
3.36838147997,5.3697574055021455
3.12662616313,5.0708466004271227
3.72268378898,5.85447699646451
2.48989884166,4.2016412942370085
2.77722141686,4.5516269027164222
3.25414818681,5.2938697484515718
3.05351047473,5.0445581850893486
3.24853854298,5.1474796372192513
2.45948697455,4.101161945061409
3.24830348778,5.135020794448228
3.14942152546,5.0747480066678978
3.00905559428,4.8483730092474318
2.43929073408,4.1161706478968414
2.88455923056,4.7901905475654738
2.42061811429,4.0567401013688205
3.07934958095,5.0227584877146674
2.37044533229,4.0487763457701273
3.16530565887,5.1390361488884446
3.35777322347,5.3702780586827901
2.79432396467,4.5916974456778412
3.28752849838,5.3586578286203181
3.57972044794,5.6341969998787738
2.73426009172,4.5394615634100255
2.87319712837,4.8007777696349985
3.31574563312,5.2742067227314093
2.49111988343,4.1256805829712233
3.75276567771,5.8593921846924646
3.55549316179,5.6450676330479581
2.98200806065,4.9228847076199314
2.44866540435,4.0406574207802644
3.36773343433,5.4263981957069349
2.43412693565,4.0929502212923765
2.6855748462,4.3763804720269679
3.24544405941,5.1905668065798061
3.69142506025,5.6883749706387228
2.83141532856,4.6302302804205526
3.10383829229,5.0002058473186777
3.61302931871,5.756653743935952
3.42116897642,5.5551687983362363
3.16291800226,5.1347081534083463
3.03910385116,4.9417874020369448
2.45588341272,4.1212765161007887
2.91835863001,4.7019406168825366
3.79870983469,5.930414358690224
3.69371972088,5.7648467248769579
2.60132593549,4.2938947908667382
2.84263459678,4.5962345330706276
2.7503874804,4.4498939625392362
3.09456140447,4.978998030589703
3.22659429297,5.1122260304367311
2.58092177843,4.2511011888173034
2.60754755544,4.3376895914548355
2.79506300789,4.6139540315294152
2.63177920705,4.2844985680531726
2.48884478941,4.1663501794122935
2.5368430357,4.1953417939137907
2.63491635045,4.3621651175662635
2.55786959209,4.2515571179159748
3.10543161956,5.0116826959780241
2.6444783442,4.3848020837023425
3.40560606204,5.4704227776292225
3.41133677319,5.4366886619297121
3.48938953117,5.6180029654905503
3.79461890074,5.9764196217129983
2.9328253192,4.782034149921726
3.80175347508,6.0106241659907598
3.20268029344,5.2276392272048664
2.46978594831,4.1354719139264366
3.41084161709,5.3930493717804566
2.97910445854,4.8341778192996943
2.91777468434,4.7469427607233659
3.43494667647,5.5449014558931848
3.6037666848,5.7496235208292195
2.72309298447,4.446981503813709
3.24497719402,5.2397303766874987
3.18185535892,5.0845196907843242
2.82497542582,4.5745190944338265
2.36481584995,4.0184762346099125
3.79242836693,6.0442387863588412
2.73178229786,4.5707728219283466
3.43142328564,5.4787650084414148
3.61442185742,5.7601283553997416
3.24933298672,5.2289683335289041
2.49721510954,4.2360962621714027
3.30085578225,5.2939291669269277
3.15384395977,5.1150839179583771
3.07386623639,4.9730687288851536
2.53772201967,4.2998667531398844
2.7737652209,4.4601138810909893
2.84946948108,4.580213731736916
3.07412026182,4.9706440850983684
3.65306485224,5.9325171726590318
2.92828939934,4.6607156074354439
3.15591715458,5.1011029446768594
2.89784513938,4.691116476472482
2.5364831605,4.1829948611124159
3.43284633374,5.4368086264255542
2.69863618739,4.4975533697193644
3.37346054018,5.3206115948855643
3.16301314413,5.1475857696817995
2.75582723019,4.532107281691574
3.04246352857,4.9552008728132151
3.08465838655,4.9361143600782098
2.81350106642,4.6991064672729506
3.09010454821,4.9509119559134724
2.91201299189,4.8193522820972134
2.50986784975,4.2086450319719217
3.51925541947,5.5619443596165699
2.45695745002,4.157201674179662
2.59910397101,4.2341706797936833
3.23156316194,5.1415445845537135
3.53154257275,5.7110302344123678
2.98622136576,4.8865977095551179
3.22251214364,5.2327205105952901
2.95092281722,4.7586517005460731
2.44871729167,4.105100095278579
2.37118115731,3.9882081842969086
3.63080508395,5.8525024834615982
3.45305277283,5.4295427152761215
3.2430583643,5.0727171495396384
3.52644213001,5.6383425179056088
3.36476517192,5.3775457282405279
2.97470208511,4.8268443845331745
2.85866714081,4.7526991350857202
3.55691677757,5.6875592196458129
2.6274944917,4.3412366670943028
3.53823470307,5.6379091164290474
3.65979969923,5.8311231575043134
3.42709271492,5.4305708893097062
2.59633508432,4.3559769893781555
2.62707425034,4.2946816901246363
2.64352999082,4.3983258844807303
3.49896792283,5.567042017560226
3.02154665797,4.8426497416323864
2.36750387752,3.9912352370227868
3.6085852184,5.6087513800215048
3.6892029977,5.8469652974919484
3.26278327136,5.2893312195036257
2.88954543376,4.6842951057215059
3.36557951591,5.4216240574432337
3.79831695409,5.894830759300147
3.1068821685,4.9950270356382234
3.71930412914,5.8487831917181952
2.93051289812,4.8109224571574236
3.22411447139,5.1898510104404831
3.33982820007,5.2326485991600906
2.56681619482,4.2742810270391773
3.34996399076,5.3467920434732186
2.80480714702,4.7071608607060478
3.15561181279,5.147208026847288
2.72802333715,4.5007512003116883
3.30856157333,5.2819881254924805
2.87252351854,4.6716220969522508
2.38136078813,4.0332882350147408
2.46906806916,4.0760719322714563
2.37711252767,4.0381351270375578
3.3797161103,5.3710608100932475
2.80953580129,4.6563494080224448
3.72853508575,5.9944362012298233
3.73178766822,5.8561532124576861
3.39098172772,5.3903554221522851
3.69582908297,5.9318502017087553
2.70764625886,4.5013091846566962
3.6926914753,5.9540677277076179
3.25257528873,5.0958570000915264
3.35412852617,5.3455133321080339
2.81995234972,4.5339035034067425
2.37992566846,4.0545678112041692
2.36666981136,4.0119376430903184
3.56019988419,5.7181503768711019
2.42530044981,4.0422158057368689
3.0611303869,4.9491192439547591
3.73596467345,5.9340556165014213
2.89859817886,4.7017201952330794
3.58301843657,5.675280059660639
2.63172426663,4.3751479203553902
2.73370786381,4.5285880742817639
3.13702932003,5.0779394861962439
2.88288447531,4.7526478547905446
3.72377346601,5.8883897534764165
2.79945095056,4.5725106722430073
3.37689956506,5.3882933320738466
3.58890413511,5.6974044313781844
2.51081506251,4.2537666762433641
2.85493156006,4.7405470728668426
3.77248438203,5.9489902146233202
2.78238194399,4.5742634962181228
2.40440233245,4.0522347394887985
2.78190106589,4.5072393637757271
3.3765682943,5.4660583261435516
3.18285920801,5.1199375124337889
2.76050241178,4.4255150881386935
3.70208011559,5.816704561825496
3.59582819938,5.7149788131915011
3.63048055125,5.8229454148462301
3.34866274467,5.3920947173445182
2.62491732392,4.310613627771203
3.35454726645,5.4670711029206513
3.45847619489,5.4967974151756849
2.50424611243,4.1529023040967656
2.85040395101,4.6685986174019511
3.55586148374,5.7356606897223132
2.5458414193,4.2117819866025972
3.66838227091,5.7428377360068232
2.69094912775,4.418790364078113
3.67040621042,5.752381198452218
3.8026618573,5.9494202339903648
2.57319107734,4.22104142002632
3.6015453095,5.8197238733986199
3.30803748035,5.2885197746376758
3.70114353032,5.8857577625534372
3.3355119496,5.4172271634398514
2.57617861704,4.3255132774009555
2.8098920931,4.5591328503179636
3.78317995535,6.0448938630304294
3.80013272657,5.8804049478007698
3.17301614812,5.1696976343778971
3.02254668532,4.8939269882705858
3.40862396125,5.4114758961769889
3.35200797334,5.280999416922632
3.26939851739,5.2448066852109401
3.14112586018,5.0655368230368465
3.22471416234,5.2226698399585505
2.84731346163,4.6321345729334915
3.39177346922,5.445939361353016
2.87812436462,4.702390755307567
3.14520201143,5.0975501215234367
3.24707898521,5.1747852812467023
3.63085222168,5.8118614633611756
3.58644711226,5.7356080433434116
2.61033448615,4.3144068588463913
3.45984554318,5.5212542715835662
2.7932095966,4.5314191157848258
3.35402376863,5.3877933139813763
3.13436739221,5.028342889751328
3.73462156011,5.9226487480895935
3.56511126797,5.6885211195782741
3.23835097818,5.2207830275069602
2.69562236674,4.454794647127617
2.75447824521,4.5051574635781773
2.88162464899,4.6605375266158164
2.79456528455,4.5774472366853507
2.57748514658,4.3186477976091329
3.14761116267,5.0452252594528701
2.85999504423,4.7275897012035024
3.71539087264,5.9519033620742601
2.60220976611,4.3424619587909161
2.95023419743,4.8302231138430969
2.95815666652,4.8172622582486238
3.69701723791,5.75423471095477
3.73223143476,5.8577488086214853
3.51930764557,5.5871453088840548
2.76657297691,4.6143686890937659
2.89139253865,4.7202675854887559
3.66295709766,5.7384313695270057
2.42741784576,4.0813847876962033
3.06375138878,5.0311245732664061
2.71523129694,4.4881626079050463
3.43834831161,5.4323477129512501
3.79270618286,5.9103453143858502
3.04596897298,4.9163759872663038
3.57876464247,5.7021904600418631
2.8194097379,4.5309273094569509
3.07736946884,4.8760393869059522
3.63981239579,5.8274656046169699
2.89703742508,4.7426868365380113
3.51888903099,5.5178906876211054
2.36832623156,4.0157516216183815
2.84733484048,4.7196066247269046
3.51975971726,5.5949858962136467
3.80024112477,5.9637041910772517
3.73755280943,5.8882331904000003
3.63415776743,5.7185467273426758
2.68899412859,4.3835181929725433
2.97374162741,4.8380920469824815
3.68254823049,5.813441340791468
3.5158946253,5.6034741373053061
2.67833326772,4.4934617982477985
3.6026874819,5.7054642086421632
2.53253761845,4.2675018307572641
3.41809043459,5.4310833191293071
2.63447752309,4.3757529451042139
3.0803838316,5.0584770243652004
2.50238665996,4.165462107549426
3.64563375176,5.6958006124212464
2.46534091719,4.0639209415886004
3.04990378822,4.8952589735458645
3.166952661,5.1134733981411822
2.68923366337,4.4105741097176718
2.88709291935,4.776147712818104
3.2256833847,5.1755816346766794
2.77722572643,4.5238649278525696
3.42926727205,5.4097945943284431
2.93687211424,4.8406643066217265
2.63049804772,4.3644087281455288
3.69310456147,5.7307673584005867
3.42835902436,5.3411189613326595
2.97541331534,4.8568406464443354
3.79660776292,5.9779448154341441
3.48425508993,5.549693412729936
2.97286242845,4.9307218145777512
3.57729227435,5.7246831883365639
2.67228704595,4.3866649992387936
2.66472891459,4.3891030341814696
3.75328650609,5.9429778173316086
3.56486615397,5.6162958005259878
2.94189534822,4.8188616730363272
2.60612541583,4.3766717315537873
2.49168327721,4.2008508738611186
2.66778707807,4.3944131418747991
2.39900928485,4.0483580735046942
3.4931482039,5.5532443545695571
3.53976209394,5.6471666951760984
2.43689171543,4.1179058830595556
2.91531722168,4.8067648846731021
3.70077697648,5.9392963076948826
3.80433291157,5.9872208429629303
2.60216998697,4.2878906452573951
3.77040960104,5.91796145821945
2.89822631119,4.6498716990151934
2.58554633623,4.2662718970528131
2.72774056212,4.4820362603336612
2.61983996112,4.3446294720870755
2.4371739509,4.0701596247226011
2.90068458305,4.776863825669067
3.37307167313,5.3874834758287173
3.44681647224,5.473548646787771
2.92671336644,4.7409112071964508
3.66439179982,5.7885956124507452
3.65091165844,5.8018003626557437
3.51996149385,5.6429651913988259
2.81260569784,4.6062171443372328
3.39405585317,5.4726140937243617
2.51354104441,4.2107167453514878
3.49687418285,5.5842880426846397
3.34613408609,5.364606421774802
2.56341476576,4.2312327844087489
2.63412704719,4.3158849547197153
2.75247749844,4.5418877494088505
3.56632325339,5.6296770767507089
3.05151375941,4.9819912893841707
3.53937692543,5.6423492879774484
2.46790955614,4.129973549087615
3.48895697909,5.5840767860944265
2.39949471388,4.0824007033695251
2.69222023248,4.4711898379511892
3.01882361122,4.8582547634729583
2.47127467105,4.1587305692505288
3.47844596633,5.5429326386516777
3.58065191352,5.7216065091141903
2.76084295267,4.5061040489693394
2.50235438929,4.177443419643823
3.33131033331,5.2464943959068444
3.60186945607,5.7166110088186528
3.52532219345,5.652255741666675
3.35993326581,5.3772863160604398
3.48780344669,5.5887155285699306
3.4654950974,5.5894330656673183
3.140227767,5.0873880738905584
3.69488776775,5.7786375048945962
3.09840891675,4.9261897598941262
3.78433171479,6.0300594034610215
2.45038106377,4.1533230176622373
2.75228058865,4.5197039655877758
3.67886444398,5.904990645229037
3.19787440839,5.1024304695987102
3.44449357212,5.5657106058638215
3.43488230811,5.5318619078606197
2.52604703068,4.1286756880890048
2.83852077192,4.6654943375120048
3.43513216129,5.5538237785726334
3.29482025265,5.3044744504882573
3.60420125952,5.7672097533140114
3.48277921799,5.5550340856447455
2.88469604167,4.6762766301891299
2.537708804,4.2140016450970395
3.30912381725,5.3928331128548432
2.42399261888,4.0853805947350992
2.75205178882,4.5111460372258883
2.84066188747,4.7429235906553693
2.50668705105,4.1975459076311328
3.61349136237,5.7131356142303984
3.39924454387,5.4894534698720676
3.70860284114,5.8093880832636779
3.49189054229,5.5980696584418581
3.46626722472,5.5262157851180875
3.0601474385,4.9655994096800038
2.83135190459,4.6822785939365463
2.88420265874,4.6686671020585866
3.66623268524,5.8095413909601081
3.19081190901,5.1422708199825085
2.92121299268,4.6625199741538168
3.07577743833,4.9531703605779782
2.83216846017,4.693598736020248
3.22043411958,5.1100904864643537
3.01861561239,4.905332842792534
2.83181915336,4.6545061226083035
2.42900604205,4.124472627738343
3.74373174095,5.9420107811316916
3.13303344406,5.0161450378006043
2.42456789356,4.0552747976877956
2.82089592643,4.6387490020257856
3.23139656817,5.1315245465576096
3.12621551477,5.0492885852238309
3.32374783892,5.3349961251112248
3.60282988925,5.7472391808388554
2.97422586723,4.8683095093263935
3.38497936587,5.3731917768040116
3.72952315577,5.827402214160716
2.43996496805,4.0460012651956561
3.26268675984,5.2382842153443736
3.70869013715,5.8871850656654594
3.66513051763,5.8951981309684953
3.0825404998,4.9317763012273934
2.6156583364,4.313504390202124
2.65590574301,4.33113594931464
3.17453131477,5.1133249803034682
2.57979281592,4.2274639840533883
3.13551840526,5.02735361976434
3.61709972504,5.6441682901745134
3.61724099973,5.7726751664733609
2.42498783252,4.1118038542059354
2.98987650962,4.8438970536551178
2.50006345553,4.1693685896429482
3.66901364626,5.8462691301431242
3.07142541728,4.9123068670672785
2.69976610215,4.5010468417531575
2.8761412503,4.6550628604526985
3.41417371662,5.4281403831302679
2.41297326618,4.0316607414117582
3.67513431322,5.9112986564432646
2.40694504229,4.0707479505956492
2.84354912952,4.7382814816804766
3.52571297561,5.5655176634857693
3.2093629582,5.2531057445664464
3.68680960198,5.8659297345290735
3.790838698,5.8112264065748409
3.542689632,5.5817353676136499
2.59380077222,4.3627150670685371
2.66069320517,4.4015738160038858
2.50067507179,4.1829070683880616
3.66725836711,5.8577279373196482
3.64965089287,5.8839467015500473
2.80480415213,4.5325199791408979
3.46791462987,5.593482321176821
3.4184655251,5.4760228060872498
2.69260576309,4.4926260374172307
3.03842572696,4.8361546444775403
3.76323270774,5.9751229823592196
3.21064268153,5.0646382260608798
2.96079767423,4.8292824834264412
3.65509622917,5.6944651206890518
3.34281593584,5.3943853502064618
3.10625134123,4.9665911892439008
3.77404286155,6.0168467681900877
3.65551071642,5.7962964485098798
3.05908437773,5.0031827338477939
3.17515156895,5.1744923582465985
2.36732174598,3.9610821894028154
2.61580891249,4.3289868102243556
2.48743572107,4.1656882581729802
2.57785342522,4.2624109867412727
3.57470279344,5.7604384213843405
3.08743158115,5.1019801447422903
3.01517484147,4.8294245439663674
3.17411000295,5.1243764913537113
2.91106250315,4.7099026315781742
3.60380515354,5.6058424776122795
2.54794386224,4.2309175464038571
3.75460215216,5.8797598733945042
3.07016247038,4.9833310307424989
3.29674701299,5.2712655959177912
2.92926244118,4.7138970152342461
3.33625263957,5.3493092332686212
3.25987447604,5.1982142954913817
2.72832825236,4.4561618585822398
3.67111949693,5.876015730402103
3.68448812948,5.8409876448077682
2.75610115568,4.5346116256481181
2.59173032301,4.3270419955016646
2.55486295607,4.3360881056900755
3.30474882586,5.3520100203558796
2.95314168929,4.899976331229575
3.60023963192,5.6774918113899577
3.46499980756,5.5239710673074729
3.66440414037,5.7262256692390379
3.07416991995,4.9684005986756459
2.860613688,4.6439152245830577
3.0677619694,5.0319844053689069
2.60594151499,4.3648447558456027
2.7913509763,4.5979018090770198
3.67828580879,5.8591958480599322
3.23605214422,5.2614049787093311
3.36166772867,5.3973447031441122
3.73996575667,5.9362226364378392
3.61437785853,5.6817364775506025
3.74978600711,6.0025087054729269
3.04272915733,4.9538946093252125
2.66932605981,4.3753183943909466
3.68460547362,5.9096023399404931
2.76947044701,4.6532978219684065
3.2967378107,5.36867090760399
2.50712258886,4.2102308919299194
2.57727448813,4.3429443706813835
3.31585396095,5.3609392170999408
3.3362485913,5.3322282720458976
2.6052171252,4.2424517752892656
2.61491540613,4.3221163830663958
3.07696458427,4.919305788354241
2.54994321703,4.2132550329916274
2.74029550226,4.5441018622117477
2.44046153862,4.101300377868851
2.8995930574,4.7368694155834472
3.50564768428,5.581343202426388
3.44031823642,5.5254841406468076
2.68928253108,4.4234363384583082
3.4871102369,5.6125206832728054
2.49083315131,4.1673653101937465
3.20811842095,5.154522116219324
3.407157717,5.4035786968348072
3.56829441187,5.5872535584263536
2.46716739116,4.2037735706357706
2.85964373673,4.6469719398292115
3.29154657693,5.2897007563079868
2.5758628503,4.3790183623180043
2.64516867043,4.3487690086219679
2.87161162075,4.6274336043272237
3.04224409434,4.9142779943730073
3.48622396901,5.4958742892760686
3.24083133307,5.1710851977231904
2.77520663586,4.5984885055869471
3.00953442038,4.8228287453994154
2.95015047412,4.8514734447740588
3.24145045458,5.143208829625558
3.5684981257,5.6309117071938184
2.86900465354,4.6591424277626574
3.66477904398,5.8737015100344312
3.40369097332,5.3669341416901011
3.04345023538,4.9448912280310511
3.30718257935,5.2192701944346904
3.7390284122,5.8164246612962289
3.16537154329,5.1715282930256414
3.27953991895,5.2327412747724562
3.55549055649,5.6763470478150895
2.99618448115,4.8384161377293857
3.61106839649,5.6524705470769296
3.49577969341,5.6143874351758836
3.1989841085,5.1883194816458742
3.50221010261,5.5350621905247044
3.31908813233,5.2832269572764998
2.51474498466,4.2486520047697098
3.26345454597,5.3009587541897973
2.7732905558,4.5678247293613889
2.37458512012,4.0326620948647109
2.89507030021,4.6973982863399009
2.36913754762,4.0071340377297906
2.84536037717,4.6061909804930181
3.64080188868,5.7883473249848096
2.77461165242,4.6082485245905804
2.81493257673,4.6585371325126639
2.55219106879,4.1997933211667213
3.24048231653,5.2542588086769024
2.69127766894,4.4169785104145856
3.53976232857,5.5806504482550467
3.7374558255,5.913744007875068
3.64332811534,5.6932867500411817
2.566488159,4.2970257358227508
3.63320904355,5.7464625848799562
3.54782444783,5.6258696111116224
3.53894797338,5.5681610114650928
2.99064563631,4.8132161184080884
3.69489134874,5.8218382578802972
2.51958546849,4.1156259364384864
3.27000640189,5.2734346014261417
3.58465107296,5.6743265889432362
2.69845055422,4.4021590850038237
3.35822944411,5.3208304712046637
2.48770279535,4.1424392029594976
3.05113627802,4.9019514546845739
3.47835753687,5.5237864655408613
2.3792367395,4.0199327464786885
3.62083392337,5.7784857465459316
2.76505654532,4.510345115861087
3.19356864117,5.1030213349480373
2.59661477621,4.3174063727855154
2.55474710557,4.3044085113052271
3.680940622,5.8819813417452682
3.58590856135,5.5933173625029964
3.78945258803,5.8351659065222936
2.61151847473,4.3327685038993353
3.2484890542,5.247632946969226
2.6539000778,4.3611818866606411
3.37685911572,5.3679635054857355
2.9248155349,4.6700637293158858
2.80795106632,4.6069445382199428
3.23737395234,5.2394206081888877
3.34459599643,5.3539360158904437
3.51611290158,5.6019469600221834
2.83669414369,4.6372284324361939
2.8747568975,4.602082883305699
3.63990099642,5.8141801148322054
2.40855897958,4.0461952799844099
2.44679294797,4.0723988682401862
3.02151182738,4.9839375418992331
3.71698050099,5.9121649351993826
2.62594445229,4.4126894282303359
3.72266256699,5.8300037444453032
2.71898235309,4.5208972091463435
2.9197287036,4.7794716905498724
3.13637325044,5.0761928988320175
2.46523678553,4.1020917060769069
2.49449459407,4.1304054196843811
3.13152847947,5.0428436044965048
2.84747236669,4.6636047580519753
2.46509558451,4.1112553734999295
3.60259295448,5.6625095328950783
2.86953990571,4.6799586525185646
3.75590038834,5.9157889991379093
2.67638960021,4.447962263786537
3.25250130392,5.1467570239712721
3.79305116723,6.007306926123734
2.56051605229,4.3168351623064805
3.37853521854,5.3883647570854558
3.07059509647,4.9753564802711505
3.64427520371,5.8059291066540695
3.57284789454,5.5916405988112095
3.73886132438,5.9692767276059708
2.44827888497,4.0857080920653708
3.25626062542,5.2615920068120499
3.45276835753,5.5813359292593105
2.37981011524,3.9830289649963109
2.77091943619,4.5565725157958807
3.77445006762,5.9583786721677745
3.55218893879,5.6744947913373478
2.68228579439,4.3585365719600979
3.28536488015,5.1649805007372818
3.73585070299,5.8450195689155375
2.6662281372,4.4131004813916297
3.68460700133,5.8899174311294651
3.78877236237,5.9232427687445304
2.86529494964,4.5973280424786003
3.06928219726,4.9821039575708985
3.27049264416,5.2827124703120507
3.29853764958,5.3386548111389152
3.22517160326,5.2193066222094151
2.98362850303,4.7971022491746442
2.42408715776,4.0009981083602542
3.1123297815,5.1226461973559685
3.33641840115,5.440225053828283
3.78342384339,5.8781375933136299
3.4371168777,5.4840902665703117
3.27347769417,5.298260898857726
2.79861672554,4.6069174249931368
3.767361732,5.9330480804783701
3.41473948717,5.5119298621802582
2.61462520229,4.3994077215645504
2.98754451715,4.866253743050998
3.25157715458,5.1426058419849898
2.78114217123,4.4902116995210015
2.57634194443,4.2963035688199147
3.06056124804,5.0282225701393708
3.20111362375,5.1472363672249735
3.67943622062,5.7346887634161261
3.4827643344,5.4740484968606076
3.67787180663,5.8815547772633616
2.74239787605,4.5155839910010291
3.4088893648,5.5735435385613776
3.07933254291,5.0273614041840045
3.2602692543,5.1995821356387371
3.09744864432,4.9800299081909563
2.84616135367,4.5789689648249681
3.04182291116,4.8377389716591201
3.60718066779,5.6914885245701079
3.43750402948,5.5144955953515842
3.23876599875,5.1785711276778974
2.38890676927,3.9918645805699904
3.120496178,5.0798198462921365
3.73010682238,5.8415759480277911
3.17156550194,5.0811685321827325
2.75503911262,4.5053914905541985
2.77324919538,4.5265355691699556
3.18240790403,5.140486515948707
3.68450052155,5.9103931847709079
3.7717731147,6.0052765737253218
3.05224921271,4.9168294196351026
3.72426521285,5.8879120121068178
2.95306435949,4.8634634904420295
2.41157936744,4.0697072420103
3.67814302513,5.8045425704613791
3.67591304897,5.8138448080400966
2.58311348944,4.3685960999242512
2.81311559415,4.6324588786270073
3.05789113415,4.9593018864099134
3.43115068216,5.5017392060118446
3.26165206437,5.2678574882034965
2.9812021151,4.839475622669922
3.18204326011,5.1801715650264191
2.51529642559,4.1488889709231893
3.05599819608,4.9100574907833998
2.67805485397,4.4860263633883024
3.17053110689,5.0657123791291729
3.33373317055,5.3498474458945013
2.49529113201,4.1150147243134647
3.7496893116,5.840983050206221
3.60953496064,5.7937410758993515
3.26712616885,5.2055260929934368
3.69550892211,5.747467442341585
3.14901934301,5.1465811524781087
3.21015389141,5.117418332300347
3.77494095602,6.002750711809357
3.29052626377,5.1680407829996984
2.90419609059,4.7146469156723967
2.55927749131,4.3071901567659685
3.65487332045,5.758231399038606
3.3148596892,5.3359037160539771
3.76613511871,5.9869721341901467
3.2398203081,5.1339398620339303
3.75225166698,5.9785519154006472
2.80833456584,4.5676809764790853
3.66819324851,5.8031071289292102
3.61747292506,5.7284948016400508
3.49820763249,5.6508239737735764
2.64851366276,4.3704810036960993
2.94865606769,4.711110870516527
2.61267460628,4.3383497412029781
3.40074839807,5.5029806868027409
3.44072907095,5.5250882154176315
2.47258984943,4.2387878301781337
2.74606468197,4.561157544465928
2.93601783758,4.6988270600856037
2.41335292664,4.0615340471690908
2.43851938737,4.0973702255416224
3.44444026237,5.5119778461357756
3.46566961268,5.6095651911996596
3.33324091413,5.2863903766737179
3.04839938268,5.0046472556278943
3.44516899855,5.5277838751046398
2.39134039277,4.027118984581092
2.57529632423,4.3042063779907522
3.1598312986,5.0452412945131764
3.66410614427,5.889628145181268
3.2901681701,5.2310328863508095
2.84522792048,4.6265133274048544
3.61191678675,5.6953715632916486
2.84298548014,4.6374748738864389
2.94623746181,4.8312055830315375
2.71593667562,4.5231081618900753
3.31475304358,5.3239230456029665
3.60987262398,5.7617844827096558
2.73964487473,4.4548533211934265
3.02866746534,4.8913757103976536
3.19055222171,5.1369744764221421
2.441743115,4.1492106445539907
2.44347022461,4.0996130500513761
3.45620907461,5.5453896904672551
2.94032851864,4.8195243803105861
2.74271194194,4.458359832797572
2.6810062548,4.5387975713324167
3.47790666743,5.4551538149477157
2.48508943336,4.2553449271878545
3.4774417694,5.4572513317303315
3.63057921323,5.7640497484528286
2.3769591362,4.0642931304456855
3.35152628662,5.2896583354571129
3.10262362831,4.9940895561194161
2.71018239162,4.4968248053661553
2.46049613799,4.1106010612106125
3.66489322561,5.8427349091251228
3.16634535729,5.0714215102552185
2.72713278449,4.5436995798971882
3.60361101259,5.6357847756449981
3.5706399552,5.7112644259865526
2.49662180228,4.2015592456519926
2.74367209927,4.4266700723355594
2.68342713235,4.4075425686715271
2.37112607084,4.0174596213674505
2.92084510004,4.7282661075906454
3.63352380784,5.814819405483604
3.34775954293,5.3284636971547137
3.72034400338,5.9248282248751067
2.69872352137,4.4436267631681465
3.00890675451,4.9580111068880095
2.42476280246,4.0477669824617193
3.42531029753,5.4436176878261788
3.53268797058,5.5881560235557357
3.1406466196,5.1010564907159122
3.68333331639,5.8657328986623503
3.60959480556,5.7001375291858105
3.69164807016,5.8995050350305309
2.50733251275,4.2721069662197646
3.46292861236,5.4969315603803448
2.81311834172,4.6122273450474598
3.74126787503,5.9049223092651966
3.37355229318,5.3913537402456786
3.18664459114,5.0739911133456541
2.48032176864,4.1118217261602412
2.6059706961,4.4499744564981993
3.42993458961,5.4706629323998488
2.80055215713,4.5535408285576251
2.96021870961,4.8649334253905705
2.99021761568,4.877934527178887
3.58766967511,5.7769026669033936
3.01035572153,4.8993551045088948
2.97063936501,4.8596494448543588
3.23066103935,5.2010702110559404
3.20003969966,5.2448556739534604
3.77476748732,5.8799158049169895
3.33143153662,5.2629254941844552
2.82239510186,4.6369831630171854
2.80333837362,4.5288633997427068
3.39361154864,5.460603429953105
2.58030901662,4.2701467309495493
3.05443719585,4.9330527444959884
3.17306450009,5.1448639688500561
3.49984161287,5.5309155766976756
3.80374365633,5.9143586566415332
3.36012662162,5.3936384685502405
3.56927198893,5.7023493188024643
3.37788010852,5.4390406661931632
3.42646579745,5.424317157947077
2.6587561465,4.4214461628956112
3.09290779385,5.0170689052318069
3.403155065,5.450845524315775
2.74010535578,4.5479500902163705
2.70345950639,4.5129348635786002
2.72180863811,4.3831672195974125
2.54910484391,4.2565058313138033
2.67693273321,4.4959939311065549
2.57519366125,4.2792992655903079
3.72753301213,5.8586457740466029
2.41261837213,4.0328765683821617
2.39619359795,4.0574936739375191
3.36916486052,5.3971710837874616
2.66669170173,4.4677059266705728
2.5424491044,4.2761652010402411
3.75075169868,5.9387296326846997
3.26160454714,5.2583815609683073
2.47811076104,4.1750391585375741
2.67590560358,4.4995830148604776
2.92709482227,4.8077347798086958
2.91659421096,4.7861959640807106
2.67552030893,4.4525727321694566
2.38117789978,4.000426741367602
3.16386004053,5.0578004658214208
3.24741505477,5.1550319193357366
3.21194137404,5.1117013579028354
3.04762398826,4.9004812447457109
3.58681611729,5.6831273681213412
3.52178688036,5.5752352846083619
2.46889966552,4.1473110359359806
2.91963480953,4.7379854676356521
3.71601205806,5.8486433364305732
2.59724807514,4.3177498202718922
2.42528400192,4.0748094702279678
2.77162972886,4.5450224215641697
3.09389110203,4.9466651784279838
2.90155398444,4.6979299240408929
3.21613149248,5.15741786525418
3.75908263315,5.8650359065805091
2.53423436347,4.2538539853380248
2.43108494931,4.1068293618048051
2.36762032822,3.952309995997807
2.89371176364,4.7412553901809655
3.49164891044,5.6031377298546916
3.64404220876,5.6666657110485019
2.66569461319,4.4568447238928934
3.20725931018,5.1292726890925069
3.00037771462,4.8335219403243403
3.69981320153,5.9019442531036743
2.96845827768,4.8187895534416807
3.76472323077,5.9301485719395126
2.46456268307,4.0893079521981512
3.71100074053,5.8308620468265273
2.65688599133,4.4803667291801839
3.57174588465,5.6744026150100781
2.40613967352,4.0952726691312753
3.72616019111,5.8796078576674944
2.75227991026,4.6032821010275988
3.69662988863,5.9928608334671516
3.02968933438,4.9257959860259426
3.01628314387,4.865742108421073
3.61241102735,5.8345632221042552
2.82416484878,4.6618785509299938
3.77005943837,5.8389402832313957
2.57429806887,4.3571661669811439
3.24806022421,5.0778039650236861
2.43891354076,4.0713679521118138
3.52022183581,5.6101781972080174
3.62848040891,5.7068206311542991
3.16647704503,5.1536910814790247
3.63220353808,5.642285569962012
2.8179131223,4.6805513121888636
2.9701238435,4.8714483107376907
3.33539886245,5.308122253838774
2.9185410584,4.7300858693888781
2.68752168809,4.4755612741470561
2.67208952286,4.4050478364864851
2.59095255399,4.2781454830746926
3.47287887301,5.4293234769144485
2.93228662125,4.8184934904084962
2.71990405906,4.5470141227385108
2.64776637479,4.4348771261452358
2.9528952923,4.7332796774808079
3.12430298422,5.0139043364951359
3.05675831551,4.9699342864452927
2.40289433832,4.1105329534206412
3.70792518225,5.819269208171665
3.18165039048,5.1602707680166544
3.66198873386,5.7714141961055425
2.47929184417,4.2057430211365965
2.76505806229,4.4268190606617823
3.28438537118,5.2890793424897034
2.44965763458,4.1238508647852541
2.37542469041,4.0271057290628791
3.55852754189,5.5733555819671494
3.48055315782,5.6958928114271323
2.96166617816,4.7328587580176249
2.39595198417,4.0947437498923138
3.79773564283,5.9842739219433332
2.60561692983,4.3360663499302277
2.41800235787,4.0731289126422139
3.71839274051,5.8319767478862552
3.15456396601,5.1141845705400373
2.66092755749,4.4145156490260788
2.62477991064,4.3315924936124173
2.69003706238,4.474927463452488
3.33284269357,5.3681841950537672
3.06238414888,5.0010908499397351
3.31986406297,5.3111739547148904
