k,omega
3.47117790655,5.3778244690427544
3.26708296778,5.0748032469830413
3.17159660932,4.9912753493864361
3.72072214296,5.6466586369085059
3.61184111807,5.5728439006216961
3.24259295829,4.9881982948529675
3.59962291452,5.5493534452854254
3.02691609017,4.7098425785332978
3.797716039,5.8619636799253341
3.5572562125,5.4866245778809075
3.73554915599,5.7717173387386058
2.66938538198,4.1992783588321441
3.80604272534,5.8218087987354767
2.73669622958,4.3716472431234825
2.57420356908,4.095498676651002
3.44874548613,5.3720538931172728
3.06987764925,4.710849223982593
3.45994006715,5.3420278116377578
3.39215196703,5.2966675468276625
3.67318011953,5.6629566122136898
2.94056140885,4.6244949746115314
3.88110134916,5.9879118477211888
3.29587305467,5.1781375077775458
2.96670281969,4.5694136339844631
2.60486750675,4.0647580343647025
3.7385381992,5.7505799196041494
3.83792419046,5.8426801109510045
2.94030956757,4.6163660708499306
2.86187137978,4.4571678240727763
3.19203100696,4.9572851390146822
2.78359179496,4.2817139332656389
2.70567492607,4.2335914601691007
2.72642425148,4.2743544508984348
3.36901454788,5.2887285708158123
2.87413332139,4.4959491111970928
3.43437137475,5.3993925958745885
2.52536411982,3.9788351485343481
3.56272746686,5.4765453886557856
3.23422838035,5.0181825085281533
2.59481440485,4.0841572898699594
3.87327704522,5.9226456844570086
2.86487508691,4.4958422128675775
2.77347919916,4.3935505948523907
3.77281792115,5.7353696833100738
3.00719902033,4.6981425700713135
3.30972223374,5.1484117360265333
2.94716270311,4.6200403068399094
3.68569570588,5.6531988336833585
2.52891307084,4.0365158489236466
3.16107189695,4.9624909708629481
3.64687629387,5.6655212011845002
2.8083912629,4.4392209699876908
3.61238522411,5.5325306560028888
2.95898783921,4.6233994957431443
2.8699707891,4.4035798685607626
3.84891563188,5.8364399747846694
2.57448326243,4.1447908085426404
2.8652217019,4.4257123619650427
3.57158469463,5.45620596838324
3.24024347474,4.9980277226377723
3.28865052535,5.0465189335145784
2.98507351546,4.6213999274948101
2.70910236469,4.2534012821463989
3.14609441811,4.9191695500515422
3.04773143164,4.8274803741414294
3.35540051164,5.251131188040806
2.57729199537,4.0860196958879875
3.07295047032,4.803536713744875
3.30874561325,5.1699326745030216
2.9604559506,4.6652297960964049
3.15257905743,4.8696863836617004
2.56905988799,4.1336838057534067
3.25306784979,5.0753029711414124
3.22165219412,4.9570514991375365
2.62573915881,4.1455143672849779
2.71258622994,4.2896403576749842
2.78174888293,4.3428974432678871
3.27576420506,5.0719698920590783
3.42563385142,5.1433377264238525
3.67746472439,5.6457315135345398
3.55183066842,5.4254671186059191
2.57911596786,4.1422027145142355
3.35777344571,5.1675727478650506
3.75397633228,5.865362396609533
2.6505819005,4.282405418482278
3.73222694741,5.7742256479464658
3.40728343954,5.3695045570342437
3.6396536188,5.6069776022228215
3.14610113477,4.8362334010791681
3.20158618403,5.0084888257599101
2.94395314893,4.6224282077436927
2.54241004187,3.9665058043648043
3.23218553575,5.041460130776187
3.63595342193,5.6183465652875304
2.71288103726,4.2956986460963389
3.009253077,4.7352703645037781
2.56602383604,4.0199892502161196
3.64288542188,5.5857468421697289
3.83316978904,5.8372255577281242
3.61576434546,5.5117668676877924
3.05040143463,4.7603566689899264
2.88474116619,4.4735507747871326
3.79129484978,5.7953651528878378
3.03964932475,4.72683502501752
2.53858764967,4.0644158705705546
3.11816079156,4.8203562833858733
2.71217213536,4.260328744013183
3.59683278494,5.5823203891294142
2.55198576768,4.0660888825022781
3.47804233667,5.4673570330859116
3.3893109432,5.2833056359116402
3.03438821306,4.6440270359874738
3.37605387423,5.2732260196607932
2.5939888551,4.1439043806489906
2.58700735709,4.0810441116018108
3.06302592682,4.8087740181276128
2.61619658416,4.164387345248552
3.35076350072,5.1998800818110915
3.1710015495,4.8743351604650336
3.84755916898,5.8964187531618348
3.27373976174,5.0794314932804667
3.64351644472,5.6469705350290447
2.83635528334,4.4781458824055189
3.49264587919,5.4215484395893334
3.526176666,5.4733506066364397
3.38349044752,5.2865849542094656
2.54116237208,3.9886660278691157
3.78419670263,5.817703796680723
2.64752080782,4.1120358853863603
3.80338297894,5.8459029819905126
3.83067688283,5.9457171514175275
3.28352032302,5.1003629321812571
3.84614851771,5.8658600345368193
2.85247457545,4.4599367549554874
3.82180500408,5.843712184881368
3.66051551066,5.6136966650981037
3.82175977875,5.816371258252981
2.52876962212,3.9977540970932672
2.8908348253,4.5049785858489839
2.59451825434,4.0990833096982939
2.52849098963,3.9808162213945097
2.56325105868,4.0058123237145047
2.6256338857,4.1468095446051469
2.73539096481,4.3049429208513734
3.68017597966,5.6806716264436865
3.44354849303,5.3069351111935159
2.94149158788,4.6025447336804346
3.67445576169,5.6328392911476577
3.68548553632,5.6266946057752252
3.4768203495,5.4147222643701394
2.78424262635,4.2692582623164101
3.42012607742,5.2960391240707256
2.95031870461,4.654019962558575
3.85928654748,5.986570306772153
3.33848154868,5.0855692094185558
3.15336618481,4.8210394670014072
3.51184226915,5.4138043739779205
3.61932402066,5.575875480310919
3.83167871654,5.8618838736075691
3.82960789662,5.8679214301952713
3.77373136071,5.8934487103535966
2.76580441352,4.3217654238114935
2.58381030791,4.0324713105768071
2.52778219453,4.0206407566514688
3.02349101395,4.7098403575005552
3.2185659883,4.9822034874190102
3.03295107587,4.7918746776210082
3.36451246935,5.2697550664178072
2.77003807475,4.4168856127607716
3.04263498851,4.68031793224318
3.41339141722,5.2184209634769223
2.90819674077,4.6007579003807066
2.77970596302,4.5093758004028572
3.40807051697,5.1642915948147579
3.12044229342,4.8673374801618854
3.24444909421,4.9986786144098732
3.87310333766,5.9735005850714273
2.67661449244,4.2082344738029569
3.73527290046,5.8234974635686232
3.73533913691,5.7501487823450175
3.19765521612,4.9956608465472083
3.83229774549,5.8899769685535022
3.27050542812,5.0161871857674836
3.69065481486,5.7216777076308425
3.67259712307,5.6287076538355647
3.7293425146,5.7620476890955219
3.5139070706,5.3358523020338033
3.3439135497,5.246729122594008
3.30024202127,5.076751620680434
3.75338558501,5.7935651813161329
3.41124824114,5.3540965780929755
2.91756468363,4.5814865271163265
3.08100002784,4.7729676901844718
3.01604487683,4.8091171861393445
3.05848728899,4.7772068423884342
2.92300758428,4.5509244512881848
3.22022100838,5.1346369615814904
3.10933744157,4.9346225655771638
3.44595334932,5.3159326391475998
2.57762285538,4.1143756463954144
2.91731781827,4.5325424766963369
2.97518700796,4.6324636681845517
3.49140926592,5.4445214497914236
3.43779997578,5.3197664499891912
3.08552087912,4.7682089818888507
3.88841237991,6.0853807638316511
3.50570803244,5.3953357675651361
2.87799618823,4.4613191505094507
2.59423661872,4.0517290678776572
2.83397266742,4.4594616796266529
2.79811705677,4.422714931602175
2.8897889533,4.5796092060021527
2.70520790267,4.3044491907669045
3.55184251619,5.4993641975316256
2.90395715854,4.528913955815681
2.79000293686,4.3405911291563504
3.250942259,4.9884458904562248
2.75695770014,4.2893049610285194
2.87020128786,4.5594057848786695
3.50330708344,5.4449982542933943
3.89712047436,5.9335786513466831
3.50547506457,5.468821236360454
2.8601998204,4.5117827671528641
3.67038166144,5.7401240459100649
3.89208822003,5.938926141526073
3.83135074939,5.8504140335985682
3.1756655699,4.904469118333588
2.74307585161,4.3845965467866712
3.27351062866,5.1807234523501648
3.10931270039,4.8112982116983796
3.58421847432,5.4745277776990964
2.9556277217,4.6917135618302961
2.65840703604,4.1956281154735438
3.49846506681,5.4277449343595841
3.10718131575,4.8383853088540461
3.86047448869,5.9175732573286979
2.74522148831,4.2831485800452578
3.05946922572,4.7234007949069081
2.56445254942,4.0916682060600884
2.95261648323,4.6007240402461713
2.64934570133,4.129162624012201
3.15231406223,4.9304859877510916
2.60149395731,4.1207114759236845
3.89544348248,5.9856062540665622
2.6429751287,4.0882808469019905
3.50447955436,5.4101765581474828
3.68796012775,5.7888258428884694
3.81688158323,5.8757528776657555
3.49142629821,5.3766614685284821
3.04231681697,4.8028819513252383
2.7753340529,4.3733459614465113
3.45776256041,5.2677565972604556
3.75209260443,5.7579574440581558
3.14319631231,4.8809501814154137
3.20736399862,5.0803712117130617
3.57552213641,5.4811777630486667
2.79467274686,4.4760158230210045
2.58639218182,4.0274962756560528
3.0951985006,4.8293343255110095
2.56861946754,4.0380866379401921
3.71757274378,5.6351604779778111
3.73466654898,5.8008136355557189
3.78345371892,5.831352361855707
2.7154760496,4.2336718284743693
3.22867373619,5.0446316561553264
3.12506971867,4.8835867474437489
2.98823952147,4.6060841536062176
2.93264516915,4.5835960083244007
2.96691383539,4.6514153176770554
2.7770570445,4.3956348439648538
3.71726012951,5.6992129026949474
3.63086604675,5.4449815122551293
2.78255838407,4.3191821429344026
2.7259176122,4.2377286545600228
3.65108899109,5.5710515635334081
2.71123037487,4.2063007962497379
2.70428823425,4.1877407577271413
3.37556264852,5.3276240045690564
2.63677576173,4.1253121721072921
3.05422687195,4.8249627064371321
2.73014183584,4.3669527216536483
2.64503589335,4.0716685874451564
3.76231361363,5.7253385712990044
3.63101403854,5.5597789479415676
2.72100368609,4.2582919600729516
3.88721859456,5.9678346661604715
2.96887196265,4.6600816341176072
2.69737822154,4.2048215763327867
2.89675742696,4.5726634343747197
3.90116474837,5.9992647897962472
2.57447492308,4.0309199587738114
3.19579821767,5.0255834411048834
3.61418847661,5.5321161909624221
3.18876442955,4.9021681370409862
3.742544957,5.7507470848155045
3.47485150715,5.4011845072638556
2.98737900821,4.6338843409686596
2.72169561621,4.3089973004133277
3.1427614336,4.7793003168295503
3.11330627799,4.7957399599413089
3.46156829273,5.402916455078655
2.89928053871,4.5784384960774744
2.58391035668,4.0844908459811577
2.54716524394,4.0140665928596873
2.55123677873,4.0684859487496325
3.41396981711,5.3610060285689238
3.59127470105,5.4531463857471625
3.65189446102,5.6135986263981632
2.65210722458,4.1250231309075369
3.30774556423,5.1371481034400643
2.97349882551,4.6555157300962833
3.43253799194,5.3099677790322461
3.78848495896,5.8824019285440965
2.97201734011,4.7004073715953361
3.84448106517,5.8854296494068805
2.56754790179,4.066095348675753
3.62086311422,5.5842821148763768
3.44266477699,5.3541408907188295
2.84351075015,4.5166556836512175
2.88159773669,4.5238137095009314
3.84463096601,5.9163419450060823
3.02762184056,4.8295667804246492
3.50401501383,5.5096227780773352
2.79386482641,4.3665038003602463
3.7236891495,5.8071069876827783
3.77466166012,5.8738107770751915
3.41186137174,5.2419909698341991
3.52242907855,5.425616476510057
3.22022923083,4.9197960048220368
3.77984074043,5.7781178363988905
2.74177841059,4.2357091875934811
3.17877369302,4.9039785051508895
3.18673681327,4.9588268431526314
3.44498462176,5.3997809566582209
2.68994070117,4.2747349804739736
3.11248751196,4.9295485861480541
2.83198307838,4.4201136762068067
2.81633211695,4.3887809780969107
3.05735019651,4.7833665822191405
2.86289942657,4.5064545375679721
3.78014226683,5.7846875698752873
2.66234119057,4.2055082219317956
3.12842942978,4.9023933072934414
3.3931757252,5.3109995090909168
3.49412199411,5.2955940898707139
3.69753750705,5.5996925497137102
3.88032578577,5.9814254168162169
3.62125746309,5.5318967468819178
3.30162776762,5.1056191054230728
3.85272668423,5.9491882784765533
2.76828966939,4.2224420978173756
3.52055233437,5.4656196316739685
2.66344970601,4.2323319991857025
3.87613844221,5.8299450221234528
3.79924187081,5.7033219372795854
3.49861664808,5.3761392650069624
3.41257213392,5.3941910695088584
2.75988230492,4.238030525076617
3.52834845934,5.3289726473522672
3.06079788879,4.8039093874537251
2.66789351626,4.2559057726027518
2.86270658452,4.4999921429829115
3.81005971792,5.7920679650072184
3.28978411711,5.0515099762528113
3.36772624479,5.2358641869230658
2.9826176126,4.7140359904870586
3.07193589823,4.7214464958624296
3.74251740534,5.7416850686913055
3.13042406732,4.8852907479958958
2.89244417775,4.5885557822668908
3.23945389038,5.0799977718347575
2.59867674232,4.1151192647236199
3.07214644491,4.669048055899836
3.36444976628,5.1027627682035925
2.87020830874,4.4934518109806643
3.69261743702,5.6990186063637012
2.80463045347,4.4786500793133737
3.35644822813,5.1362197436807282
3.28495392704,5.103860209669361
3.1550401493,4.9581672850697069
3.10435993724,4.8354239612956809
2.87778602253,4.4605039073216499
2.60669059883,4.1109629135968371
2.83412299197,4.5243273061243743
3.28012877816,5.0855533589785225
3.76332288754,5.7256338345481046
3.37270944636,5.1832386240539305
3.36906758439,5.287358600083623
2.694499072,4.1817904823592142
3.49896238745,5.367291518186847
3.36774137138,5.254949766521003
3.68536921258,5.6188945407150008
3.89059154796,6.0118749843561545
2.83575559372,4.4057826508124647
2.69686374192,4.2259761387408217
3.60426636911,5.5907703064992944
2.9592134759,4.5891025088129211
2.77437622749,4.357470696327514
3.13388807331,4.8886376426399591
2.57877024353,4.1399597469179907
3.67914930024,5.551177025196079
3.75232618832,5.6876663637691216
3.60135743168,5.5782773853826217
3.11027051846,4.9095519963845078
2.91310103028,4.507913615848774
3.26831849656,5.0507928675967326
3.89485166985,6.0155258744382527
3.05033717124,4.7364615635552223
3.7674185061,5.8061421251479004
2.78427385131,4.3570684993334856
3.37422573803,5.2697377616748691
3.23151067967,5.0990198479823432
3.01373924297,4.780298532133938
2.75178475095,4.4057381325951805
2.99872408122,4.714702040389227
3.11368552628,4.9464848418680392
3.63734378581,5.5794646298743649
2.60035207277,4.1288587611772201
3.33210643418,5.1060010558584619
3.20650669637,4.882022089215698
3.14685858989,4.8420654839163531
2.68967236873,4.2815576696896613
2.94201373848,4.5934337270946042
2.60182492324,4.1032077141208703
2.53488597974,3.9832626188042326
3.13178856591,4.8208377257304234
3.83898504013,5.9374752889435491
2.65667488825,4.1491014802983059
2.8347315651,4.4282752182157568
3.45319221529,5.2839788472624054
3.24209538665,5.0453871720437338
3.38298983421,5.1109572710951392
2.98918785672,4.7429079093071849
2.94241563101,4.583645765547506
3.23368043806,4.9762002664032794
3.39805805303,5.2518079741474164
3.02865892021,4.7371312477481897
3.02184634231,4.6194894112075966
3.83261806881,5.945578722380227
3.79662313909,5.8321135809432185
3.50060182153,5.4539258510007285
2.74998171435,4.3706519315380188
3.55259510035,5.4716551570382856
2.95626871537,4.6824585913174115
2.87699557114,4.4795331981409579
2.84740621401,4.4287133904103264
3.89083055917,5.9979487848760247
3.42002956544,5.3411869689367162
2.74028988989,4.2311822135445185
2.71884336416,4.3103266565658052
3.54971646159,5.4976718567057272
3.21316798233,4.9116346909942221
3.172291029,4.9833491353316273
3.24476531055,4.9509855054972061
3.59756046108,5.6018950660923581
2.59936300476,4.0852077006578948
3.71945197084,5.7249728137988489
3.23428922767,4.992461529672191
3.47262391588,5.4202253744512543
3.21988201577,5.0105768243547573
2.63494358115,4.1361978781577013
3.17046971252,4.8937403864281839
3.78770083182,5.8503484144326219
2.70901010098,4.258203340331816
2.69337383887,4.2454610813766145
3.06684067487,4.7997975214824828
3.85277705326,5.8747132015652141
2.71195818052,4.2772962700872483
2.99574807554,4.6752664880075931
2.76049684155,4.3542102955538766
3.21884170071,5.1390479071422108
3.09089264393,4.7826850402959655
3.28855108077,5.0954499837460254
3.1656694273,4.8635454074623601
3.06741257625,4.8112531805337362
3.16883321547,4.9876541284253042
3.55158859197,5.5227506799085502
2.69333773282,4.2521892382923783
3.86226474044,5.8570879651096242
2.64676719403,4.1330709949948741
3.09513837044,4.8221905362409663
2.94605426968,4.5763941815520282
3.68969105733,5.6095947854709189
3.23795706654,4.9692873033081613
3.72181201666,5.9040151089357265
3.65718423086,5.5682450400247987
3.19807697351,4.9273871701142902
3.77644809784,5.7939365415604156
3.2251198087,4.9905907439585393
3.74071844968,5.7133956193436708
3.04187754384,4.6711672324559395
2.87185158312,4.4848841527566758
3.1038564105,4.8392207643553169
2.81768270655,4.44732108369187
3.66668798704,5.7261396779919798
3.02472185759,4.7553476832296999
3.0109823375,4.7908478699585944
3.74398852128,5.7639036430419637
2.88921672069,4.4914583284507383
2.69172084332,4.2941720216207777
3.04576112989,4.8242203760113958
2.99632204159,4.7153999581534594
2.8551113451,4.5849954751907447
2.97253505769,4.6733766992962869
3.76768985651,5.8279125120882451
3.70535735746,5.8305482574772425
3.72921708463,5.7482046116479379
3.62776409008,5.5936798945564172
3.58048432262,5.519288687030655
2.66099053445,4.0742982547762576
3.82040008811,5.9346694081059592
3.13429724171,4.8747139801652999
2.64341660087,4.1614371286197143
3.33295790264,5.159600180906061
3.04871950552,4.7651447307944013
2.86388678807,4.5749757517323326
2.85265335904,4.4623890427784065
3.8430665574,6.0191027953135086
3.65109482087,5.6273134022733009
3.78071924693,5.8923519752810529
3.15179772445,4.9510750744818512
3.78190994229,5.7711515442615688
3.80907822609,5.8637710677547394
3.58515498896,5.4752651015870324
2.77988046575,4.2657656955773753
3.48610561675,5.340846513803589
3.72272895174,5.8583331288324816
3.7471716327,5.6916519638622631
3.25696948635,5.0611226561153728
3.4894222167,5.4153507091367397
3.32886237772,5.1393904515666629
2.71550427626,4.2425602562901368
2.92626281456,4.6096708117055858
3.51005927898,5.4386310187267979
3.3067704663,5.1149296686935015
3.90292518106,6.0180334625012106
3.12413222147,4.898468536706476
3.24081587209,5.060902008268652
2.66697819555,4.2650011252543747
3.78842929097,5.8403362826356702
2.92007948073,4.5116583123855811
3.51704158024,5.3545489491249523
3.37095538269,5.208637749457778
2.84935320168,4.4989360505337261
3.00016982196,4.7321439828158489
3.60255177792,5.5639320271048964
3.5517139456,5.4344351162086761
3.8826948837,5.9611875850893918
3.54946016947,5.4618368148880139
3.11291269072,4.866147340118733
2.81113688832,4.3956121505371497
2.82188127572,4.3807091646840988
2.78482660156,4.3628766138436852
3.4692560288,5.3158777092407536
3.59510714859,5.5724141893968095
3.68624395264,5.7472115479707631
3.75753387787,5.7516544630187534
3.54380061776,5.4334273703459361
2.86044419278,4.4961645253206184
3.78257116314,5.7984388652606116
3.59403279752,5.5558663213447135
3.293639311,5.1793956137422121
2.59890601058,4.1460132778960457
3.80986502702,5.8823537059831752
3.25141359175,5.0351205832255044
3.69859668071,5.7005556455676132
3.79153679448,5.8686640268473749
2.78275240614,4.4107188635686132
3.72959119774,5.7869902640768007
3.77221961328,5.8466569813018605
2.98897460243,4.7294215213339461
2.58560487556,4.1419650573264946
2.67476709525,4.2948165557243501
2.64922988323,4.1757617736949939
3.83539697954,5.8654060248100448
2.64250632818,4.1719726632314735
3.67416050694,5.620848079777609
2.86512754692,4.4943689891098932
3.53910789664,5.4963900347466454
3.39868008084,5.2947925931203343
3.29617161,5.1524466947832259
3.23287752374,5.0071741497678053
2.90722050041,4.4966919017530262
2.96901322037,4.6705508563206077
3.3632457745,5.2245395520866262
3.05707936591,4.8057071412487424
2.93931686699,4.5749989593527012
3.41503561088,5.2859206777093153
2.63523233708,4.1657501190466002
3.12946444121,4.8994248771925051
3.41647369272,5.2881924622434324
3.82725295345,5.8527740229399434
2.84253388638,4.5098084434308054
2.95831449994,4.6740536034512088
3.14514779548,4.8122383938270259
3.34250494941,5.1536313389217829
2.74552610298,4.2634752399132569
2.97480170984,4.5340509991256894
2.96759964831,4.7443557469576039
2.93653154255,4.60354552185205
2.72744719799,4.282438852288684
2.65247714697,4.1555959393119872
3.7151361572,5.6959021288615519
3.11281646008,4.8882743890809239
2.99277586446,4.5955235746662568
2.92991167089,4.5656968198918237
3.77048001563,5.7584912435117159
2.74805505781,4.3688264264825705
2.98373978024,4.6791870687989388
2.82492549267,4.3643119171124756
3.21260788787,5.0522420465727027
2.67602776014,4.2304672531637184
2.60778404211,4.0558780881487753
2.71141647768,4.2146051723361682
3.66559864736,5.7025433618796626
3.56407271709,5.5530478616922769
3.00850426769,4.6262646085208221
3.12101034983,4.8005934828345964
2.65508884962,4.1676568315308025
2.98932622792,4.7089118888680064
3.00249365432,4.7077671205624485
3.82782200159,5.9101953266485605
3.72117473047,5.6074242574429256
3.58320475394,5.520573349367079
3.06566057574,4.8350826001608143
3.8915093375,6.0639230852813926
3.45148704614,5.3105190096458292
3.84980561621,5.9067622520469918
3.28812829409,5.0951177579453635
2.86058868814,4.438373488611
3.2192574878,4.9355040631873157
2.99763361038,4.673336636529446
3.1814287257,4.9537702806616366
3.24574745802,5.029931945578288
3.16885062862,4.8911389972934352
2.84525496464,4.4921408992649114
3.23628696869,5.0260327144088066
2.74000935582,4.3938824747202734
3.5900673562,5.6341841426270562
3.72028481561,5.7571922146905079
3.5728171636,5.4354353542614158
3.63339848935,5.6568115518493194
2.69469997571,4.2576059536679614
2.82588851469,4.4432544903773836
3.78051575142,5.8853495349679861
3.07790515543,4.7995119320402875
2.99365180951,4.6304600976363011
2.56375210371,4.0804598656181792
3.17652914563,4.9165239965510912
3.47951697905,5.3085951128438991
3.08633780878,4.8833554753196173
3.75322085769,5.7636149723666943
2.66943718666,4.2407518634159507
3.15271848957,4.8935529863353366
3.40215902033,5.293194702170565
3.53474049984,5.5271525839991735
3.8616979707,5.9563412000723561
2.62432525962,4.1888615799436835
3.22922821336,5.0861288601803443
2.75409360132,4.3570054712094644
3.083306219,4.7850202836170013
3.25744904676,5.1254992907103336
3.0307279079,4.6794470418304002
3.38357700556,5.2247652925696348
3.52884543751,5.4198476557388702
2.86319435754,4.5824329064004976
3.39750217712,5.2759508747893529
3.19879121819,5.0661461843393205
3.79421067925,5.8005317756987074
2.54299334337,4.0243837695498561
2.55056549238,4.104761474899874
2.83999841367,4.4461003775286452
2.86428956672,4.5252361509946759
2.89761078915,4.5785953547400116
3.34070973568,5.2420066441835207
2.57637434924,4.0556350359495976
3.35121453364,5.159440538279771
3.12244598514,4.8686201909400637
2.96789165793,4.6008549089867881
3.6302260059,5.6196032305585115
3.7431838331,5.7782874464367184
3.11177269665,4.8003382176032243
3.39638021003,5.2392604435968906
2.6688410482,4.2163939371218957
3.18307065388,4.9686466409152921
3.47984633485,5.4362789002107759
3.0802578282,4.8020678213021295
3.28119724537,5.1084890180291556
3.1133509681,4.8130793823661664
2.69984374735,4.2760575301403492
3.75429302685,5.7068293348927899
3.6555374512,5.6130079602532037
3.21822365498,4.9651693403101413
3.16708150406,4.9706352377896303
2.60698036941,4.0747388629459405
3.04911298039,4.7684627379364155
3.53155356695,5.5167575317920505
3.44874142193,5.3897778876359288
3.26410665337,5.0439580891470417
3.10769860858,4.826400514372498
3.69802217661,5.7405026357466769
3.85864887086,5.969635302791497
3.10975177186,4.8419182940222445
3.08219475908,4.7992270050713621
2.79203275729,4.4045830060987745
2.52880643973,4.0186549836697631
2.52572695267,3.9779196573314155
3.53820087952,5.4941263919099788
3.26594601272,5.0519541892615694
2.84898683516,4.4843793465546877
3.1683625927,4.8692979130745542
2.81240039077,4.4063495973161979
2.6322550076,4.119087194155159
3.40984767372,5.2466217727943549
3.44966794747,5.3620299888536156
2.55064889988,4.0493201706227024
3.83951105426,5.8579773585233808
3.47346188947,5.4227063540108533
3.90456371779,5.9915089029783086
2.83567438067,4.4851693609738863
2.62290678246,4.1012806020518351
3.3751171517,5.228293974894652
3.1644020004,4.8613408883503002
3.44914706,5.3474406162145298
3.53167070567,5.4712215187719382
2.61786142684,4.1288204031218863
3.03367829118,4.7549213789243723
3.06280481437,4.8306540418906518
3.47107297473,5.2693664991759572
2.96130375544,4.6735313664460607
3.17064083026,4.9643965241172898
3.32168638535,5.189806137106233
3.1526572914,4.9455008350776852
3.37158202798,5.2834411394900958
3.6339097597,5.6486909781858117
2.67164314757,4.2506539678700568
2.67072120061,4.2402450800465585
3.18592006098,4.9501807758444922
3.63683155596,5.7003687275782893
3.7685793533,5.7887115878828119
3.49373174015,5.3276558503358178
2.55985908891,4.0179377312628066
2.79517262523,4.4327476392755933
3.03154831394,4.6737007405328894
2.80683828538,4.3777677432462978
2.77238988854,4.3315256791103209
2.68539915116,4.2529928448819021
3.8889495851,5.9948421300954937
3.63678799347,5.6577396462843748
2.60881872486,4.1013937072957125
3.333435793,5.2092664904500667
2.78891009336,4.409265189500573
3.43028144963,5.2145366237396473
2.7853395296,4.3438354976902538
3.87009793708,5.9502309756541418
3.44874887457,5.3152819747928319
3.4767992218,5.2912575343164399
2.93801378994,4.5380128441150998
3.13897809342,4.8857709979080175
3.08637488725,4.8142823684373823
3.16462197933,4.9726844848025671
3.7912124759,5.8170073550024304
2.77354173623,4.3147356441479765
3.25954899448,5.1078441864598503
3.15571746869,4.8818702284247086
3.28299163826,5.0032973923112971
3.01689331509,4.7002525318188919
3.88522216823,6.0327925267579667
3.0783681281,4.7743593699997957
3.78119724696,5.8396900479782659
3.61169814583,5.5373435925839507
2.6941422222,4.2683549872393058
3.49039293471,5.3744786184687134
3.00026860967,4.6060873124825479
3.37671836602,5.2085939575058733
2.72642313461,4.2934369625689452
3.33205172313,5.2274644874316474
3.849897511,5.7975096954715388
3.77518060604,5.9252509049694169
3.33996205109,5.1678086468580693
2.79025358526,4.3207420674628301
2.9352574934,4.5740331518641293
3.3033092582,5.1918006528933054
3.63356395981,5.702455481179503
3.24165415158,5.0016532037967671
2.79395965545,4.4266397283215264
3.77794688488,5.8114738072825034
2.75087059526,4.2779400372927823
2.5445992264,4.0067627660414233
3.12698482314,4.867709819047862
3.11637666302,4.8493578417327319
2.69135480113,4.2547606156411799
2.94213611991,4.5628668426051826
3.59726404173,5.5309978639932309
3.32993824593,5.1932610010786373
3.38636643146,5.218030762576702
2.98896071584,4.7011908226635688
2.84717583061,4.5141209865260254
3.70580926316,5.6584736603096548
3.66504969875,5.6620422962897621
2.71990958733,4.3304278084470385
3.62861427887,5.5592163743022924
3.56377634301,5.4551352292744433
2.52858768068,3.9527371197239676
2.9805908997,4.7133685697021397
3.5275225318,5.4446233198627167
2.75650236516,4.3755323169632074
3.40122835351,5.1918007646431441
3.61385095965,5.5534882819000275
2.5684373438,3.9873390473164672
3.32342182945,5.1308788212707315
3.71361474271,5.6594100253502155
3.435588359,5.4012342996697909
2.57134479835,4.0835267545288474
3.07275754218,4.6901798523474127
3.78346855282,5.7968910652039645
2.76994611386,4.3551264432434698
2.534011492,4.0033489796759811
3.46818184157,5.3276429790384405
2.75036835679,4.2957440744034345
3.18701011122,5.0413253675589509
3.86397992161,6.0089761700539892
3.42740326166,5.3654737538075592
3.30321382763,5.1466339065378728
3.22018593014,4.9786740845206126
3.11925037154,4.8629974423103386
2.88217478959,4.5160530195176394
3.02386895694,4.7361887731349031
3.1216235271,4.8438198087466287
3.01983271392,4.7391352049440849
2.74798984615,4.3643026163857765
3.13960638458,4.9095526450118392
3.86405113951,5.9454189639568318
3.86381938442,5.8958994305167955
3.21255055786,4.9825362500570831
3.66661366686,5.6619125243662394
2.70163285236,4.2153440632722692
3.52562226922,5.4489815695585628
2.88171459335,4.49583474391439
3.72797367269,5.6691667375931791
3.51755662324,5.518815039723175
3.11456863449,4.8461395950034856
3.18335916306,4.9365810731703625
3.43805909385,5.2373488610850885
3.00423398024,4.7115532555646054
2.54621340621,4.0962448358667123
3.43663781058,5.298415386898597
2.98190399216,4.6992976949546579
2.88975281071,4.4808364907908578
3.22987656818,5.0614242457013106
2.76767027883,4.3205219869083775
3.87433956106,5.9212969471339312
3.62229720434,5.5049137913480921
3.21952315157,5.0795127881844522
2.71642855714,4.3166084796679218
3.28045186615,5.1738003492539173
3.53870985217,5.5218097757145186
3.27011594192,5.0608883010553285
3.44892073009,5.3285801074481576
3.07511006857,4.7767922019428752
2.9570509095,4.5816106496007354
3.28703080482,5.0319931028033293
3.85699041472,5.9382012709305334
3.19796694002,4.8436279967757194
3.03569600911,4.6758382793124618
2.78192088267,4.3422899957710506
3.71982166843,5.7466440210424192
3.80399756591,5.8991359406741966
3.75971900862,5.8371184407087826
3.55900224111,5.4744849997892988
3.43602308742,5.3304674188118417
3.51672377799,5.4893023373813721
3.88163063405,5.8588283943523098
2.80290622789,4.4060191639339159
3.08412613127,4.8404366558199241
3.32964832853,5.1091664070553131
2.78775504049,4.3658699703624411
2.96248412021,4.6656884755906525
2.96541853433,4.6681074100000517
3.12667268044,4.8844226401995021
3.1347407702,4.8914594756778316
2.82527245416,4.4012307507869632
2.92357525533,4.5843223928887387
3.1535542755,4.8984537695352577
3.7132426983,5.6746548386731712
2.77343783607,4.3416145320867061
3.2764023265,5.1174615849639036
3.27536725832,5.2454930812906468
3.61210469655,5.5816141621279529
2.93388573891,4.6072490668792572
3.8212871716,5.7999461226906943
2.86186126861,4.4943829079224935
3.31067506029,5.117685237953018
3.56585336002,5.6639657990329892
3.35461348677,5.2357467097211341
3.57396007389,5.5024170848598288
2.9231546127,4.610946104443741
3.87322147143,5.8821864133718957
3.60986997311,5.6858924388816376
3.24448164473,5.0941618259570633
2.68610542712,4.1983359359622519
3.66622395211,5.6216050765734256
3.17379826891,4.9226501882139724
3.61712233208,5.6718490175813239
2.69340051172,4.2892478597505672
3.86539169786,5.9335744069918199
2.7620131317,4.3476478660489866
3.82206323911,5.9528385393311218
2.65108072369,4.2128167980264823
2.70974026581,4.2627968769307527
3.2421764745,4.9710780500142207
3.37959281247,5.2424034849125292
3.88304600484,5.9868107169299263
2.63601734294,4.1660890352880902
3.58218114166,5.5672137874412533
3.06772908473,4.697423304782018
3.47662977826,5.312757032006985
3.15601597537,4.8910065225182722
2.54465820607,4.0924544228021951
2.77480002818,4.384297773947802
3.06997282126,4.8753658416819237
3.61246544942,5.5950737868885998
3.52666843804,5.5470772103821657
2.67304263807,4.1791217834130778
2.78285413693,4.3278436584030642
3.2954223574,5.1544987343950135
2.71208796139,4.202929525248714
3.25933296937,5.1262326605588058
3.42290770655,5.3495953414650916
3.59602180479,5.6026387817261556
3.73700538562,5.7559267383716968
2.68838074979,4.245486323774144
2.57175666314,4.1623000990306016
3.77965499903,5.7942995104409718
3.47758730268,5.3056670518166333
3.25167372392,5.0138428476287054
3.88100508768,6.0249123792602894
3.25639575218,4.9562965509525343
3.35027198553,5.2807211130642484
3.46916986076,5.2863965885685227
3.33341602965,5.1555791898230519
3.10227174641,4.8250159213674886
3.86848298238,5.9815622979019434
3.42008192256,5.4080362505751802
3.47357651558,5.4438980102904386
3.10029189712,4.8117854730157914
3.30379972548,5.0641703065184087
3.54060897524,5.4696325392084972
3.70447024234,5.7785708932930948
2.70699970467,4.2849365419912901
3.51992810087,5.3907739169152311
2.72400262981,4.2674221306464277
3.10640523502,4.8156108127690542
3.08509481335,4.7615832223666725
2.90129711631,4.5678369529327592
3.54984421488,5.4932945556344341
2.83071010249,4.5436599224662899
2.60758825522,4.0685943038550914
3.81661285692,5.8826870563251621
3.30032991846,5.1729758386974769
2.63646349651,4.2063905516577726
2.5276490525,4.0479569623243679
3.4542361274,5.3721515885397588
3.81835365722,5.841387259675777
3.01522842858,4.7124531418325191
3.13950277476,4.9218842008466721
3.82808818634,5.8568180202045808
3.00337929976,4.6530728344725993
2.66430862364,4.2521186185489581
3.26078856857,5.0184156647789795
3.87400985631,5.8465064789944909
3.71602931932,5.7288527609601365
2.88354336332,4.4162799725147774
2.73975450837,4.2902661985907491
3.45299470667,5.340099659862851
3.01894571831,4.6684670303816294
3.7507880945,5.7282998031043473
3.76730323842,5.8403291399613346
3.7024366225,5.6284580547560008
3.73550305298,5.7258009306149447
3.30500209968,4.9675725009398821
2.88616770735,4.6012584286083795
3.57303211529,5.4166234288961537
3.25202205456,5.0509795490596234
3.43325636908,5.3252571137314959
2.52525075885,4.0488308206550698
2.55912861317,4.054396593389189
3.0162136863,4.786083372257198
3.56539389148,5.443773300139167
3.74728934686,5.7568510210814257
2.53815946603,3.9944788014650485
3.61033428865,5.5862821064895369
3.50373993457,5.4166514922248847
3.37400483233,5.1772318189751871
2.52432923834,3.9999789595129243
2.8560996245,4.5220340351747392
3.80831354341,5.7649832424539529
2.76540430226,4.3765934264867115
3.32369920452,5.0981539939546829
2.70244311863,4.3033899112973151
3.53468299781,5.4330153339262584
3.68272019296,5.6021373338527241
3.09192792794,4.8266481278823443
3.47523872565,5.4242739452670294
3.20209771124,5.0082019777898088
3.09205052176,4.8185263416493243
2.99833404306,4.7132246543319631
3.21654482581,4.9570545947655686
3.59279310954,5.5467217216675513
2.89615722023,4.5373111584030479
3.04220283769,4.690669648404973
2.82414964291,4.4106344976839917
3.63556003295,5.6337379462876438
3.1214458349,4.8498110004554036
3.80030005929,5.8102972613627255
2.6332023672,4.148187948861489
2.69324589259,4.2352664085782772
2.84008140432,4.4646649390725965
2.8963962716,4.5797573509311871
3.90208919886,6.108435791434438
3.04634541325,4.6682035470972325
3.35769477587,5.1962635384245957
3.60535338675,5.5481474322303921
3.17857108788,4.9493372662714279
3.430047307,5.3751376424427768
3.89577873767,6.0168643473927013
3.76996154447,5.7691139226794075
2.74202883919,4.2869231322450077
2.92530867004,4.5318094222702001
2.89393611079,4.511184404913589
2.72448082522,4.2751182997887796
3.12180671007,4.8517474420372126
2.91632879712,4.4958882978450703
3.52470653607,5.4489778418924582
3.15190690769,4.9202443257559798
3.03197243135,4.6213115886581804
3.81119882964,5.8124532035114687
2.65158017565,4.2063874226237257
3.52367087995,5.4330097847839642
3.66587625946,5.7319221196124612
2.9501973323,4.6520038413499831
3.40833870647,5.3160607168773835
3.32947364897,5.1164854992415867
3.49246024789,5.4247534553833123
3.47131334793,5.2911015936280759
3.54399949149,5.4551620296448418
2.53798355352,3.9747536679153459
2.77808443819,4.4382561282570476
3.01223055526,4.6749720002624313
3.19266767597,4.999830198025756
2.63267788234,4.1296104268980773
3.39528502614,5.2821935449962663
2.99600220618,4.6621036585899143
3.72588668194,5.7236042099481805
2.64436569729,4.2171934350659503
3.02387074407,4.7174188786753053
3.29795017488,5.1522575105886332
3.65078583856,5.6281255517726727
2.88564249769,4.5612524777574954
3.67906980864,5.6190249114906674
3.14699030647,4.8752946965951063
3.77874508364,5.7489540515369031
2.96554124564,4.6481172081732378
3.317891361,5.1459690641533351
3.0454143768,4.7152806006486783
3.63469341759,5.5074557289944392
3.82042524778,5.9294467721761244
3.55299078693,5.4550468503020921
3.72239642732,5.73508549778124
3.8515399438,6.0256224520244475
3.61461720311,5.6275427506374651
3.22644925203,5.0855190030160653
2.56265443972,4.0600879625879678
3.85038037476,5.9180552755315743
2.89604142191,4.5360806534843618
2.79332435796,4.4029653919863936
3.31053257867,5.0876871033832272
2.86710036459,4.5387006705515871
3.51700217266,5.4918113748727695
2.78168400963,4.3812234754385226
3.25148597087,5.0019705294824552
3.35152724149,5.2449413130300648
3.5639257415,5.5242533065630788
3.29568325349,5.2078044315771201
3.54597377821,5.6056303051154526
3.68416650315,5.7957524970019785
2.89318951828,4.6465414413901174
3.17067494329,4.9061607833625924
2.79940493265,4.3999933813821679
2.954891882,4.6523065950306739
2.70594071812,4.2305021468087958
2.72335126579,4.2566491208598123
2.53002026364,3.9893780684612405
2.88036574872,4.5888660017017537
2.96117400114,4.5736000508459727
3.71638183592,5.7581028067376137
3.33567713616,5.1913796791153173
2.62321395582,4.1213549619288221
2.95980527375,4.6591300071899306
3.48530691905,5.3964904415612356
3.44087196923,5.2372419134171126
3.19210182587,4.9820442460549117
3.28612714299,5.0541969330492877
2.63670633002,4.1424273861740861
2.88452263292,4.4932213973763862
2.82739440718,4.4045521019672984
2.91042592327,4.5114028955544132
2.81662218174,4.4732619494390047
3.71503062258,5.6709364828070949
3.79564430549,5.8249070671833278
3.0505558329,4.7909645927397406
2.55630974335,4.1002883547762616
2.90010459026,4.4839173485697259
3.16458708941,4.9342798869717495
3.2112657281,5.054281478069826
2.55902110865,4.0826130603609334
3.78650085995,5.7542333084267039
2.88182532223,4.4381468329712508
3.8951143912,5.9289707875397619
3.69694254661,5.7451440267286333
2.56310674738,4.0167231159633703
3.22761291548,5.04355637331164
3.11827374393,4.8863957778332612
2.65679427902,4.1568360665059467
3.44079875882,5.3836079068312159
3.349608595,5.2103928478282855
3.35737871474,5.3012631044449643
2.82439328307,4.3527424498369474
3.10021828962,4.7934449140011983
3.82577166276,5.7607608727276913
3.52452164313,5.3977967695332278
2.80812569959,4.4117275115681185
2.92341607611,4.525290540464721
3.66870595113,5.5733281189884396
3.20684060595,4.9543630709516906
2.54757774639,4.0690573152604479
3.17679957552,4.9480104881776503
3.87556530709,6.0293605447347165
3.0060672914,4.6500442550062449
3.08778300081,4.7861966481837426
2.79911840709,4.3762201503348068
3.25322519503,5.0076001015682596
3.38592494624,5.2434817516116325
2.58301085685,4.0985886198687256
3.15644708398,4.8513900363839708
3.01770113563,4.694806654064732
3.4088050639,5.2499569023963906
2.96522982459,4.5841597223493782
2.81943534249,4.4245850831829072
3.39443340081,5.3078444430608549
3.14353789283,4.8201148266783767
2.97161364461,4.6151007173411269
2.81495459192,4.4183217244241115
3.24001786968,5.0690242965859493
2.69900348189,4.3064210461862542
3.06395830389,4.7998377926635083
3.24637041867,5.0479230587139163
3.70238744066,5.6902913611085211
2.80581985357,4.3500236022072176
3.8794694619,5.9827622430440659
3.47334300387,5.3062996845823109
3.45347157313,5.2429677021865029
3.8991166806,5.9187172342863299
3.03469817306,4.7816324519231053
3.63588196758,5.6710622821447956
2.77450498804,4.3404154817561666
3.32863771764,5.1892808036077014
2.78836699397,4.4307586729140525
3.27422562525,5.0746406877535666
2.95259580308,4.6048252327346209
2.93219615624,4.6040941691387998
3.77844884611,5.7325285375188244
3.8633726525,5.8906300110669161
3.1288734663,4.890799154277178
2.58127697924,4.0701819392770746
3.20735173007,4.9450136003921799
2.56519521523,4.0482602823456153
3.87197179033,5.8966217925051332
3.16261860606,4.9346092533023533
3.64963821993,5.6967864286021763
2.89219445444,4.5232294649102283
3.4993039228,5.4805138928809933
3.40306925567,5.2048899795542383
3.70273270744,5.6522357425068153
3.6960244351,5.7011147417678245
3.68656706892,5.6791572387337084
3.21604578213,5.0950047740551563
3.1658446637,4.9363917464141096
3.17926127144,4.9845547850278749
3.18228603578,4.8506315941187159
3.51460622671,5.3842795677155841
2.72673184928,4.2512924472112754
3.37611733596,5.2254912092108139
3.88900733527,6.0547085564266903
2.95660560418,4.6012064481622286
2.95661158345,4.6486659437901086
2.71332707305,4.3444992992484233
2.91507190888,4.4698311362864507
3.35381768029,5.1580882105100798
2.75996917312,4.3708014999432132
3.16412085593,4.9506416607510957
3.46260287051,5.3996475016795804
2.87972501339,4.5303457607475943
2.70759653032,4.3176455039515611
2.94819189111,4.6150951718063444
3.78765006864,5.8553820522770259
3.2261435697,5.0386645488838564
3.67888339916,5.6879196870105639
3.31703007431,5.1000114530231402
3.73166555542,5.7845535175558593
3.84379506338,5.9715051271983199
2.79849561461,4.3894142418380486
3.23373179948,5.103508902541285
3.16456686277,4.8490911715279834
2.97335678628,4.6437568767284469
3.89653192331,6.0379762253136944
3.24636785527,5.0707557208098821
3.13789635072,4.8515418203016338
3.03296110874,4.8064594335118445
3.21621730319,4.983384514154074
2.89345242654,4.4985491024945823
3.76080492015,5.7862880901970843
3.24294137048,5.0762338550045749
3.73781645239,5.717815950745015
3.50448481516,5.4867675169947336
2.91002120604,4.5187412048403761
3.77900345198,5.8681487684336116
3.80999697261,5.9110739923186024
3.08069554768,4.7813942839777477
3.44204877448,5.3297764541461214
2.75446417325,4.3845269258964654
3.68954956579,5.7916754364340228
3.44097293889,5.3411426026092883
3.64050642577,5.6991615596913787
3.59223954515,5.5585553564760737
3.00929399677,4.7017971067731779
3.42758231627,5.2093479692949201
3.86250447172,5.9233174372463679
3.40777730465,5.2768658533155284
2.92109589061,4.504308262016206
2.63783767768,4.1096117261570768
2.84106144327,4.4878206637818989
3.16087863374,4.8924169983063361
3.08623898378,4.8245869825785173
2.64954029953,4.1878701630995128
3.66143207443,5.5574629034845877
3.04632184022,4.6933939850210891
2.86929771455,4.4710772266080285
3.13349007189,4.893468793951036
3.02569345657,4.7555760016972339
3.26793344374,5.0853221739719423
3.83242023904,5.9481055435317209
2.94392346811,4.5903971334491116
3.01390982696,4.7039743187928362
3.31826331063,5.2325501806233135
2.61210512129,4.1368999422809889
2.72406879327,4.3621055116138931
3.41676087323,5.2599089495924698
2.65823360473,4.2649326156988856
3.44574981044,5.30884571348696
2.83587192289,4.4407046630088525
3.54556187486,5.4781326298022659
3.12358741581,4.8525520745259021
2.61939286293,4.1239280059660075
3.48747302978,5.4321719380190734
2.98913353237,4.7202230851881772
3.692346828,5.6615230820370188
2.61633427387,4.1000815828154682
3.10676059308,4.7749513484423707
3.17471381075,4.8880430725089532
3.09540540325,4.771196139408473
3.84107229384,5.8805164078634835
3.37822193205,5.2005150924500718
3.85039490387,5.8776865915808569
3.87445859009,5.9379245682991391
3.82034548751,5.8677018269469174
3.61669969002,5.5706764987419097
3.80487245872,5.8724300168204806
3.06331598529,4.8374633508681955
2.73845693869,4.313530885932118
2.84648012231,4.3856840752783404
3.6045304616,5.6770091940460787
3.78853459255,5.8286627008174348
2.83944353488,4.5052170562533016
3.3454103667,5.2644580162139771
3.58375665071,5.6167378116842412
2.62863466912,4.150237950691877
3.67658935704,5.7157003312187316
2.7767613934,4.4064963349951443
3.5792380973,5.5216337049911948
3.2104868749,4.9896359404740203
3.23238146022,5.0410507073744082
2.5983470794,4.1599784982910899
2.84771089726,4.3800355143535556
3.39883528413,5.257443918934511
3.54578383754,5.3785426053448218
2.56344223507,4.054975934304256
3.3017159141,5.212575271239638
2.64084326039,4.2242095618223292
3.8814251975,5.9584842034408121
3.36923559341,5.2323437254049505
3.55887654426,5.6310819700927679
3.1113852471,4.849501969818709
3.39672362843,5.2895766902066539
2.9668248306,4.6719114505185919
3.73521143317,5.6910484631709775
3.80177891095,5.915266012598245
3.11241605286,4.8376141513620796
3.4888446757,5.5164985826895512
3.38295665908,5.2389160677230064
3.58481091761,5.4712730314764757
3.48063531105,5.4466758539462816
2.78096698935,4.3318729217835177
3.83552453499,5.9892922754543889
2.64777790186,4.2450401853407502
3.56155857175,5.5278010131855506
3.34991701089,5.2141513212455992
3.13358094858,4.7824235460620637
2.91648976999,4.6379696133446089
3.75782604813,5.8242511528290377
3.80175198613,5.8662402544001386
3.61889823931,5.6671814204976192
3.00049146585,4.7489397283754622
3.75193664882,5.768597212619464
3.52260505225,5.4908994470481911
3.85609780633,5.9711810451848537
2.78445061115,4.4039256828988993
2.84804742015,4.4982229212494644
3.26878523601,5.0193362911072779
3.72011917498,5.7000613578775843
2.74220964572,4.2709283166313012
3.03740264054,4.7401306805418448
2.60360158114,4.0913305048079858
3.35021065227,5.2804703785762186
2.86955216615,4.5335192432431501
2.93615192283,4.596193815510933
2.79809984207,4.4568742131556238
2.6403518022,4.1710206502791927
3.28470245939,5.1420170691775082
3.13665469205,4.9335257697262156
3.1209056553,4.8922880762459471
2.69251398441,4.2269716240027684
3.0636330722,4.8028531856352714
3.56372888041,5.561086908356887
3.32048190247,5.1707088801315972
2.71237252326,4.2527475469435609
2.60887851063,4.0312674446290471
3.2427245723,5.0597438482264954
3.83930221954,5.8849340219649475
3.8281152974,5.9284762314166581
2.83730012352,4.4240022777846049
3.17347019764,4.9237093326498762
2.94241424471,4.5824281527243871
3.89929780462,6.0714467460907207
2.62608432666,4.1824154260699062
3.18146842628,4.9441916276032218
3.2031416721,5.0024008629832606
3.79813474665,5.905881615131233
3.40753801719,5.2577086003245039
2.83337035752,4.3944016739953025
3.43784524173,5.3128793511295109
3.61068207816,5.5912018616870069
3.05482916466,4.7458541423305176
2.79410189448,4.3319175895604092
3.18655760034,4.9984619649506739
3.34743755823,5.2452661946065486
3.80085512261,5.8180457061932609
2.55809451305,4.0608802502213415
3.79964370823,5.8829969862111495
3.16661453796,4.9762417647376029
3.66480136835,5.5985822871223281
3.07253892435,4.7638293287215481
2.82108767378,4.4766679756017229
2.97883033711,4.663485109429427
2.97699273311,4.5694050055893225
3.26240666946,5.0941171593014722
3.71323625419,5.6355734435802605
3.67833322202,5.6701033992919472
3.87399355399,5.9312506197438344
3.67354783917,5.5920000396062468
3.61041259594,5.5503074113679691
3.33222386262,5.2027593703196535
3.61857977377,5.635858505792438
3.30417571626,5.0698539158570322
3.08140844714,4.8403572870344114
3.26440638938,5.0651018947775439
3.23669372185,5.0258806794750033
3.73057853688,5.7576756038710588
2.74682497032,4.3142043583946776
2.95352058389,4.6586325580076471
2.5589354655,4.0425531703474462
3.75690459539,5.840599882656087
3.51288365298,5.3926045576957913
3.83146930179,5.9052792857591241
3.87095945881,5.9819792655253332
3.07038842847,4.7391472924634703
3.20354490585,5.0068507779271627
3.43097725961,5.3912536452433191
3.68572320149,5.7015540581369821
2.67537883285,4.2307559658215874
3.00971433232,4.695397848581039
3.21718838651,5.0213813507566858
3.32076469012,5.1259240279139293
3.25826574611,5.102213333678085
2.568472258,4.0696546973924006
3.29731997519,5.0800650036802244
3.83677554071,5.8989825481184157
2.66086835188,4.1920374138065988
3.82708146487,5.8839380961552328
2.71984195615,4.3724783343966571
2.92059664957,4.5578161762572202
2.98958423589,4.5998379263059164
2.9958511298,4.6723520097665876
3.30803174857,5.1819953541208337
3.48760514521,5.5053727891814885
2.80053989644,4.4089216379375147
3.48915782402,5.4204443150440333
2.9869786817,4.7183779319155761
3.74590189291,5.8260248420814387
3.81019084219,5.9309908443978836
2.61610236277,4.1654744744543333
3.25069376469,4.9758166984339969
2.62486283271,4.1698598601068086
2.88793768916,4.5140470993295132
2.94646295022,4.6537640272775915
3.45361572971,5.373809523021059
3.28223349624,5.0529266955255094
2.7386927641,4.3030656106972121
3.23792948377,5.0573236358412785
3.40993623846,5.2054272079813861
3.10773046767,4.8726922360455722
2.76923294343,4.3288337533878645
2.60581029392,4.1369287028380928
3.68231481363,5.7339440874381751
2.96165697335,4.6610395057208693
3.36948140987,5.2979930779232163
3.06098137705,4.827118333789616
3.35195891978,5.2669821669149766
3.5796985039,5.5957646077047194
3.6002706915,5.4714493376104905
3.77793310423,5.8288468175023906
3.71808800842,5.7180594270725411
3.07489354386,4.687162836663366
3.90450834345,5.9568976507864102
2.65472200896,4.1594023744411928
3.160973061,4.8414789140624253
3.25716933497,5.0853344599853711
3.55715651937,5.4223692721707941
3.46770024403,5.4132087318943967
3.50011776212,5.3883050292591586
3.41595938143,5.2997877051385061
3.73446541428,5.8059948301354387
2.94367221618,4.6124782361115049
3.05088366414,4.7340549302176003
3.44665514545,5.3828781820658413
3.25138774744,5.0522681526243574
3.40089049494,5.2780786064109328
3.17780183627,4.8873418490254297
3.42758146202,5.347467357755006
3.462675236,5.3367680067302352
3.64871480764,5.5790423651439758
2.61636750937,4.1503245235216726
3.78904883753,5.7868614847097577
3.37833298164,5.238650266500489
2.87665239432,4.4789858411499672
3.30885507843,5.1760671621116199
3.42772142866,5.2660580521493436
3.59857035242,5.6083839978432595
2.83390383147,4.4619874345199024
2.93739308318,4.5563568536447354
2.79324113016,4.373076331475767
2.71238464083,4.3056575121743483
3.38983253368,5.3164100111492285
3.89707155753,5.9388206019000691
3.56440100339,5.5193821558005158
2.53636789409,4.0271368830313801
2.60470000853,4.0930784920741781
3.01502129317,4.6629918444580509
3.22918423916,5.0213411023109478
3.40532684565,5.2563757599660006
3.62299855891,5.6290416298009598
2.94689323111,4.5758340641857034
3.83490299354,5.9333656684522547
3.57764178316,5.5306385646113014
2.95028020313,4.607155016379016
3.03487779205,4.7791828668535477
2.87031636747,4.4779682510799281
3.16878217092,5.0105394553921681
2.83040513134,4.4314304434350209
3.21317602141,5.0133619045190052
3.3832654463,5.3032431953066101
3.40542696982,5.3390076839989957
3.51581076076,5.4092829264962354
3.82064535367,5.9211742147929938
3.67982218708,5.6733512512545863
3.36434060749,5.2255406021873387
3.68422383535,5.6465351123981247
3.81464165953,5.9631132390368293
2.72028453844,4.291642729370718
3.46698854465,5.3712657154672874
3.08246546311,4.8370591156795415
3.27935873109,5.0726367366945739
2.68505602308,4.3197544116940056
3.11647302644,4.9292293723586873
2.96278936229,4.6347622250205776
3.01154291572,4.7307092843838561
2.77051720167,4.3084114304086114
3.58859855224,5.4469050935931449
3.56723171484,5.5275515655349849
3.28817434577,5.1598864958594328
3.2439921358,4.9816215658415679
2.68546813023,4.3091120851852622
3.37784601074,5.1987974521459064
2.66807227192,4.2744609457578031
3.22333894173,5.0439331303408421
3.22852284349,4.984288258543752
2.60349586572,4.1709629939312221
3.86244119749,6.0070668865544503
3.15083145087,4.8502234989287842
2.91684134123,4.5470278975502563
2.77427003505,4.4833168923719775
3.15293433306,4.9347276601774173
3.11991487624,4.9520282213514069
3.71549902348,5.760453306278456
3.75876337501,5.6830257921703078
3.18875427635,5.003703372008987
3.07336825928,4.8057415515012183
2.90971262415,4.5770776038803218
3.64200244428,5.632305402655061
3.36263072853,5.1656364444113967
3.88857909561,5.9056110967435744
3.82555086559,5.9204662287350924
3.53638738658,5.3795067345433836
3.68902616194,5.6305201594584044
2.59507508051,4.0918422992303958
3.41809105132,5.2496756628006871
2.8621949144,4.420594483620266
3.12909751514,4.9068290011339126
3.28263845685,5.1389323874978627
3.36367457483,5.2094997513011876
3.53692939824,5.4841990643743062
3.07537814828,4.8476935170402964
2.5300038719,3.966186024376837
2.90484246072,4.473693640251418
2.77028623094,4.3795577824307834
3.73937792685,5.7687190767920908
3.31504713143,5.1151975340327249
3.13773230661,4.8917684080478416
2.53809020344,4.0528977739061816
2.53223362511,4.0339468836090502
3.46249761333,5.4604919948616892
2.6540574854,4.1921435997350684
3.18186569681,4.9110217944138057
2.77846624256,4.4062252176732519
3.13216468207,4.877220939824257
2.94922040962,4.4982930891536439
3.08713121807,4.757659422051308
3.81975144645,5.8427800624127864
2.71565499476,4.2637471853349025
2.65896230183,4.2782075399151349
3.7656594315,5.764179696609161
3.53900353642,5.5183123497084594
3.09623075797,4.8416533542866604
3.39028120227,5.3109525506280164
2.91770741373,4.6296063069615574
2.57958817288,4.0815813617120531
3.1897309654,4.987337744052101
3.50396606315,5.4701067062091235
3.23019638761,4.9560914192082501
3.76680063744,5.7409312624282558
3.57801342842,5.6071711946586493
2.90781619993,4.5297468142521646
3.50036030266,5.3607159042743016
3.59938767728,5.5743854425190325
2.90239189078,4.5559542421896113
2.9654503985,4.6578339978421743
2.90453319186,4.5700732015573289
2.99904076234,4.6539073975947378
2.87570947474,4.5767749142941536
2.57075289198,4.1330174038279583
3.25613820747,4.9952803105287007
3.12971658322,4.870207724958334
2.92301687125,4.6070018022046204
3.79776987335,5.8961161282624106
3.79209724602,5.8814122268026372
3.19047104252,4.9536093632953611
3.54933392864,5.4645610890997594
3.09092611108,4.7605511291111524
2.82833654114,4.4836799985421596
3.1843529216,5.030505666765273
2.52638063556,3.9974566997017704
2.73965983898,4.3842272531523276
3.14921252601,4.9635389273760646
3.57670574688,5.4581963886738061
3.56921419833,5.2850113344363825
3.64862694396,5.6619078283895661
2.80693847709,4.4131515274740662
2.62700229606,4.1783910436972782
3.03211082838,4.7764783660833281
2.60455240587,4.1223557119485363
2.93941539153,4.6417220304071503
3.66864414537,5.5753030887208421
2.74333945275,4.359385670054607
3.5903816276,5.5378317508632406
3.61645207697,5.5792681317301911
3.06486024588,4.8239805535356712
2.98537623757,4.6771777046209841
3.43456630129,5.3520473570939595
3.35339855725,5.181850981604927
2.80980641331,4.4365357717679492
3.09381749572,4.8449678943709573
2.89889826874,4.5637697414773344
3.37864406554,5.2497977245008656
3.25822201459,5.0750461574286163
2.64112489066,4.1329107002998375
3.31010940939,5.1714612738625476
3.66746687946,5.6178894264057568
3.39333972847,5.2051157632787302
2.95111476089,4.6162872648278981
2.73125922445,4.3043384760076711
3.72765513919,5.8103219325459419
2.97340599418,4.6345624365542779
3.34113600055,5.2037129402964784
3.09830928413,4.8168195094747359
3.55919665287,5.6338723857896031
3.30111803596,5.1499297997987661
3.03218278951,4.7389481300804546
2.63203125938,4.16846188734573
3.64608378023,5.5591322746271654
3.11699884619,4.8999612516388877
3.83051296943,5.9448787133287562
3.05338229057,4.8008672527755749
3.20905695754,4.9010796450082594
3.40675121091,5.2385183399970883
2.73574224245,4.3451535461945427
2.87045008505,4.4910810728472876
3.25242378965,5.0721106671506409
3.47540534311,5.3891747818988742
3.74334765328,5.8052176342722106
3.04915158954,4.7529872158011877
2.55152129633,3.9609822846625637
2.7770339897,4.4371052205562025
3.35239042565,5.0729053408412801
3.11149315782,4.8170750321525047
3.80791261594,5.8324515025490893
3.38560675017,5.2486131143354227
3.20209731473,4.9674906099770615
2.63371989523,4.159081823979732
3.68069553566,5.7186848820506642
3.83426511872,5.9288366531671315
3.69858022529,5.6280323331319435
3.32699205959,5.137983088969726
3.86397509112,5.8486202863693748
2.71635530563,4.2558846321590167
3.8619192838,5.889587495390364
3.86776659109,5.8839232243338957
3.38111037718,5.3310689460890037
3.23927102499,4.9877973699856897
2.97833203424,4.7180931026125013
2.85753154371,4.453390358228928
3.73351353186,5.7620196271638688
2.85195749445,4.4744147128158733
2.71014976385,4.2795817457849781
2.77413727191,4.376035845359783
2.99962573466,4.7435700888148462
2.67123950776,4.0678600061040173
3.49443261841,5.33673505168142
3.15668913622,4.9078453372581112
3.68266572479,5.6025369355926813
3.08026815431,4.7119382370169696
3.24663273331,5.0130804260662423
3.13260187734,4.8714437798160048
2.93268455154,4.5764478474193009
3.17699217845,4.9659140892465103
3.26522470705,5.0279039501379463
3.45010833577,5.3470610163531029
2.86658919116,4.5323567303072565
3.72112626017,5.6533821714308754
3.59123233387,5.5573325746489637
3.86585283531,5.9880416522277571
2.73916063236,4.2857609840674993
3.87821561175,5.9055428674757255
2.82280250349,4.4879283071121883
3.2349420174,4.8916616036553684
3.48872824319,5.3762747219788949
3.40718110248,5.1785924992575367
2.75860131586,4.3047864866372576
3.7220702141,5.7111911840098033
3.20127293132,4.9648675145589181
3.09524218883,4.8496076135668984
2.58699004848,4.0884526490085609
3.41334360976,5.2836856606970271
3.72135359607,5.7988308696615372
2.99173992339,4.6922341764801043
3.20004335953,5.0308323734886988
3.11045429156,4.8497669576807017
3.56536611901,5.5116328189711226
2.72063469498,4.2605679269790109
3.08988754085,4.8205778259521752
3.28641535541,5.1309236845618837
3.71951153489,5.7191302511135751
3.35853101273,5.1556395413382869
2.93990566368,4.6090565652894462
2.72813512304,4.3224967300504566
3.50223843814,5.4440548088463263
3.15078125239,4.9053408290180691
3.77096889525,5.8068579960355517
2.69063119773,4.2496012835217405
3.08832265359,4.8556521948691822
2.78279000685,4.3328384295784534
2.57396720395,4.1315032642127871
3.23549290521,4.9683555300861038
3.21506606125,5.0372766133512741
2.73422622309,4.2400952949898993
3.40225570691,5.2725988956554586
3.31367136211,5.1061785947806779
3.69068202766,5.8101399522713351
3.41064652231,5.2779127497853384
2.68494717428,4.2514840700067058
2.89149975903,4.5301932202264759
3.73485817588,5.7363344346911864
3.89677060818,5.9661768460543056
3.5345134997,5.3910618276599891
3.00931523689,4.6560045357345086
3.39105320893,5.2911698625846784
3.7318474476,5.7819722645489398
3.87259822056,5.8759921932804566
2.99065264032,4.7085645858172347
2.73206644237,4.3416967404806028
3.49983394251,5.4215640044353011
3.39441986665,5.2522570724331068
2.69192761384,4.2074004008445947
3.71283582352,5.7676576374490223
3.2816244767,5.100915488338015
2.85612847129,4.4897366589551115
3.54266609169,5.5343277951069192
3.06620289547,4.7958447640938004
2.73039830829,4.2771290458391578
2.89950531615,4.5344652898271534
3.53166124125,5.4454307306612586
3.06619470705,4.7461210132891871
3.17916144853,5.0210536247183608
3.71007689663,5.7771223800568503
2.81007147771,4.4458267781248679
3.46622931037,5.4419598040939645
3.66969396488,5.6451245846133418
3.21356861762,5.0116309359347602
3.77249522582,5.8688151048107029
2.55862067385,4.0505416058563446
3.40425401033,5.2982578277934129
3.8444844799,5.9170094721681918
2.57570919201,4.1515731801559683
3.57809944608,5.5259412547406894
2.91457523558,4.5496519411649876
3.52457283651,5.5335921191220248
2.74543526688,4.3357887328861962
3.8670193987,5.9760212163825477
3.75230889055,5.6858651452114453
3.57110343628,5.4807507715149173
3.09188044317,4.7827168044750152
2.58860839415,4.0999661542159025
2.96158839128,4.6317158574167578
3.61679085402,5.6184186694351972
2.55741510036,4.1020918874143
3.43290142684,5.3141971886334289
3.04525314319,4.7915606131324839
3.06315548786,4.8269711676589058
2.93686049354,4.6235385419120441
2.9845639415,4.6227874140858907
3.79790614961,5.8362618602783156
3.00949905252,4.7106432228656434
3.51398335791,5.4653192832057851
2.65621524813,4.1745041038840878
3.74101525753,5.8299428716071358
3.28771511021,4.9920978394568127
2.98553815868,4.6831924950297488
3.28077268791,5.0650474289615106
2.95417809648,4.7302160048117559
3.43866167473,5.3333422773945411
2.71106735419,4.2296572228952112
2.70409033227,4.2639763702062998
3.14800038151,4.8626246321222801
3.18135501495,4.9586708480417023
3.84167356062,5.8863439525365839
3.78758657035,5.8865955380921333
2.58890251356,4.1339752069114057
3.22953703846,5.0498297520721049
3.46697860073,5.4160713165478924
2.71821203925,4.2939809558978856
2.5525491614,4.0186525731730596
3.02005735866,4.8095404006539608
3.60662097309,5.5698702494974093
3.11622811236,4.8312441292678505
2.98301315546,4.6649437522711636
2.61126669109,4.1907024495382004
3.41968589321,5.3464515078971075
2.71740692191,4.2571019210798111
3.86727675941,6.0180971684418072
3.26820507104,5.0863307770516455
2.89571826068,4.4881299181395704
3.82465616989,5.8120874445095394
3.88426341749,5.9000734733090976
2.85083999777,4.4274701332156399
3.04849202419,4.7111260183613632
3.51183218756,5.4523453258205095
2.83431763868,4.422780487895265
3.01358621462,4.7033203706343327
3.3870285181,5.1565916173477806
3.19012073075,4.9485832209573282
3.10742354547,4.7884175087310066
2.55124968289,4.0587427864461567
2.55394010457,4.0850603832119328
3.22668839226,5.0717567288801879
3.23013913149,5.0861732922011154
2.93033467983,4.6010192227046938
3.57539354535,5.5354663130062383
3.07110825632,4.80830170945924
3.35468143353,5.1713510552829058
3.67008429101,5.6134383976772932
3.51097224374,5.3995096919712502
3.17998462271,5.0229326707780215
2.93145780087,4.6305309279436315
3.18781934547,5.0082417747902657
3.55771920887,5.5084395858447479
2.77053323878,4.3888645569587457
3.27220077404,5.1258632923182192
3.85492495595,5.9324165560289233
2.99524579092,4.69745000068382
2.61055266814,4.0991759258186953
2.98077515823,4.6991034476100735
3.49274800356,5.4344265384151349
3.68519888619,5.725442687007857
2.96020326516,4.7225937334480115
2.67588435523,4.149451852906421
3.72166725148,5.7912779365477665
3.68003019891,5.6922401325100003
3.85257852749,6.003046542364288
2.96815539955,4.6610008280316579
2.53435259229,4.0434311237694605
3.61512185465,5.5765519280734912
3.43352152046,5.3720586346316637
2.83627572497,4.4648434357083309
3.18269300128,4.9362504484077201
3.61748782492,5.5407183903260622
2.79906921164,4.3182842470673162
3.18870617456,4.9102373320221337
3.85462019359,5.9173673949863552
2.69933028934,4.2694017658386789
3.89025070028,5.9854999377188829
2.58878316461,4.1254970598312291
3.44071161528,5.2938902475841525
3.21472788956,5.03573898158111
3.89716442781,5.9368910421926415
2.85564302503,4.4626865119336916
3.39811829429,5.2738294320536214
3.0142522964,4.6152784085025758
3.81173436508,5.8596423389878058
3.37945350979,5.2095821787535357
2.82133628384,4.465531628525099
2.57202919565,4.1146716929406821
2.5741732137,4.1039090881009423
3.50109714,5.4471228121779163
3.2338413327,5.0282156153756965
3.05405343185,4.6991482430768743
3.5320009297,5.5812021377870522
2.73896209329,4.3425835071786585
3.06995422126,4.8474231652500466
3.39102942881,5.2913997686602698
3.15138118149,4.9449520757454808
3.32390961667,5.1410616940209168
3.78552732442,5.7948396278493473
3.65096526645,5.5780853512391957
3.4337615622,5.2764119322272585
3.53186384601,5.4370181595555174
3.84113789906,5.8573912531327945
3.32627013852,5.1887331184830012
3.04433522336,4.708891654562712
2.58026657902,4.1698173949419823
3.49449262823,5.5030147416244173
3.47523174006,5.3793851271786464
2.87288412052,4.4745793865316594
3.02086160403,4.7400498688334487
2.79005349555,4.4630404106244885
2.93691143059,4.5762193403958111
3.49513133683,5.4615953987111672
2.76364514448,4.3472945979631756
2.56945690538,4.0590601865592442
3.72286436329,5.6311568155843572
3.20104693818,4.9523573457435877
2.97218897204,4.5845083632576484
3.44171098071,5.1713052060253917
3.00579238414,4.7354524932354511
2.93656724449,4.6460360275324275
2.88526237166,4.5476495429829091
2.67581126465,4.2298826765463797
2.71829378633,4.2573407842501023
2.88644714723,4.5300844694450566
3.50104409342,5.3904759533549518
3.47245267475,5.3831425766642074
3.64183405554,5.5647937765645832
2.80301153488,4.4252306210114014
3.80670252681,5.7810007023881305
3.52279405921,5.51005446308098
3.07760671228,4.865320079182462
2.85708658069,4.5058782263519399
3.24224606244,4.9706892375676279
2.77860852441,4.3174347811690952
3.12990123078,4.9327670673167852
3.66606735803,5.6569707615366589
3.12589932168,4.9425833364815226
3.08876522362,4.7771752905990494
3.34421431817,5.1756004883845366
3.50466100965,5.3716750365912631
2.87736970304,4.5812647073623163
3.77184978921,5.9262577705182178
3.7272797462,5.6913084527654103
3.31628260802,5.1699625198858845
3.55411147711,5.5199588020276611
2.8319603127,4.4093118923873256
3.85613812083,5.8561736767218759
3.12194219906,4.8489508188534183
3.4351358256,5.2456574782055512
2.70808710888,4.2967466238347489
3.15007793907,4.9738576379828707
2.91907535712,4.5402173069630409
2.75282947354,4.3487169980881673
3.73402536911,5.69880268553859
3.74021376184,5.8581156326748633
3.78429734366,5.8096441800685277
3.05292275647,4.7610716034603389
3.018254896,4.6278400537492681
3.32672226951,5.1373602675990409
3.60142557259,5.6081439779956561
2.77746071381,4.3769947598787144
3.63085441967,5.5541705505957806
3.54916022939,5.3637603505628029
2.92366928334,4.5179525258088598
2.95989736196,4.651472673512183
2.78136455091,4.3894284543024176
3.71529348831,5.7335441907112372
3.77395211091,5.7653626505276589
3.39877180649,5.3270779701785917
3.13863876417,4.9492986578668035
2.76651949812,4.3881753931310037
3.29396312834,5.0855233854403545
3.29529567646,5.1260895421841175
3.24907858655,5.0169489666821123
2.56455572338,4.0707094829740216
3.33193829244,5.2252948118828506
2.68151046354,4.2888994555405349
3.61572596472,5.5307269404601174
3.29853754493,5.1142031381739761
2.53662524807,4.0374908586682654
3.77931383345,5.8096794673653376
3.1565094557,4.9311280523920491
3.71111214052,5.8360827002553695
3.53552346385,5.4110118613024172
3.89947804901,5.9829937642755731
2.58206007258,4.0717977224510298
3.32375030337,5.1843909615332153
3.0235324586,4.7348244128083659
3.89148941857,5.9551852879672769
3.57722900334,5.4791637160884603
3.22285620602,4.9455533621469003
3.85469328915,5.9044776455107568
3.35445074076,5.2085290218012865
2.69424023266,4.2716349765961432
3.75284211363,5.7828978512455924
3.6215253141,5.5671188755023309
3.07319629442,4.6875814757615544
3.78878281439,5.8460702021406235
2.67230757652,4.1475606792976096
3.23841087373,5.0455596178372026
3.44353868257,5.2978015695062251
2.71755476367,4.2419484532562448
2.56321870318,4.0630207736770396
3.39175784538,5.1645569533392353
2.52970989944,4.0357081096317922
3.19542424658,5.0105849318990403
2.97725720426,4.6488715366372997
3.7837265211,5.9790341231886073
3.38783711324,5.1847354863870461
3.43459161705,5.3323624559026621
3.23747501988,5.065675040654571
3.23272166961,5.0549066745066327
2.63395179832,4.1489877857197346
3.80742867288,5.9250146001863344
2.94084069964,4.5369764820969669
2.57838205264,4.1217710108889181
2.95084405499,4.5799740329538228
2.53038400989,3.9397071519038489
3.34187906535,5.2560961501764041
3.86218628288,5.9577104639177652
3.43294542158,5.2781096709286803
3.25861777075,5.056792310575279
2.97326718863,4.6926629787911009
3.69973280668,5.6564342577899582
3.29362568225,5.1163088740293432
3.34733972866,5.2465352177535598
2.56723036815,4.12485545460257
3.14617948991,4.8608313007412098
2.59003348446,4.1030805803947636
3.80709084123,5.9068976272859519
3.78920568544,5.8546609539188168
3.01929912367,4.7559972927904628
3.79045562275,5.8203347430908314
3.41929246581,5.3343412031833948
3.50727762546,5.423462738419496
3.47937529636,5.3652660340787444
3.44943826492,5.3424138570425761
3.81807584253,5.9740432481619115
3.41457680491,5.3157247827134269
3.8631947216,5.9112572655247657
2.81609484813,4.3775035799691002
3.66293003122,5.6011967080864018
3.73554714673,5.7764249572196515
3.48853560553,5.3648196068530982
3.42127548136,5.3680585615433314
3.48021045404,5.4480456383555707
2.81449625251,4.318672406079533
3.55069968384,5.4422207489097776
3.25696486434,4.9946033470365183
3.42889348395,5.3207261213059969
3.2518331108,5.0702253778322097
3.05355790188,4.6747452709491126
2.62028467867,4.1927002103147721
2.70845691471,4.3010366063908352
3.43559295231,5.2617125779410951
3.39544894066,5.246030018224606
3.72953611232,5.7508098767646603
3.01843335796,4.7324594393563704
2.65727643359,4.2580254067654435
2.83798828205,4.4046018433531415
3.21300679965,5.0352852781840767
2.53571239321,4.0114884901765162
3.27374780467,5.1360644106903726
3.11415512039,4.7659301450434386
3.90282184533,6.1223285537985941
3.5650592107,5.5151517613686254
2.72453018673,4.3349171082973701
3.02243785384,4.8163647657138258
2.96303892014,4.6637612749447497
3.37181274478,5.2011882161142413
2.94864426502,4.610915468406656
3.73481495404,5.8296620661140599
2.8722103963,4.5805070869941282
3.47741613398,5.4354739519538731
3.46476804173,5.2829164447078494
3.8054764748,5.891370233517816
2.71865378839,4.2726219244818227
2.95219646386,4.5330482824674831
2.82816305954,4.448666331160485
3.75658473995,5.8536844752644699
3.39909862457,5.2760639896108685
3.43429895746,5.3085643088971572
3.5993058766,5.5353977252445024
3.60301296776,5.5102676945408477
3.48317992977,5.3651238709619982
3.56662075845,5.4755289177131088
2.78262429462,4.3933460043669834
2.97712312102,4.5847671443856406
2.80214825271,4.4551003207836208
3.78191172737,5.7594288111870968
2.9879060054,4.7460135805979098
2.63115533732,4.0964863559188238
3.53888132808,5.4771049793103774
3.03872665646,4.6743282283384335
2.70488692215,4.2008360764824451
3.75755566448,5.7386313653313064
3.18201409921,4.9068930589212814
3.62094238775,5.5197641062681804
3.703766311,5.6710651774491625
3.2257114001,4.9995841026995436
2.94512097457,4.6367064886476648
3.47785427452,5.2941869224030214
3.57213363421,5.636726746051095
3.88075483701,6.0222028922076971
3.89258216725,5.9270590645439096
3.6359979565,5.5876020610518005
3.7384061436,5.6986203690622439
3.49388296651,5.3581164582687242
2.86286296741,4.5280016366494396
3.82145918685,5.881373090950472
3.48560041971,5.351873436768555
2.63389408884,4.2106936190132878
3.66960849292,5.6131002985611769
3.43804060485,5.3202547446497155
3.74700585815,5.6584342669388139
3.03594686299,4.750948096580883
2.73249788564,4.2845077077675571
3.50169382203,5.3845731112744808
3.89273206452,6.0021805943532973
3.87659597502,5.9839520130130266
3.33810223975,5.0819322542930108
2.78499357383,4.3505396813672235
3.34631563877,5.1925522026658877
3.7342071347,5.7302560721117066
3.17972946913,4.976484687901567
2.79579871119,4.3649264513092767
2.96885722494,4.575507953784836
2.69469744569,4.2199812685052196
2.85405372722,4.4453534484666379
3.10951818025,4.8803767349741864
3.03482062822,4.7147181907780062
3.70864006155,5.7191249770385451
2.66092856783,4.1940038684833354
2.67882620196,4.2191260339483625
3.36460016739,5.2224047955858852
2.77506898779,4.3470944335779702
3.22201690056,5.09372369805949
3.63017427042,5.6367426727150933
3.16222797408,4.9718771364577883
3.06252668358,4.7981177428973982
2.73720995985,4.2703164377161631
2.71256105133,4.2539016853428366
3.8240710233,5.8254385826042352
2.61246500655,4.1912839002003572
2.77740406227,4.4501443539020853
2.76764434706,4.3767084204654916
2.92525722168,4.5502637390488623
2.73020451014,4.2632683493409749
2.87036340101,4.4833747400632875
3.52365759117,5.3928625028408712
3.65679993668,5.5543230199661728
2.88994482951,4.6253109999592228
3.52811056729,5.5517210351309156
3.49583612247,5.3751389644489
2.88833046218,4.5218899667186765
3.25920802029,4.9424751839589947
2.72793107245,4.2337540449764042
3.4798725736,5.3610168194715744
3.18696617379,4.9821345910869077
3.73770218875,5.7133323380863077
3.50485517903,5.3638754425189301
2.98269570629,4.6660390576671231
3.55143246023,5.4414207751586749
2.98218221139,4.6126082242298203
3.89119702029,6.0483799268253788
3.41896044825,5.1712240062233334
2.58424773656,4.0603565278277145
2.73179936217,4.250053856596125
3.32841783233,5.0928485784775059
2.98611052445,4.5956652161258065
3.23100676585,5.0440982511181351
2.83923677483,4.4029114572562511
3.73768302264,5.8754337138352728
3.19087933333,4.9726365735268372
3.82018949975,5.8986840098495712
3.47344830303,5.321764306939194
3.50761807237,5.4950333189671889
2.91616506469,4.4674275025688868
3.68065165554,5.6901002328435677
3.27020335804,5.0473028200025629
3.2709897721,5.0375168350070938
2.98484582607,4.7011237480815069
3.43978407541,5.19577180455072
2.79575562294,4.3757420391889408
2.54664850997,4.0567998803648289
3.31572892461,5.1880050168138458
2.60089586858,4.1101788327643236
2.90114449388,4.4916945195424649
3.5009422376,5.4323998866887333
3.01773589774,4.7457459933983115
3.29296555893,5.1476192185641692
2.64330978119,4.1633043422387832
2.79533848547,4.4770350130770176
3.80642439396,5.7060074641042009
3.66159022616,5.6391854056954029
3.40988614738,5.2612600460068499
3.64707822468,5.5423807294689906
3.12070273491,4.8647982344098972
3.78846789893,5.8676309812806977
2.61564715366,4.1609811956782643
2.64561003918,4.2224151768799558
3.45060755709,5.3092538663517681
3.8472805215,5.8620438534458801
2.91967513168,4.5765597455993676
2.73170480039,4.2586545163483711
3.52869675839,5.4736911022151231
2.67347675756,4.2100292369806089
3.53363059145,5.4356113058855478
3.51059665133,5.420168131779012
3.34176672818,5.1540882146290494
3.32075165119,5.160599156675584
3.7571686818,5.8028817259291428
3.57660085526,5.5445758212633569
3.01363892799,4.672332887251387
3.88552798569,6.0166623660943115
3.3113186521,5.1760217948457523
3.580392971,5.4983169619867018
2.59802670907,4.0485952461078005
2.58568842966,4.1126310531498449
3.76986135562,5.8350561858203935
2.86077736622,4.4397549480933947
3.56415121804,5.4904825787391438
3.66996248778,5.5976863621240707
3.37609661177,5.2633874098327844
3.00617796033,4.694475965918091
2.76698075423,4.3142186877455106
3.40892360702,5.2182297066877332
3.24493805688,5.1402335835706561
2.7619354452,4.3353747689144617
3.17096358199,4.9087376465921615
3.20987096699,5.0802808798259802
3.32261836911,5.2346745071327607
2.89640103476,4.5761860051803236
3.17409061355,4.9481769422604307
3.72722196731,5.8414695852043428
2.70533424516,4.2947892161453387
2.7251422943,4.3391124152589109
2.76938333313,4.3909277785758203
2.88082101018,4.4305446902769337
3.8704946645,5.902870504079428
2.70741846548,4.2034295055359445
3.40816374053,5.322185366524895
3.57108310415,5.6066048079730235
2.90132413705,4.5489266446624868
2.54612994096,4.0736741954083371
2.53841696016,4.0524770363566898
3.76754214014,5.7330879947356568
2.77059640632,4.3918781398991085
2.98304805647,4.6630435889903472
3.88757180494,6.055312596282767
2.65682395575,4.1981188449382838
3.07837958165,4.849332359496783
2.58780383892,4.090629691635689
2.7582796934,4.4090009186539305
3.70081643938,5.7344382324359042
3.15101308335,4.8382084995639776
2.78294405098,4.33170034510227
3.33686463716,5.2402464540016895
2.67181252578,4.2617196278592093
2.83072445329,4.4404121874080671
3.70960272222,5.656028057119693
3.54904234774,5.5185099824643116
3.40985274324,5.2606198516509703
3.37738595422,5.2717029422275132
3.1883911263,4.9061026177622491
3.71970984341,5.7034592667620476
3.76223551575,5.7917829936770939
2.98670005339,4.6218183385957037
3.80867455988,5.8101775354082843
2.75335817008,4.2954482409727133
2.89603603672,4.5141202836597785
3.58888475636,5.5161454981850602
2.71318198571,4.3065653099671426
3.41214154961,5.3328312744861259
3.46043495322,5.4244333111266245
3.74075567774,5.719392168869283
2.97453480301,4.6905454581286259
3.12166020096,4.8560882734150388
2.99669413912,4.6597895032985708
3.68746634913,5.7776445384436999
2.68062974503,4.2024605560448807
3.49258193207,5.5076110090139272
3.41712249542,5.2794468493642857
3.40105130149,5.2184609818388834
3.72719361848,5.8063446526686366
3.76263818263,5.6962436020216458
3.09515574047,4.8775599881074632
3.42339142071,5.3945347532145806
2.8949062613,4.5297292468933072
2.71168240464,4.3866826469040481
3.87555314298,5.9081569392860063
2.65067153839,4.2054623255151133
3.51187803471,5.4367085367492063
3.05652549053,4.8594754164452389
2.94837318589,4.6115335596932381
2.6172779562,4.1709085557473102
2.73934598149,4.2805922697394632
3.87082596567,5.8834576162277656
3.13268691914,4.9302640243434341
2.90810623606,4.5738715257463385
2.76947047174,4.3640382198131276
2.88432764141,4.4295893716223951
3.86775141079,5.9811045132175193
3.5103131374,5.3933623174888359
2.61528919654,4.0859443506925688
2.73080429977,4.3020518421155192
2.86501109487,4.5540759367115804
2.93460615416,4.6272805082724657
3.05748964545,4.7698894249907156
2.78113651694,4.4179472259828643
2.72493568662,4.3096676743131654
3.26292603112,5.1031456272836175
3.76509111353,5.7137278422159365
2.58532199885,4.0381876119767615
3.44096295916,5.3159935555997615
3.56077212312,5.4649936923664866
2.97401510111,4.7722745975297745
2.78027832341,4.3423050660249158
3.36481357184,5.2120333931504002
3.10693955096,4.8506225271450978
2.7418143836,4.317841516596947
2.79329701665,4.3731856572397483
2.81661308705,4.5506663922296857
2.92642506246,4.6480323291792827
2.91904441381,4.6040971539088327
2.79764525048,4.4537108096562434
2.5298755829,4.0531535227518916
2.54652731023,3.9787091603074285
2.94350207275,4.6211059775336052
3.3454585508,5.1699657880241867
3.15969422399,4.9651616747519611
3.05031326784,4.8345991524370699
3.28190022002,5.0495909822631644
2.5393044192,4.0402028607338645
3.18502855417,4.9753020944733368
3.53537019579,5.4720757775896249
3.05424483888,4.7620726507644564
3.77128172261,5.8951082328447608
2.94218293774,4.5789691958648033
3.68266786427,5.6555769030921859
3.47858440686,5.2851989188273025
2.76485168927,4.3331441885543631
2.71545086351,4.260080626284914
2.85848903489,4.4750035046116103
2.57882930412,4.0442083382796339
3.65524659491,5.6762282955761734
3.41333076685,5.3063575135396608
3.43683899174,5.3130003391654119
2.90892274851,4.6432501759067382
2.90600032713,4.574850631373172
3.29414579677,5.1120321041425312
3.78903118622,5.8366303903569667
2.58550587494,4.0469167283787257
3.79315431824,5.8449093097066545
3.49354030054,5.4909826842844378
2.59200434934,4.1022763094063475
2.89374551319,4.5736359263102679
3.16956326648,4.9421312111026197
3.77626077172,5.8491288524589491
2.86497420151,4.4960756511759898
2.80186331619,4.3388603400280363
3.37737964106,5.3165386453421632
3.59764217886,5.4889118402323884
2.89104541974,4.4906637551581792
3.33340192997,5.130629935165544
3.80322142805,5.7836161883920623
3.53838632817,5.4230403474198159
3.06222354286,4.7808321226311206
3.27485446186,5.0381431948854756
3.36110923111,5.191994656049876
3.15462636047,4.88139709624165
2.63183662432,4.1004659050019887
3.07364550643,4.8040099286815501
3.22443221344,4.9624620789628811
3.15580621884,4.9741122291767974
3.06840171123,4.8116100901824508
3.03530156418,4.8374782545636226
2.87644408419,4.5106189757086561
2.77685984653,4.3334815387804753
2.8082688696,4.4089263343275986
3.51476082324,5.4444496601823991
3.82444986177,5.9239080727495788
2.56066593109,4.0893509129991203
3.15427383157,4.948932806698247
2.68927365923,4.2290376567151489
2.65094160948,4.1411656183581913
2.7581119815,4.2722352103976267
3.67898723563,5.7092558619887859
2.60229248435,4.0542635773502029
2.80896083761,4.3664025864771583
2.62393484444,4.0850526984219497
3.87608476264,5.9488715745324798
2.86687003922,4.4751341277427281
3.60438404451,5.6324253695455333
2.99381627063,4.652698168286471
2.89234805499,4.5127497529407359
2.59337440993,4.1197945865198422
2.78465803503,4.4110910019377405
3.08929241596,4.8343604737507357
3.77928988653,5.820484829101769
3.80523946693,5.890613597035677
3.68691043801,5.7600230211491272
3.7116113843,5.640454552247208
3.85791497979,5.9629257586377795
3.79671687938,5.8081031623448043
3.26850455986,5.0385685441278696
3.70736158329,5.7404227770883596
3.79729810694,5.8784215518722407
3.75331859724,5.7626788132341815
3.63337724103,5.668307120095518
2.87233132903,4.4728642961006111
2.9433505357,4.5790826854837103
3.23125986507,5.006884086351036
3.24750761897,5.0251002949178094
3.53207308806,5.3364080562508844
3.87917402206,5.9891553281825924
3.73215402941,5.8004379419790641
2.83268860971,4.4718525573882761
2.8934025635,4.5342268025245653
3.48115125798,5.357193642768471
3.83401589121,5.8700428725761356
3.71564426395,5.7311966718255345
3.17489325077,4.9361352401264451
2.58941837133,4.0817150494117698
3.18075216297,4.8213270520346017
3.78867873683,5.7914591711141057
3.01351435035,4.7201046077948403
2.78658771296,4.3744149542687021
3.51150361123,5.4536984132423632
3.03215618233,4.6677021333738828
3.41003846609,5.2696297255926847
2.71629214146,4.2674088314922773
3.11715609976,4.7819837181018112
2.60864069074,4.0573740889016214
2.6544524531,4.281147461654303
3.6345987886,5.6187151459058979
2.94763118455,4.6061002771353916
3.86389142431,5.7920885909516633
3.37102131132,5.2519813697930049
3.0097200658,4.717720808819049
3.15307508861,4.8634562299436039
2.53315238829,3.9817981134008607
2.65539779521,4.180689974240857
2.75087299582,4.3909192400639316
2.82957746576,4.4173294908427341
3.61886274602,5.6114558936493406
3.10698162001,4.793414275089205
2.92096704851,4.5430252852610611
3.07138757399,4.9047167580857591
3.86836890685,5.9471875624335668
2.9836085316,4.7040791703902221
3.56046292208,5.5857194535391175
3.04863201701,4.8141781424905092
3.1869923871,4.9544382103105802
3.44379467676,5.3894700262271451
3.72967811785,5.8068373541843794
3.4403313697,5.2577637765556631
3.65930208624,5.6387520609440678
3.04667336257,4.7826900592880106
3.59777555908,5.6242770909738207
2.73142818693,4.3147570612991624
3.12991383189,4.9321569382897588
2.96297599092,4.6302505479941987
3.24748385571,5.0704336153360323
3.77322979013,5.7713124880715174
3.18480781481,4.9074348141651933
3.42533143881,5.3550318829803336
3.72031478995,5.7544700669196711
3.1415076591,4.9058161808515655
3.75191635997,5.7417699078688296
3.14224714603,4.8817548425416764
3.39251833087,5.2407101626489823
2.57701318463,4.0705931681068099
2.55309663553,4.0391902380817628
2.89701981072,4.5245974043748101
2.76003068311,4.4254884465603066
2.86800476701,4.4291595451506662
3.44201740581,5.3633878561932313
3.06707280574,4.8322464187369825
3.88154999347,6.1447983427833845
2.74771272948,4.3431704360459014
3.04249390958,4.6973291134218629
3.17202917394,4.8949983903014962
3.39029940974,5.2543775086023707
3.81522791277,5.912249809842379
2.59965640229,4.0700205433280265
3.67153626176,5.5888266999670355
3.45992836296,5.3769247553899566
3.58649276597,5.5955455093184705
3.4689971391,5.3330224087622273
2.91309306549,4.5946434163207002
2.925534399,4.5870153401262792
2.88909593133,4.5297038264209926
3.63727867028,5.5396728754470219
3.14035508068,4.8370616583885599
3.31948010253,5.1500263753840754
3.15326528426,4.8979052461058643
3.42453742217,5.310999014335807
3.70030429407,5.6534087449223955
2.79384499955,4.3508797889510804
2.58763688624,4.1595085496851034
2.69997409603,4.1796703638150934
3.05275418262,4.7196524929355652
2.79036037692,4.3578959803431259
2.58536618542,4.075644097080632
2.56114119727,4.0376118213531687
3.68378302478,5.623096271510323
3.28614325812,5.0729037706554196
2.93917380148,4.5724940285323568
3.59759308899,5.4923485840916966
3.40505977841,5.2031578196910875
3.21949210306,4.9951635936506635
3.61411216706,5.544967380693687
3.09648877555,4.8912332172648734
3.03379117807,4.7519739470360856
2.69050237499,4.297284332596826
2.78883897483,4.363335625553713
3.59571904154,5.5322612147375043
3.50555695644,5.4488186682010546
2.67922184665,4.1413566253311824
2.81570537014,4.4552933235616559
2.73887964727,4.3674452813302107
3.75296090444,5.6795543640592268
2.59977284858,4.0434268269282603
2.83865087623,4.4385294028646793
2.65505096299,4.1805388355316797
3.12766661505,4.7731673876757839
3.63953182417,5.6602204259078377
2.92250597305,4.5369736196471449
2.91038795291,4.5447674046972137
2.90628029666,4.5889582139699447
3.5803699253,5.4385190722584955
2.76122553985,4.4064488509882
3.1766477439,4.9699372807332276
2.62369789241,4.2329610496937873
2.8916468839,4.5823567332357218
2.96613688531,4.6750678054375951
3.05705164575,4.7408252261852653
3.46364392044,5.2827996367270185
2.81004182038,4.4100029678559602
3.8384951394,5.9090005435645594
3.04971490957,4.7396693836392148
3.33797185595,5.1967423297779645
3.47454363511,5.4101123264840307
2.95065492618,4.5440876290995078
3.24181218183,5.0082544784296799
2.66848789304,4.2198015095021875
2.73804215791,4.3128598450031763
3.30791325674,5.11085966622709
3.06355130362,4.8356292262878968
3.55343228312,5.4634271962132246
3.41592379305,5.2158781170645643
2.91512406425,4.5288495568120508
3.23295104197,5.0794639692301997
3.17441239324,4.9497121073251966
3.21768796347,4.9735752947840126
2.98173601483,4.6423442915025088
3.32282328784,5.1807814328497921
2.75103918818,4.3187914743068072
3.7142880909,5.6169682470237818
3.27751117908,5.0911522677905294
3.16595070973,4.8713360153905629
2.66189597502,4.1629688454728306
3.14515780826,4.8913838082793077
2.89940742623,4.5011267324722599
2.62307248187,4.1395124883363135
3.69292807622,5.8019496362033438
3.08393710165,4.8038613376650012
3.12753340525,4.799660937790752
3.72570041249,5.7634535268324116
3.18539884931,4.9821196724845223
2.95408703945,4.6679530295645986
2.8652958546,4.4597249732369892
2.83173444818,4.5186608918418827
3.75680772416,5.8056075860606065
3.03301451458,4.6488119368100165
2.61603416486,4.1242332017473329
3.1636395764,4.8985523836126443
2.6595698699,4.2167082566746998
3.89656279153,5.9439386929328899
2.79962126749,4.3813701238732925
2.82506728182,4.4699478655409282
2.99179356091,4.6682561580913084
3.70890214131,5.7008691848097195
2.99529589104,4.6697014663025378
3.52007741994,5.4888611264952001
3.13406007086,4.8574424204443893
2.61828208461,4.1728746995422012
2.5403153848,4.0488090015328915
3.05477524018,4.8064940282368855
3.03117884365,4.6701296417915064
3.69453674951,5.7217499215775982
2.52502639644,4.0727539523526843
2.8865429656,4.4612160567586052
3.21960442873,5.0368625305727885
3.4485011716,5.3646516411297869
3.90358454618,5.9580036695841505
3.6794659521,5.7118602849309852
3.43821414471,5.2735866756216039
2.67264387623,4.1361743402617117
3.16591641721,4.9176431696751459
2.76852002297,4.344490803300209
3.87768783933,5.9118946200257545
3.22244678917,4.9084096692526655
3.46662420034,5.4893392886835946
3.70907851332,5.652970129422247
2.97845321923,4.6307864782687416
3.78543152796,5.8615735088176137
3.27496546311,5.0357154509464763
3.19949368919,4.9454719969400971
3.31428699688,5.1803687847845126
3.62803724983,5.661520101367465
2.58966562763,4.0669278120788226
3.74110164727,5.7362642583955799
3.48961396717,5.382325290496162
2.53061593915,4.0399580353043758
3.63208668025,5.5876905750694421
2.84034160845,4.458028884624758
3.20355197415,4.9575938672570281
2.96490181335,4.5778480293030261
3.01800846974,4.6358764215992156
2.52359789153,3.9939676097940988
2.71623024175,4.3131238229983051
3.09092679022,4.7477495444683457
3.21439106016,4.9669241147982151
3.48626176134,5.4187853633791763
3.20986350704,5.0001204932690255
2.65784905974,4.2305075936678413
3.48238079977,5.3593088416496215
3.8134584586,5.8681909576709135
3.85686483814,5.9299056646153483
2.65867116904,4.1429076166192162
3.25953723075,5.0256959550840818
3.88401876393,5.9618023594352838
3.29421837609,5.1713958130057112
3.01773161614,4.6451316868561614
3.24462807814,4.942810906004758
3.78509098716,5.8010053938124981
3.0604209008,4.84295441106062
3.32083485962,5.04178998400588
2.87015235321,4.4323109412232649
3.74227821075,5.8047157008984165
3.35930729005,5.1294296043745202
3.34481028327,5.1257580501015925
2.69984918342,4.3292324491874785
3.63289674029,5.641608534598797
3.05689310795,4.6992511127223899
3.49474850029,5.4806382745446269
3.79479368584,5.8908117222314189
2.78315453245,4.4033418417979115
3.87030618512,5.8892733594911135
2.53924571765,4.0216391967320995
3.13811103861,4.8040448687142279
3.01866115818,4.7530895057602622
3.20437980729,4.9321383160876762
3.0958479845,4.8942868064823317
3.09181715946,4.7749539665924674
2.65045828189,4.2009458236090094
2.54345390503,3.9963635807732039
2.77735061393,4.3978454793659854
3.82860021074,5.9156856393314383
3.41989236858,5.3293301624480005
3.71528689471,5.7481325810142181
3.50387323815,5.477107007358951
3.51452871386,5.3952085756293808
2.56666119782,4.0531029419741227
3.50914514244,5.3598690464220962
3.43239735848,5.3912231201575631
3.44722434435,5.299779193504075
3.65850302867,5.6816985991794056
3.35931990981,5.3124684618023474
3.25501328651,4.9899538711289502
2.77571642946,4.3821971271554849
2.8416877972,4.4559120822422162
3.1810626481,4.9877000400897868
3.72939008258,5.7089537681833677
3.07215933432,4.8121446260788501
3.73771124136,5.7981284787846219
3.61886244534,5.53012555778274
2.78518226617,4.3905943622612451
3.48621791522,5.4123309970977367
3.52283818421,5.402341690732178
3.32420671478,5.2175297853677165
3.66314195262,5.7161979399310958
2.677164553,4.2010634363126664
3.18074970745,4.9572930434048734
3.23249317593,4.967184360815553
2.52326283393,3.9573658267575582
3.05215501984,4.7427103177225778
2.74958009168,4.330502898881762
3.13404041225,4.9311198313310527
3.74613873203,5.8598029035546135
3.25453355427,5.0001765674900209
2.72820992041,4.2943094645593112
3.01950014876,4.7380660865273025
3.87217572689,5.9585533473151209
3.5820072625,5.5145087493007994
2.99439111038,4.6538222308756021
3.31483294857,5.1799499422025921
3.80997825483,5.84401978575334
3.03332304653,4.6684687175486337
2.91893505738,4.5597229237929415
3.58328102085,5.4819421754692819
3.07983226395,4.7897801214692821
3.39911043088,5.2535404647022386
3.69045738325,5.6207678215673011
3.61881626959,5.5623103716854434
3.18677678427,5.0534780190720756
3.35118170476,5.1202940825193988
3.26153181412,5.1161731862070328
2.93138888124,4.6098033331433133
3.48734024041,5.4420390971935486
2.92849298645,4.6212815684981621
3.6070600231,5.5291810587108019
3.20239457933,4.9455686481822445
3.10159268075,4.8410045277509006
3.07953222115,4.860735580810716
2.68283569944,4.2657628473775064
3.30696860409,5.1708295482798565
2.72648480901,4.337296962980429
2.5879302488,4.0717600805540961
3.84821683923,5.9112158542688196
3.09136127387,4.7555866090534655
3.04419961209,4.8051434177679369
2.58845645706,4.0611436204884228
3.65856315809,5.7732519353985774
2.73319351977,4.2528851777472676
2.75978178529,4.3360223947727619
3.76107334545,5.7741248502715816
2.65299059917,4.23984036174304
3.54626352496,5.4611523708969898
3.08487520361,4.7345568590872498
3.37186344774,5.3335457479973245
3.43893009935,5.4196010374957719
2.54596156815,4.0247393320347031
2.95651882613,4.5678470516763712
3.01205825096,4.7461593840818752
3.57113268093,5.501674142386765
2.82314105387,4.5022371855213326
2.84212805874,4.4050293163604231
3.39579700002,5.2798102950462793
3.5346153747,5.4488494716468576
2.95182010139,4.6317608898905132
3.40078691865,5.258269904498631
3.67840040718,5.6771840437553909
2.62013241699,4.0974371225480208
2.69937928737,4.223646214538336
3.43163081212,5.3542939203967528
3.21210030609,5.0034974556701624
3.37879034018,5.0842276375354762
3.37717224386,5.2109825539225278
3.45800452317,5.3505160611511995
3.39188522842,5.3303635948484267
3.78288991677,5.7622426433025753
3.28436385504,5.1331907063568822
3.79354090861,5.8361673564195211
3.14358776499,4.8669685427438445
3.52621188856,5.4646896437112966
3.81270504534,5.8587166652078722
3.23730250944,4.9385752380991672
2.9184283115,4.5943910268925041
3.13715423683,4.9144347100003518
3.63253980416,5.5959801885391283
3.81959390029,5.9028019989275462
2.79781359826,4.4597402294702508
3.69816133908,5.6702070056207239
3.46072508074,5.3667418267615581
3.11995463991,4.8541171009906323
3.24254934328,5.0683550520551552
2.82639316987,4.4719791273327978
3.11284945917,4.8625388876513504
3.31876279364,5.1057747161223501
3.38262118367,5.2002639730541906
3.86729647193,5.9657312349630773
2.62443737079,4.1745491435581306
3.75814635191,5.7947151180734471
2.62869921014,4.232140636026279
3.33770497158,5.1313875088095298
3.57033583662,5.5339135562520125
2.78458429191,4.4398791688631558
3.42528673038,5.4181655244758806
3.22282939498,4.9783871600989587
3.19357642313,4.9661876678109724
3.16289704742,4.8575477972855463
3.0998971369,4.9017721184572292
3.89232160764,5.9676368901563519
3.45666508675,5.3569731645686209
3.23321483304,4.9629046737938305
3.631946993,5.5696454371250139
3.35306776977,5.1733858151057532
2.54104182474,4.0263970618917124
2.90755285318,4.5226929877004531
3.7401605649,5.7966982359826122
3.44627655761,5.317789339878888
3.62033828631,5.4699383930092944
3.46259867669,5.3286169299099777
3.09419497194,4.9167797608314707
3.18781548098,4.9934199062522318
3.25944068605,5.0076373686493749
2.69989118086,4.3052421104300267
3.74181854006,5.836908966794506
2.68206650223,4.1921282280554539
3.33277171049,5.1459533850871741
2.65789786671,4.1998511087818438
3.71767775686,5.7657156879307365
2.53657527208,4.0010383539339776
3.13804103395,4.8210180765035382
3.89764256587,5.9899187372045164
2.77972448691,4.4092971365883997
2.9574984453,4.5853927673866295
3.49304819527,5.4300429540878312
3.36074075874,5.2652365935313385
3.6452050396,5.7392154382379514
3.40075624331,5.2330211081001474
3.06658838179,4.7122990344665112
3.75776568914,5.8483019983908902
3.46864048377,5.3913495984866442
3.25389815854,5.093652881898298
2.89069017262,4.4049937146958902
2.67026358537,4.2762356608701886
3.88165098316,5.8992074269135362
3.74007505226,5.7749387622628028
2.89580834851,4.5231220596284674
2.68559470398,4.178894738349757
3.49232080502,5.3947693039443436
3.84839123529,5.9459355986724116
3.56454517207,5.5234018738742936
3.69754671279,5.7913950199837982
2.93311100955,4.5879907035182121
3.51810397117,5.4407147750925446
3.25218489663,5.0428627812646871
3.46722217961,5.3733431478646381
3.61062198385,5.4946316932042647
2.75625087772,4.3519722461144248
3.74320117534,5.7276151086514897
3.80327106124,5.7576351061850071
2.88728932229,4.4895006072778019
3.59555555835,5.544096643644461
3.56601054862,5.4595723900829753
3.60096321375,5.5104056990582455
3.04506209772,4.7843407936416762
3.35490186308,5.2427492158664375
2.89578163342,4.5302476233377469
2.64168565992,4.1938615542997546
3.11329431692,4.7985764989808484
2.86148001515,4.4935748558452184
3.25475510232,5.0086986140370131
2.86876053136,4.5117864945754427
3.82601103773,5.9206952432444178
3.2511217554,5.0440028995164266
2.76711131247,4.3715603235497893
3.9017670375,6.0437691185475115
2.90833400926,4.5556631234435594
3.5155682534,5.4986360593792067
3.48308597772,5.4282224173433127
3.77226767402,5.7341039457287115
2.58114762684,4.1240947584477219
3.44183382243,5.2790528662914697
2.60265290814,4.1279231536724428
3.67964604149,5.7399016840407162
3.77476976627,5.8181781459341249
3.13272397748,4.8360718164939467
3.00311533568,4.703165553964479
2.72003964251,4.3104166802644217
3.43042294036,5.3924483842736501
3.18812419066,5.0362351306587163
2.90218366268,4.5150331225122518
3.65664752386,5.6289294867139521
3.65106777011,5.6332924365959167
3.12927455604,4.938450746547594
3.67923561999,5.7465068158372672
2.76880833514,4.3352616540738245
3.32858658069,5.1850243237405129
3.79356613579,5.8548417197723692
3.05022787175,4.8016463124944728
3.73305899182,5.7199387168245686
3.69813800562,5.715592844447742
3.53561510113,5.4790731489835887
2.62130317162,4.1300656148962238
2.7879940399,4.4403570719015644
2.64307500604,4.1501202721812529
3.90095162601,5.9202148255927201
2.94926800554,4.6326697922747728
3.23460898687,5.0738621863242424
3.12997614926,4.9269451172234735
3.82202025512,5.8358477667162241
2.93026501085,4.5758631194386794
3.55824738547,5.4979581953434629
3.14414841154,4.8873227453755064
3.67351936334,5.6630516056189757
3.49565708815,5.3611823584713303
3.65766485665,5.7406361415091194
2.8507538409,4.4939814676820644
2.76321469364,4.3500775336109765
3.51213208507,5.3999025849928284
3.29202609317,5.147666470866965
2.98828937206,4.6345857397478527
3.66511731638,5.5714082557764888
3.43639522138,5.2065310066507342
2.55384601683,4.0255631308145317
3.30591629942,5.2445436302060902
2.78704205413,4.3135354505380858
3.59414504979,5.6389387739267782
2.85083876376,4.4336909163996925
2.60662206923,4.0647129821847967
3.397776446,5.2778568899132363
3.52816522158,5.4646527035202466
3.25663462228,5.0142319759180545
2.86262513959,4.4542531653520081
3.00350640379,4.6529897474763855
3.71454409979,5.708539189257805
3.27003986708,5.027881613275146
3.56838342442,5.5512933903310904
3.24616085389,5.0871492365742803
3.37820111015,5.2109345966686753
3.80794542108,5.8777852295550241
2.56590134827,4.1391183549570734
2.98675570079,4.6268847109161362
3.67590283229,5.7503796069966189
3.86332443935,5.9656283569956488
3.4052931178,5.2447024924627668
3.73461649289,5.7939535414346723
2.59745593593,4.1430147460789444
3.22623466782,5.0120273528221899
3.38449751756,5.2201597609054788
3.16455590864,4.8919882873330343
3.18125270806,4.9847742670151769
2.60178472374,4.1388936090942297
3.63870409797,5.6454373636567903
3.74193203505,5.7035277317884008
3.87710315622,6.0994604981280576
2.55507204704,4.0086222215836766
2.68348887369,4.293639679753424
3.31658456197,5.0830205605393166
3.89251688807,5.9935329071868413
3.18158278501,4.9942942061035414
3.83481298064,6.0337661938488889
2.87646876043,4.4658806514696616
2.66375865262,4.1167888732184714
3.2390525484,4.9610519507373194
2.91034202236,4.5166295915335732
3.23981832024,5.0797686937930475
2.67691876014,4.1852208557718162
3.49135725095,5.3758664561432932
2.96448149082,4.6271819790220476
3.54287686358,5.4218930944654131
2.88095688815,4.5488118351694773
2.81270737913,4.5093231910931202
3.71724820945,5.7870704030719686
2.9345957316,4.5640603079487931
2.85636995648,4.4492044390254204
2.52316604819,4.1067671658030882
3.40109371028,5.2481140563441508
2.65810330107,4.2045534859363709
3.08987884042,4.806486771367517
2.52260067563,4.0376148765364412
3.45947197962,5.4123140510715269
3.22568854443,5.0191702558241849
2.63060274441,4.1427400086402733
3.75500232534,5.809151278103843
2.88935428512,4.5376377864246189
3.7489069438,5.8109739410846579
3.28167611614,5.061014684548323
3.28153343841,5.1287934696547017
2.64321858691,4.2397091616992322
3.19307309803,4.9710618100309505
3.06677645538,4.8290035177608974
3.30864435584,5.1924869930171269
2.6823341824,4.3446226857536745
2.90883265959,4.546567995505769
2.63410529776,4.1067385597355059
3.88497375368,5.8439598786808773
2.77214173108,4.3354259377063142
3.05012304376,4.6949489659167387
2.85686754251,4.4844492327124925
3.6845328495,5.7361129544931622
3.13617921209,4.7711843516877916
2.68505258534,4.2085439689190727
2.65841780373,4.152154374176134
2.59811899992,4.1108668561502215
3.4363134243,5.3458865784336043
2.82043207231,4.4039914624349201
2.65108003058,4.1996719016990012
3.18065591434,4.9703247179114207
2.9471887665,4.5257662312919766
3.11142484342,4.7783178228206582
3.54010252937,5.4854734799282037
3.06993054118,4.7893775700927401
3.66645844483,5.6388999199338361
3.59948545146,5.5124886244498637
3.38179786815,5.2377894481461311
2.83714720892,4.448601212710547
3.29402379858,5.1814920840072043
3.0392323365,4.7983662394402993
2.98081604936,4.7397187715401996
3.54497272343,5.5191653613716136
3.06215053433,4.7833997541690083
2.73252830512,4.3237239373796932
2.63350670269,4.1535954020432841
2.85096828699,4.5944376245525849
2.69729119524,4.3052670430581674
3.79401539245,5.8604990928433294
3.76485153889,5.8155023874629901
3.86630434413,5.9249230844503105
3.10282165478,4.8192854446726878
3.36195335699,5.2847714986835692
2.77620022061,4.3506919537554563
2.63042656765,4.1410178654344989
2.9308654134,4.5515115479252719
3.82285847491,5.9125366169883549
3.89664848358,6.0066101282534063
3.07911102892,4.7731316938755901
2.57964087615,4.154367431415066
3.1669122408,4.85049738418462
3.25683993774,5.0479789884335435
3.54490637924,5.6150897827434187
2.80090399723,4.3764436074759576
3.55056147693,5.441875921486254
3.36163859072,5.2370418387640649
3.2729113997,5.0812877462338299
3.1847161815,4.8709516400109392
3.62250728607,5.579194229970577
3.79849560244,5.9147275908663222
3.29495054167,5.1088263851865028
3.5200806187,5.3885283209396775
3.41852635622,5.3527323714083188
3.58470704409,5.5116750816183622
3.68060086089,5.6487319640788796
3.86452548553,5.9602430104401938
3.48071387602,5.4381341035126276
3.55681353796,5.5218089560467298
3.07766390829,4.7745060264627162
2.79511947115,4.3502829079111107
3.27108139727,5.156474188912334
2.62426275083,4.2198171702273282
2.71295778944,4.3690821968727551
3.53834978035,5.4974647149329821
2.87361734452,4.5090531447520092
2.95552781497,4.5927891367593334
3.20906569179,4.9487272101595581
3.41797067586,5.3327782637600043
3.24212761668,4.9924443478931817
3.49216731523,5.3631182208243473
3.46315008354,5.3173101936642624
2.56059296359,4.093204836771597
3.39726185384,5.2964550386582063
2.9752521685,4.6732716947302135
2.9876857018,4.7357777031780603
2.92215976278,4.5564868679760657
3.85182275326,5.9359213535723274
3.73020177094,5.7468418889352737
3.60290888343,5.5407518248693179
2.57855251159,4.0672260847758803
3.36557861644,5.1281121465891397
3.40161785243,5.2603884505450456
3.65000531343,5.5721125688005264
3.28963462835,5.0539009207658436
3.32611652819,5.187674358906917
3.84761921557,5.9177426054001057
3.71366200706,5.6588259800653677
2.64729993993,4.2225418375707351
3.55087458817,5.466140012251107
3.04241354278,4.7806770203146067
3.67954680026,5.6438728230047222
2.62830159473,4.1450163482135451
2.88881241303,4.5071362641166957
3.41871214938,5.2113307845320058
3.29611652975,5.101388710146864
3.58707351468,5.5471364789444007
3.81893989232,5.8680155486060883
2.58855881045,4.0523450767346523
3.45462645249,5.3588024849769811
2.86756388358,4.5189871743048844
3.66970287194,5.659311592542748
3.78698366946,5.8749228880238791
3.12973624317,4.8723392250254864
3.66971060221,5.6661333827463656
3.40492778406,5.2589960491313041
3.11105017035,4.8505493033430467
3.09480665595,4.7351395654869304
2.75607988513,4.31817778478176
2.99421638249,4.7257015335902963
3.51499412216,5.4927343662899641
3.45317657127,5.3420959182887691
3.1377341008,4.8577282634075782
3.27736421093,5.0208533775402069
3.6262498865,5.6341933830888138
2.8318934431,4.3368273957799151
2.61406699818,4.0789273691914696
2.65144186215,4.2837560030229547
3.29565140099,5.1506318072998738
3.55798098129,5.4441229089611296
3.33255267691,5.2744921772393356
3.86218595823,5.9087509495206314
3.67767238312,5.6858164276900309
3.23086120863,5.0532231895575181
2.86568172387,4.5155052728967329
3.2319552378,4.967515253022361
3.31927796007,5.1130076576184464
3.48924849769,5.3704608422040252
3.72578921518,5.7304006957697631
3.52092975136,5.4228294041580298
3.80740839582,5.8052450343321951
3.12475837212,4.8811405011843743
2.63155838158,4.144524457173663
3.0995167262,4.8562323860283545
3.59590767865,5.5604809478488759
3.03641416147,4.8167360077855506
3.81520113778,5.8406744676261786
2.61889884672,4.1189723555947086
2.8620362404,4.5344579555089499
3.31367539928,5.1710378662186391
3.13505184735,5.0130019515194082
3.17430475221,4.9556648249815041
2.57641872848,4.1082664278822829
3.41577054105,5.2764873720885852
2.64244517699,4.1174811591189444
2.93266042811,4.6163668970343963
2.89294375203,4.5287990459976823
3.20198113312,5.0895421984260274
3.38155784347,5.3320049582201126
3.4811741809,5.399390074203982
3.74729165187,5.7424011843213743
3.5077437228,5.3945677263497869
3.55758419839,5.563282843027519
2.86033082817,4.5398615214412414
3.24598586381,5.00688590617683
3.89522280479,6.0936808437087677
3.55586095058,5.4609041800234435
2.54166799058,4.0328817072028764
2.57681797964,4.1592655938097911
3.09771363324,4.7638778081200135
3.43124308973,5.2909407485897004
3.59937578894,5.561400564626112
3.76021222636,5.7555936795636722
2.89995299567,4.5773852388828029
3.12009923569,4.8742747449187922
2.54334104981,4.0250294237611177
2.95790381983,4.6237964325309378
3.76862182503,5.6574956896236346
3.42387971516,5.3565611232779986
3.78836744793,5.7854049245727346
3.14988342398,4.9509745866328032
3.67774507847,5.8765428242082098
3.16282381533,4.9387505827198606
3.56547023868,5.5145987778939256
3.4551031799,5.3284370622532915
3.22532426048,5.0494355797874348
3.76461970627,5.8393221326299738
3.70284858173,5.7677961689250568
2.74956418085,4.2901816845951766
2.96771067785,4.6624938547610721
2.77559087567,4.4048171706981281
3.56844505393,5.5457046253676916
2.53235065975,4.0513809667595133
2.8779907746,4.5619596875485202
3.37431307196,5.2676839292056288
3.5918407839,5.5461633049863241
3.20842168938,4.9910171067722242
2.99451440076,4.7408217020753591
3.64093543629,5.6334105045924669
3.66143846149,5.7381190299168203
2.79834790179,4.3823206355966109
3.51907893597,5.3825699577185242
3.34686823457,5.1595851452173269
3.39160433653,5.1828680858638689
3.30755940703,5.154605239440742
3.27270215663,5.1394072539058699
2.83271102674,4.4463878761236399
3.36224730305,5.1196332412014893
2.53355012417,4.0753465528735688
3.71080059886,5.8435178506798247
3.80256886106,5.9202822973962164
3.62711377773,5.6533648927041025
3.88607438082,5.8869404310830182
3.83571241875,5.8567800894900275
3.03395525693,4.6355361974436304
2.7826292878,4.4237526414387558
2.90815997391,4.5225251230945354
2.99066670723,4.6674172645936576
2.90249528631,4.5098625643193762
3.11531927659,4.8821289510901797
3.09805275536,4.7805336077509395
3.26322769094,4.9907719543911702
3.50677087117,5.3714030806884905
2.91536379688,4.5597449409365201
3.72765377166,5.6395788197460304
3.56562674035,5.5038413943781306
3.38052017456,5.2032415919433745
2.85077784497,4.4679866263006289
3.11748199155,4.8552340855788856
3.13562435559,4.8634479692177601
3.21287766683,5.0052507049383665
2.8315273781,4.3804166840869136
3.51378916943,5.357146125578188
3.39345805848,5.2699221900140003
3.18495501275,5.0112627640606702
3.66892029737,5.6014607007200006
2.84582515342,4.5005027008457743
2.53795688309,4.0329727003990099
2.82857968329,4.3961529114125995
2.53043410915,3.9992979958322992
3.64314585123,5.6499737171303419
3.68195222197,5.750934731852924
3.61052463445,5.5966110307977432
3.59171089859,5.5619123873253358
2.77911391212,4.4080823718827755
3.25213648942,5.0552523802062383
3.31893470978,5.1096836139493709
2.52623389471,3.9862730216301876
3.70724899932,5.7511984994889129
2.52291135522,4.0026792718642952
3.75254647876,5.6817688264548769
2.53623018573,4.065987755517372
3.14183541433,4.8951883132488794
2.86764716066,4.4813988227276056
2.71336708036,4.3271334407181836
3.73772121799,5.7640749461488126
2.80907977708,4.4394195513865053
3.70216533192,5.6402359603085239
2.68797703746,4.3007617719740168
2.70153834034,4.1997593333324765
3.78728680552,5.8732636107814322
3.03185157577,4.7377560076582865
3.80479195292,5.8922222933646671
2.59057547972,4.0944465096873008
2.92747244901,4.5897051169548204
3.6472840126,5.5464265079685706
3.58982634114,5.5431999162246939
3.06197064111,4.769253203774233
2.95667572715,4.6075178629055129
3.25071828721,4.9603150737812989
2.67130912344,4.188938161989114
3.08704462669,4.8126879908248563
3.82771948836,5.928761883470024
3.72572777114,5.7332066495505138
3.66331275724,5.5956494574498841
3.57113757376,5.4704099653930962
3.71398259722,5.6640696756472062
3.22069692436,5.0506514275441781
2.76868326888,4.3761100285929206
3.51729627536,5.431369777927336
3.54388769715,5.492145348232877
2.53414796017,4.0027060119609379
3.86058688658,5.8229139624531339
3.25149312557,5.1151439973987953
3.88385806816,5.9760571798380644
2.71940639706,4.3051812098964675
3.16091465639,4.8775857443830049
3.34641295865,5.2457877653279468
3.22576987218,5.051302056899762
3.18993894955,4.85799697514088
2.60458135029,4.1448317319015402
3.2568689054,4.9848244955559053
3.02654242726,4.7440766029282857
3.44674672073,5.3308845526282891
3.2451854491,4.9143004074371879
3.42328364775,5.3618658858193307
3.37885346548,5.2422037543967752
2.79348599783,4.4144730693025318
3.18052520888,4.9049924313896147
2.97657976222,4.6041604683756283
3.25016762617,5.0626838765376387
2.63141530842,4.157725843092722
3.55980835064,5.5179535117982867
3.07821690828,4.8365814500912272
3.77138116284,5.8341946821580501
3.19748581731,4.9886923445247202
2.99803312461,4.7800648522956903
3.20914199904,4.8505557607841387
2.90397368446,4.558486138790542
2.78795652491,4.349200213982229
3.66222577004,5.6303211013769525
3.06841894009,4.6954894925622117
3.41907593687,5.2750161660529153
2.75712716665,4.3811103954773731
3.20355734906,5.0393756421326277
3.65165525712,5.6046249351915618
3.59419092741,5.5655953632772448
3.09815259193,4.8428630023664159
2.56783635827,4.0705697302827133
3.41841387565,5.2387619917527442
3.61309053451,5.5268855200826374
2.78439757327,4.3812834326048904
2.77469407732,4.3684700047418978
2.78110626178,4.2774074409118761
3.18211819551,4.9460559044546581
2.77861824977,4.4082898075891306
3.80691885915,5.8260201291808897
3.77249556954,5.8279289839165758
2.53124876685,4.0081609265469229
3.15468353398,4.9178816032747497
3.32044685496,5.1815094113172888
3.03386259637,4.7501156524047516
3.03241213657,4.7271083060885655
2.69388974433,4.2605528338572203
3.86311506582,5.8962481473347079
3.45449101342,5.346409518614883
3.77991045002,5.8294038064465452
3.32073445745,5.1070697632519471
2.68157202914,4.2094656412278875
2.99015602265,4.6402180550341665
2.63529996112,4.1848851709990118
3.22427393056,5.024704447403753
3.80892580515,5.8986517101003697
3.39933040154,5.2195725188359816
2.6811593295,4.2561356488622311
3.77222550083,5.9994092509617287
3.5989225503,5.5539113839024328
3.79436071057,5.7382957844116937
3.26104743461,5.0289614768709061
2.54688777031,4.0186638322444255
3.62656327811,5.6319023679376681
3.52567777175,5.5744870477991819
3.35610764947,5.1921972633326892
3.78175795433,5.7477153425772212
2.89427856277,4.5132095754017172
2.93690330439,4.5106897093599798
2.83933421863,4.3953842854356235
3.26521948223,5.0372500234235043
3.08560997988,4.9055714344323142
3.80475378358,5.83204396143688
3.31391876289,5.1275502773097861
3.75452604948,5.7218745463159735
3.78603470333,5.8132541503129387
2.52543493438,4.0358989716629745
3.89942635102,6.0691263109648776
3.01668761686,4.6693829433305885
3.35942113861,5.2202888677380219
3.03703955446,4.7506891541374854
3.46293555357,5.3616828656316793
2.58205247594,4.1461627033932391
2.93068244059,4.5536626808769833
3.26888511006,5.0350581732664876
2.77975257815,4.4414991134617248
3.45641639317,5.3106231749459569
3.64063729342,5.6082284942548215
2.82569532355,4.4855130286206482
3.22735786873,5.0036238791506804
3.06755657171,4.7716150259346772
3.29783122598,5.0977609656445297
2.87100501504,4.5029856378217614
2.82566787169,4.4112972672063524
3.61508847109,5.682449948560687
2.80628423283,4.3190785839710832
3.51701997689,5.3801233870195633
3.70154571505,5.6685369308302338
3.20681517472,4.9639760821999968
2.91165025155,4.6418205972921172
3.24869988699,5.0286710273086852
2.56073261369,4.1225389325151651
3.69227005428,5.7401344523280722
2.69275103826,4.2443957013241116
3.76606157445,5.8163361594777232
2.80271752343,4.4593859008277743
3.73662201996,5.7407801955067548
3.20552994284,4.9828998446047041
3.66070233218,5.7091446348727857
3.31882031832,5.215599819842069
3.59499057834,5.5541303434847622
3.67728207715,5.767735318812381
2.60686603135,4.1261735965484245
2.77270392752,4.3804802708367516
3.57878306311,5.5708400544472569
2.87518924251,4.5008882204150673
3.85436284407,5.9258075255220639
3.11675389324,4.9014469562677876
3.42432683138,5.3418033150657696
3.55289067821,5.5572215090682002
2.61382147931,4.189999303015405
3.11973080472,4.7519543910927231
3.48184417059,5.3855516022397003
3.41320815884,5.2780758710152424
3.86198260459,5.9348083964947094
3.13494901357,4.8899468547136591
3.70293508365,5.6503799329555537
3.6954720084,5.6429490411933134
3.82382272714,5.8072014913998347
3.82251736789,5.932933017618466
3.71704087358,5.7201557336915592
3.73538773256,5.7440133352351772
3.12757807006,4.8320971481317656
3.2802141567,5.0410635649508233
3.06717229735,4.808230206511368
3.26331293652,5.0465595525932203
3.74209284751,5.7515044667665807
2.8763274581,4.5133593961092453
2.63287873422,4.1098973537830004
3.86812012452,5.9202063276215746
3.01775805471,4.7221700427264945
2.65018600075,4.1774422214419369
3.36193457012,5.2742270389228381
2.94111104611,4.5944016430610821
2.79171048497,4.38703100757317
2.74044214109,4.2810440426005938
3.74614352526,5.6772212148616443
3.07214376357,4.7559217992186067
2.6580712544,4.1675735107511604
3.76564340346,5.7485099664079078
3.77952018659,5.7946918562274448
3.39013951587,5.2295925305493807
3.82596498591,5.8455748207322786
3.0242266708,4.7262683102378347
2.65877302875,4.2193737592515363
2.63987814832,4.1505833245597632
3.50740617159,5.3525071779327371
2.87529169542,4.5115509790086188
3.27025404579,5.1099421018783948
3.02180948424,4.653406463013912
3.38031696656,5.1899989791177745
3.8190047356,5.9055760080171718
3.27337064926,5.0507133255025334
2.97281224998,4.6792989172369213
3.18285374509,4.9253989463146342
2.57238827756,4.0438795379831438
3.58615798887,5.5011109830951925
3.36268459597,5.1624338056194032
3.27523237666,5.1793772461029937
3.58667083396,5.3982669742387479
3.11426532071,4.9065567644020813
2.52293018155,4.0021691642392785
2.86737838016,4.4654221378581376
2.91092547908,4.4921939844688881
3.19038689482,4.9470310571957663
3.03594931353,4.7337516771695789
3.06266665107,4.7943323287259858
3.81503517997,5.9155134696638969
3.58885122092,5.505538799833313
3.22397266554,4.923772570603564
3.28652696473,5.1324187370099246
3.03311943207,4.7498318608242851
2.57755239071,4.0855253247728545
3.69922231231,5.6455797999215234
3.30216665615,5.0114502012934494
3.45797462231,5.4286087909208991
3.71714727799,5.745415762085007
3.8987745209,6.0677185829027422
3.40131973548,5.3272908515076978
3.83917504738,5.9250194751416849
2.78175264353,4.4055026505815302
3.66304221562,5.6839634324715202
3.65145564999,5.6553189961659305
3.05082569602,4.757999597752951
3.6993503988,5.5992918765909154
3.35335277355,5.1497195445339239
3.00583375126,4.6192188428955978
2.87764321529,4.5521725388132195
3.48681918142,5.2998677366965481
2.71788348823,4.2214055350796329
2.89147369787,4.5492888905536057
2.8064134186,4.3211335311605312
2.87148106705,4.4320023912735174
2.80331947969,4.3885879486331296
2.71204343964,4.2415329003679529
2.79662874352,4.3382939915732424
3.5536990572,5.4689282833770863
2.92519188389,4.6691904271079672
3.56648541042,5.5144245796224656
3.3089161122,5.1682200579401911
3.26243269236,5.0332207527705286
2.92594515215,4.6737123726264436
3.7363397078,5.8515402060082353
3.21981661125,5.0241434352357022
3.20431966811,5.0510754099396538
2.76266180346,4.3757625457014226
3.7357911996,5.771742544937438
3.4479100901,5.2991476108279141
2.71202517572,4.2884690815467694
2.67065337279,4.1311199158959768
3.70477172848,5.7508531336422415
2.83644810029,4.4588136689886406
3.22701335295,5.0260219449196928
3.42145112237,5.3142935660566621
3.46213917259,5.2049226821127972
2.57237860828,3.9986195868629775
2.89650671423,4.5389778022569178
3.39201276952,5.2336064783564469
3.60484817897,5.5423156872847841
3.89890296656,6.0263147559583921
2.7376188501,4.2996614106319822
3.27643468265,4.9345465646755668
3.55911393217,5.4915973862101257
2.75887608997,4.2988832080716319
2.79014887544,4.3972526590921204
3.3328473429,5.1870322119950742
2.87395775389,4.4007120183240644
3.19153311143,4.9846731091923262
3.32577092253,5.1878486460478799
3.45221142751,5.4000830708138894
3.89403460021,6.0808087953318752
2.86943710084,4.4906406947363218
3.19118590393,5.0041026242560234
3.21851740071,5.0269685514272036
3.05421761687,4.7201040533492442
3.47760086712,5.2877204873576371
3.1856378966,4.9242850230659592
3.7893273687,5.8085878290597392
3.64424215787,5.562953362758071
3.72603218251,5.8055592842993367
3.09961522158,4.8317837825726286
2.78146473494,4.3635822525805459
3.33712362929,5.0816753705401494
3.14787565067,4.9551163020104019
3.24097094679,5.0072665743040297
2.80049017065,4.3740579529270169
2.90925707153,4.5915571080626547
3.28824766554,4.9651621840345923
2.84748837525,4.4502042347923503
3.71137973542,5.7857548980485891
3.03321374639,4.6693716914409151
2.70002636538,4.2326579193007845
3.7743635597,5.86220541908855
3.00435233769,4.7088771073958755
3.43654487625,5.2973966660376623
3.41476878781,5.2361099395762851
3.11408407078,4.8235903960055948
3.58335098117,5.5870076782271827
3.72363079993,5.6389234845261802
3.05057040688,4.7909762621839613
3.52640955915,5.405585144769673
3.77102385808,5.7490336616273376
3.67294493752,5.6322955266887913
2.96805070673,4.6140811541706981
3.42878057047,5.3504955772589389
3.16313607463,4.9283881098745805
3.40281013703,5.1930540635609574
3.46107113864,5.30577314531235
3.18335646387,4.9902555783144642
3.04022411501,4.7513004195078903
3.03667661627,4.7621828405657665
3.1408421166,4.9011365132758051
3.04166536137,4.6769592040048718
2.97086269243,4.6023920716624067
3.29036458016,5.1236725229347497
3.59295817823,5.5504400680253854
2.99583449675,4.5546418364386527
2.7496466103,4.2994626927572197
2.76092203205,4.265611287319274
3.35566143897,5.2846757601761771
3.77350113076,5.8042890282315955
3.56986969374,5.5549121784380029
2.88499490759,4.4571874592745369
3.48168136632,5.5017978310214719
3.89638151578,5.9386363369246693
3.48783549805,5.451448934127864
3.37804670702,5.2324273016231695
2.70207139011,4.2319785277861435
3.00151713566,4.5974644099255269
2.98913142027,4.7014298075572523
2.85040946959,4.4850651381938436
2.70564883646,4.262407338371113
3.24467239925,5.0994563121449596
3.13333552204,4.7879105883379527
3.17232952906,4.9295745175942756
3.21460685484,5.0134307769811928
3.1718779945,4.9588523912872571
2.85707749013,4.5440883985446332
2.71439474022,4.2951921378088986
3.45607607865,5.3707228001761118
3.55144007338,5.4670259498871205
3.69319304945,5.7250460030701751
3.24172499859,5.1306870132469848
3.3759493031,5.2860505875809407
3.31544896308,5.1397829835262376
3.42036245773,5.2650787379992456
2.98083389035,4.6985794744012583
2.66618927644,4.2813449772239078
3.89206097189,6.0183923649088173
3.65033014355,5.5588330347336834
2.8263740545,4.4123817335946907
2.90207557227,4.4773656540137194
3.70007839901,5.830105824350917
2.69258404227,4.2347892681181376
2.86825896494,4.5559211674570408
2.66526543872,4.2007378362035741
2.54702785716,4.0175540188270835
3.32597021373,5.1630356172246543
3.90039033121,6.0183138794841948
3.6580022519,5.7015629805618797
3.57911518608,5.5922736714987602
3.26155809776,5.0774545502707271
3.30955890762,5.1572888814514828
3.76212020565,5.673992908092834
3.7963254,5.8116052795753417
3.07076689697,4.787714170902734
3.61452459814,5.659893485266811
3.62460766446,5.6104286124361753
3.75243776434,5.7352063706115102
3.32198531445,5.2151780450464278
3.5856155477,5.5863457242679093
3.03457998695,4.783674942077595
3.21371697289,4.9783997174129118
3.3649455249,5.271596824370075
2.5833626731,4.1284495979804969
3.41117652284,5.2897707372928817
3.76121925856,5.7666514172312855
3.25887986966,5.0300707137856877
2.59312783498,4.1020595890431073
2.65544024026,4.136667238848946
2.69821883469,4.2636241523745451
3.59999339734,5.5547168490226762
2.99501034371,4.6734132248094928
3.40244520827,5.2909889783277659
2.71955871341,4.248763780028157
3.42863988151,5.3617931157689158
3.66674205045,5.6984151595070278
2.62738264465,4.1870338363320894
3.16668896865,4.9142465548164198
3.82694901396,5.8434384841450049
3.0865058058,4.8180816282683097
2.98737140124,4.6457140032408191
2.57867319392,4.1499380154579448
3.40988287818,5.3311096647995599
2.68088202082,4.2242745927119847
3.54441061864,5.5327034616556627
3.5428326353,5.4280645567301358
2.9699847684,4.7090959826492123
2.91703311477,4.5544252905549465
2.9227643297,4.5423164818060151
2.60185537536,4.084168933634464
2.91960643957,4.54663146231736
2.68881944766,4.2669980202871107
3.34104164368,5.1537517689976937
3.4835363826,5.330048711706949
3.23401856572,5.0078883226652966
3.06569788688,4.793274008559929
2.546881269,3.998047023079033
2.66557909136,4.1939169085086903
3.64480827713,5.600912090393436
3.02704771831,4.774524628281025
3.39181634744,5.177472539285195
3.10938522973,4.8176685479307126
3.348353714,5.0793776420599945
3.29763360448,5.1536356288703251
2.7699987693,4.3341082365110175
3.68458822661,5.6828230489068829
3.21707626221,5.0775789362306041
3.0644645987,4.7433030985314728
3.7054352054,5.7360936046307502
2.86434243127,4.5161864290541018
3.54698271925,5.4962828204070799
3.08361876667,4.7888377543543967
3.12846009681,4.8862716146099858
2.93536938031,4.5738534082677953
3.86795301122,5.851463425419098
3.86698531183,6.0553665597464494
2.88492976795,4.5029749327761746
2.91048536582,4.536683302412909
3.74409489871,5.8108548294663764
3.78788637383,5.7113798934639188
3.63551940853,5.5375106202350333
3.66274083773,5.5850915204279632
3.1365007918,4.9188265595958507
3.01548642578,4.6273874289114847
2.53728106086,4.054653716425852
2.81434939065,4.4662434385690375
2.53183507345,4.0158615978005514
2.52533039347,3.9027785830450532
2.71038494194,4.234984433565641
2.6146230829,4.0875049854832293
3.37499363091,5.2132301184866217
3.16296072296,4.9107227441858505
3.2165895581,5.035639467223465
3.10789387684,4.7714095757842596
2.8518552779,4.5343680042496288
3.06140549016,4.7538857480810774
2.72034836886,4.2586745058162148
3.05398186888,4.7242239162756734
2.91283841014,4.580002062320923
3.39881899423,5.2312564349078334
3.5754056588,5.5841121093358623
2.63266905272,4.1874623248381537
2.66353753818,4.1326066009687086
3.90317497869,5.9627783233373748
2.89153127329,4.540551716116485
3.82460545479,5.7897625120646872
3.27253710992,5.0074958053238836
2.704145027,4.2399746323210232
2.66454008492,4.1792277145478938
2.88910907308,4.4945640185109959
3.77842325333,5.7992711912693276
2.94491616356,4.6176714236455449
3.09519740979,4.8061796659913867
3.2689141565,5.1221693919181375
3.50976337223,5.3890969939135305
3.88887373583,6.0635422384194504
2.75118430652,4.3518954102284297
2.70042353759,4.2879498550724913
3.52532292163,5.4768224524221383
3.34133995129,5.108398323369177
3.7026351595,5.6638893491371283
3.46762461491,5.3409803845125712
2.80886250347,4.3727877592320628
3.53722153334,5.4308014039177319
2.68431069376,4.2577377751343413
3.61961489459,5.6344853966298203
3.74770501184,5.6985927560189271
2.5408701581,3.9473137171628476
3.64721156912,5.627341427288072
2.92239838302,4.5997564037559533
3.61023261619,5.5910553005130108
2.62152514457,4.1302016090340077
2.78178868368,4.4167107000220929
2.99547675069,4.6206971320631203
3.83878747103,5.9682324727497535
3.62116885681,5.5797189740134847
3.28258762363,5.1130876563856438
3.49704843013,5.4204799896675668
2.95593444061,4.731500555552449
3.89105591716,5.9185223171350367
2.80550399679,4.3802826409512994
3.45609815022,5.3849442808511006
3.17012834557,4.975947901629266
3.6804962653,5.563772729005608
3.58706219429,5.3833532427893838
3.47343051152,5.2770849267939424
3.81028957473,5.9046908354080792
3.42938458821,5.2717718614996008
2.73132970504,4.2692157538612197
2.79293317893,4.3103409512762152
3.67714385309,5.670672363601966
3.59323962926,5.5014061658826003
3.82635622953,5.9969364123783171
3.49464166173,5.3881189830042109
2.63368224271,4.2187476092688456
3.86297094857,5.9564669774120285
2.72699582627,4.3005984831427204
3.86361694646,5.9776465406164432
2.59255462168,4.1544505861941037
3.25599769766,5.0168671045420306
2.71801347393,4.3535269694497885
3.26691846402,5.0219290373657639
3.65971276469,5.6198983876141604
3.45080612625,5.2896728706894773
2.98813780068,4.697737601323424
3.38123755266,5.236250168459315
3.85069775004,5.8555353886670867
3.03163778148,4.6875372065402381
3.05239730168,4.7448472433291045
3.45600630779,5.2239632182424041
3.72465236085,5.705315039857874
3.56413410431,5.5195472100394598
2.55307835552,4.0553381844629852
3.62493441171,5.6344475639810936
3.00601819367,4.7048404137040771
3.10510733184,4.7432763310503931
3.27685093719,5.0465532164456901
2.78738187033,4.3696274999001536
3.73635169148,5.6479623512495145
3.79312907404,5.9461654827985786
2.99441412552,4.6578651847092551
2.87490721248,4.5612683827121616
2.86016006526,4.5303106994355966
3.04057118729,4.8190151479502337
2.98095047464,4.6200482383918473
3.27723496827,5.1561777885840216
2.99617082069,4.6652865514547459
3.07971089022,4.8496278431391744
3.73065504749,5.6742102477491816
3.28857846128,5.1488793404738935
3.55554569138,5.4580611628290763
3.04000322445,4.7191115303966589
3.73468309321,5.8297193902704088
3.37473518696,5.3194858208578077
2.62336750386,4.1115405439901753
3.30310393825,5.1077715906746741
3.85691623016,5.9248844922870303
3.78713367556,5.8872113123257677
2.97193229833,4.6544825003678403
3.05399319922,4.6985790337728846
2.61543013726,4.1538587789829311
3.54468628821,5.5120574208893123
3.88928143954,6.0117913642354397
2.73287299846,4.282696374619154
3.70459158408,5.5857556114476541
3.83288623242,5.8720187714266929
2.9256369201,4.5715666255332028
3.84871935805,5.9874531818510475
3.56522288235,5.5414422068551383
3.14658008632,4.8500945700341074
3.71810873431,5.7832333220563754
3.5839508666,5.5538149169670898
3.06091903834,4.8000280532135546
3.76196498861,5.7532865790226353
3.07287472026,4.8304106181558373
3.57586246811,5.4023897257899272
3.64581899557,5.6181380729271764
3.79205997106,5.8598709981444204
3.74020774045,5.7079419716790554
2.5340273725,4.0332670550243845
3.20545759217,4.9322348428920391
3.64656100426,5.6572638563958293
3.40157235112,5.3053322883000957
2.60028840436,4.0694743009826047
3.13763479932,4.8505120224914426
3.36902076554,5.1456540569275147
2.68344909902,4.2690359655723329
3.01440393137,4.7802083922569016
3.70241203248,5.750844082156517
2.63894380409,4.1093618153115381
2.68012168546,4.2031296368258984
3.72097382644,5.6747214797175642
3.15588224365,4.9123642422620559
2.5579008524,4.0119505971177256
2.72958016833,4.3179348179385597
2.61278079884,4.1166225584919687
3.19483921956,5.0269718197249231
2.81130562069,4.4343787741719449
3.7672884594,5.8657510432135309
3.59470052609,5.5549515023566114
3.25497270388,5.1033865038533213
2.70007852945,4.2900389099746485
3.45237568298,5.4196910404895755
3.70338341331,5.660890622804482
3.90081266904,5.9781225252973966
3.23984796449,5.0576800252449159
3.63942384054,5.6893082430527855
2.98724275719,4.6451102343107076
2.67723519662,4.2061434503570654
2.87076105734,4.421559162784864
3.78577858154,5.8586543065191927
2.9026555126,4.5934262819193705
2.69668650876,4.2066207983758286
3.48437995633,5.446126759655777
3.15903500054,4.953837506149994
2.60220424226,4.1610610998690065
3.42449393312,5.2178146379846835
3.26085603742,5.1696889727422413
2.96663282735,4.6000684879471603
2.98670748729,4.6799644861451526
2.81524401246,4.3859067722799363
3.71577746847,5.7052313414245281
3.4542710608,5.3445111513972945
3.45644953922,5.3214365780543016
2.75433312086,4.3814319767392336
2.90885218954,4.5625830227993687
2.84978315604,4.4454780041098099
2.74080309036,4.2878288439045971
3.2679908931,5.1846163080502459
3.72107556824,5.7258350135571661
2.94529716514,4.6283629724756645
3.84966606505,5.9733285528179234
3.80737429228,5.8746841019953768
3.13211911849,4.9218207482519158
3.65639789907,5.604617502862947
2.84695736648,4.4604471020092058
3.40716887467,5.221778457481272
2.98550832577,4.7776255517888622
3.00291159949,4.66718765329842
2.65826018235,4.2183308670889685
3.84352937701,5.8352903732936827
3.08549999411,4.7228472183672281
2.78177476583,4.3735098553854259
2.97150855909,4.5835569722893323
2.94701228925,4.6431404897008379
2.74528949633,4.406155265831238
2.58234016336,4.1051840653988751
3.39344907825,5.2394998343239232
3.83218645827,5.879654605557894
2.71014729661,4.2455322697021254
3.69694138396,5.6790196612073451
3.75350672629,5.7923198673734326
3.85300455623,5.9612896770738812
3.80671464151,5.8940244229766847
2.87158237572,4.4682110138719562
3.14382472847,4.864301916333031
2.69645985738,4.2053255980110427
3.84648851926,5.8826173446127825
3.54662623114,5.4865131667902975
3.25145623894,5.0428274553821542
2.55185976965,4.0814365536329076
3.11301593192,4.7786754216811387
3.13594483916,4.8661384075043292
3.69435042935,5.5935806251488049
3.83798958718,5.9905755417454563
3.49843700281,5.3218295953943215
3.30757473445,5.2361095854111612
2.94707561144,4.5435101101288708
2.54621090569,4.0481228470599069
2.93258146212,4.6161068922829207
3.37493808041,5.2459183951950177
3.03952647392,4.7091416454490425
2.89858259954,4.5728207400919541
2.94664529801,4.5692655967857947
2.83451417076,4.5240993052006413
3.31868790337,5.1440981817095359
2.54440427234,4.0189639254698264
2.96257979445,4.6581415665858312
2.824302368,4.3818062009720329
2.6386228149,4.2210343011813842
3.14645004935,4.9834087688401496
3.69000693776,5.8009549348707736
2.55052174013,4.0080660355865145
3.40139352899,5.2199085367608449
3.25316617501,5.0092683990188931
3.0166020203,4.6746968287921238
2.88734921703,4.4459524471470333
3.67102434278,5.6196499528127495
3.56882022488,5.5621332080900752
3.54949551856,5.5487075850500194
3.14172972197,4.9595164264145915
3.54814562117,5.573476976552163
3.39896647868,5.2219288175951899
2.71970486075,4.2878860846212463
3.04612954309,4.7407867197913385
3.09266199987,4.7846579234064111
3.50365182755,5.3482221954732747
2.77651289974,4.3826650930600541
3.58002507734,5.5550246812281951
3.32496377534,5.1965594590552735
3.17831475926,4.9845754549880175
2.91821939382,4.536540482212434
2.90465912685,4.6312440253847011
3.72326679023,5.6931207792650111
2.90050549912,4.4958717963289345
3.2910698408,5.1745034266796086
3.52305526556,5.4029275067220128
3.11676747217,4.901243822221856
3.90352444562,5.9961016483256921
3.87190830473,5.942160020126324
3.58102522124,5.5265788984998663
3.85488502315,5.8557629432557299
2.8989636737,4.4336874005013804
3.24919023335,4.9319901608458849
2.53413427156,4.0317650364862718
3.74779297442,5.8108240238801399
3.34174251908,5.1221783427839078
2.99656189176,4.740866862557672
3.16360571959,4.8925158919340266
3.56744917462,5.5190716431865932
2.91237359889,4.5109631502936063
3.09257759889,4.7694422958422464
3.79903635565,5.772973329566053
3.34908032362,5.162515743043155
3.32251345064,5.1445996010076698
3.79841542638,5.7697900387764687
3.02290767802,4.711705858406976
3.34331157215,5.1309573938619781
2.83535914595,4.389503901809924
2.75853018147,4.3222606832033774
3.41745428605,5.273411321510765
3.7148084873,5.6933217750609453
3.22820493867,4.9813655568765114
3.42713194878,5.2920471710270443
3.07470004817,4.8192054658485164
2.71643317351,4.3195793714243509
3.01707454243,4.7086730147203921
3.73801387223,5.6780261415489965
3.53651507608,5.452926366195527
3.41304547438,5.2633518379670656
2.82688519779,4.4207221246107178
3.45621440249,5.3723277140087502
2.72033506679,4.2967058371396236
3.18992367868,4.9194662255883106
3.52051946766,5.4040938765849686
2.78274851797,4.3920044774408531
2.54106196389,4.0472943214821706
2.84915931932,4.5298174072477426
3.63771399,5.5122291994225598
2.58932724053,4.0680948014831539
3.5197343193,5.4021577499779365
3.50911647347,5.4699176161041008
3.36625042654,5.2189374261717525
2.78920665614,4.3331419605374357
2.95805132717,4.6165157810513842
3.5332307564,5.5273692391508025
3.29588881398,5.0504673415330528
3.87713023628,5.9273509235574755
3.16666747335,4.9819078825956007
3.82215752413,5.7454267816682139
3.14474877902,4.8962357630819557
3.56162408119,5.5812604482197319
3.57714315427,5.4354180215101797
2.8121945221,4.3596479928970009
3.07821482293,4.8575320668149509
3.57802203408,5.4828006643118252
3.34122454893,5.2770829120107567
2.78647460066,4.4678253345014873
3.16978500114,4.9904858985784015
3.29257891083,5.0436422065053765
3.15096225092,4.8346984951836642
3.05531307574,4.7627588913114725
3.20209297375,4.8991790406069518
3.02778426297,4.8139634120782455
3.21449531839,4.9427504594795071
3.1996877179,4.8861817888378498
3.63604769645,5.6418792191731413
3.53130093097,5.3852690279719253
3.38487992655,5.2231032867298355
3.85805518599,5.9041794683828277
3.6836185791,5.7406044789450972
3.29024468792,5.1243412812635096
2.9573948876,4.5475981909549645
3.364524571,5.1940509842111364
3.78922153371,5.7903537527826519
3.13954369467,4.7876365294859538
3.77891027976,5.86401771462406
2.96112735912,4.6043097376661715
3.31177496922,5.0950927022807369
3.25215096563,5.0056352255389172
3.22395405504,4.9841002414758053
2.58235760963,4.1219174036414481
2.70355992305,4.3196301419243017
3.080706961,4.8054601291460362
2.94659312451,4.6154501093560372
3.08983966048,4.8794831006917843
3.09642204808,4.9253294038208901
2.62203310332,4.1289246805811413
3.0113362682,4.7406358773028945
3.38365470732,5.2171218524308633
3.50821867048,5.407849849089275
3.39066427102,5.2603821967310749
2.92945892957,4.55421193327268
3.43390743173,5.3189714653194731
2.74922937791,4.2697598499253493
2.89063911883,4.4940624748187616
3.6749611111,5.6289333715978778
3.30145843523,5.0943866856087405
2.76115352544,4.3737648303219316
2.71721976388,4.2072679241048139
3.19085600795,5.0607265407398616
2.74914961361,4.344361905283324
3.3102586022,5.1389816059067401
3.72986179301,5.648841133747819
3.07222483492,4.8645390990505026
3.40973022118,5.2375166158240223
2.88975135898,4.4853306741778347
2.93331090797,4.5238254431903258
3.62239719761,5.4962601078734918
2.79901172422,4.3845460562110201
2.83225353412,4.4749657802847072
2.92005542761,4.5162363376127175
2.86085582908,4.4823255318632897
2.60230404372,4.1372065401049261
3.60926030266,5.5266605041128347
3.55633772742,5.5255895585416512
2.73732329157,4.344182397701851
3.55268690216,5.5403000299969181
3.5523976226,5.3860671315361772
3.55052664523,5.5224926306844422
2.55010491274,4.0093314304032397
2.97176052649,4.680976001992919
2.86315629381,4.5098099300522474
3.74727975885,5.8307774811350237
2.8949047717,4.5189074920247982
3.78124249718,5.8375808922574279
2.63015650885,4.1451174998470126
3.83064629832,5.8771813748506645
3.32785530456,5.2223913674320102
3.23546598028,5.0088377242690916
2.54478922595,4.0891069431808091
3.08113352655,4.7911547996221007
2.82500126432,4.4363976635043025
3.14457620243,4.9488473649591711
3.72692061466,5.7979669220986567
2.90386374322,4.5343812699854356
3.23256533643,4.9992246201805646
3.80975500698,5.8231863744053545
3.43266707555,5.3079582815815423
2.82042770279,4.4536239291972786
2.82787553268,4.4532585027208924
3.78998311794,5.8539439784313263
3.48595578172,5.3916253519084751
3.42421342836,5.4361048401611827
2.59809339488,4.1366120333362471
2.76914105517,4.2780001448618892
3.25488065979,5.1021511896394012
3.66277167431,5.7160860215778353
3.54390127076,5.4279334451105274
3.52408887197,5.4630327099886378
3.86215405152,5.985291612557111
3.5761647256,5.4435777024972287
3.40084119772,5.3078897111628933
2.65211260281,4.1325618827268285
2.84375105083,4.4913271823666614
3.44755493351,5.3509760113288678
3.23028068599,5.0518782858716831
3.01177598761,4.6478160316838819
2.79253806923,4.3687986242907861
3.53903183776,5.4553087942460143
3.13960181057,4.8765310306659213
3.6231035168,5.642986843745847
3.88785069605,5.9084111882693673
3.04682020094,4.8711066475154929
2.70629730985,4.2614616339685707
3.63677920078,5.6590447205324166
2.62168427642,4.1344135154976227
3.54995209514,5.4713400021110195
3.45291432178,5.4067024611465175
3.4109936038,5.3298401904907164
3.68724795022,5.7580758074754561
3.40840568591,5.3880582502136702
3.01806767096,4.8180278340394045
2.90892138832,4.4672507115554927
2.62278046349,4.141304347089469
2.80067739618,4.4978049886205653
2.66300842675,4.146326939244017
3.86453557105,5.9671361635812499
3.45125880883,5.2619177743028187
3.24241352071,5.0418167398019271
2.84378077475,4.4844499816371606
2.53998619604,4.1116316063794525
3.09299623077,4.778066093081792
2.96576678399,4.6475860665805806
2.92095126476,4.5292220186009935
2.55007113337,4.022920175746254
3.58875210673,5.5440600818993069
3.29971158352,5.1385554269234994
3.17472119961,4.8792805606115275
3.29496357245,5.0646820327302455
3.17900650918,4.9338535659098373
3.705312824,5.723571142149912
3.1545740114,4.8002318309692491
3.36350733045,5.2147164599268674
3.39015588404,5.2747805678319981
2.75694276453,4.3866984433854608
2.78390665331,4.4056974684157924
3.65001101135,5.6683338210482281
2.80341124982,4.396217968114823
3.69270344444,5.7399064268049447
3.10627735705,4.8671390486162629
3.06590449041,4.8085711183324635
3.03826489866,4.7536107483049888
3.73969496038,5.7470642252762181
3.58951528748,5.5674343450250303
3.0701842339,4.7413862411373904
3.47314280304,5.3877650003628554
3.70158282084,5.7904754256115707
3.62661346344,5.5355869057406624
3.18792921843,4.9283217699884982
2.89519265335,4.4799889916817284
2.79517932688,4.4688182346467311
3.38404115877,5.245983851779954
2.81751606826,4.4383308938628838
3.73674868754,5.8093152450979737
3.59293890434,5.5761501297750549
3.68439087834,5.6047979255581142
3.8324280121,5.9643055015959883
3.25489552967,5.1120797271005296
3.80008629171,5.8574955943071538
3.37234627166,5.2000155516834061
2.77395759329,4.4115115637362745
3.46964849521,5.4218200613536078
3.02165386767,4.7055132395740227
3.43006629655,5.2651637511503369
3.16132206602,4.9583696854721513
2.68871331957,4.2335468576946758
3.15585258957,4.9482601133598774
3.80224357599,5.8696561202070718
2.78532333714,4.3620635384865833
3.55267202725,5.5516195955918288
3.54887944075,5.4816060219397258
3.06665884834,4.8153109318237561
3.79715030831,5.9435542757519872
2.81738349993,4.4451164641757615
2.90940098491,4.5713528552352853
2.94615636275,4.5594919682755295
2.93536669948,4.659378401760514
3.31049307105,5.1709657540167804
2.90814109613,4.5594201953355666
3.30995855111,5.1317246350203423
2.96316524837,4.5870155334470706
3.6152321837,5.4986956512940592
2.75054784886,4.4315423971297081
2.72806627663,4.2614792724780495
3.00254820018,4.6466615494275958
3.49168731893,5.3520510549874816
2.92205218366,4.6658160376366098
3.18767597395,4.8792573211407202
3.37365274276,5.2185989314794696
3.05631588454,4.8043823130623347
2.7993365433,4.4800199108903378
2.783335361,4.4180794193482447
2.57589848033,4.0987263166977437
2.59112066334,4.059713096899026
3.13032515206,4.8875147090236055
2.56068672549,4.071182752900314
3.81366538488,5.9179224118153577
3.1725492455,4.8793743618105738
3.36405748472,5.1794357026947031
2.79628482089,4.4411385766092746
3.73181546654,5.8152984460495869
2.64351889406,4.1548077172438784
2.85586940812,4.4569087922358062
2.91974911973,4.5852064615637067
3.69633211338,5.6028469313069218
3.28171697196,5.1640196416115742
3.81754434682,5.8288617945248218
2.99089833367,4.7082799074736617
3.57498295214,5.381674377781116
3.43844292146,5.3364955937310423
2.55891448186,3.9527587062051324
3.64781727368,5.5617057758137642
2.96786128034,4.650894545177672
3.69100097722,5.6116672545944226
3.56298397371,5.5172570206132212
2.79678228348,4.3889035073653817
3.75410905058,5.7416467968895999
2.98719597146,4.7401736612039764
3.04530410785,4.7708843352460493
2.64728605539,4.2530682653354113
2.86457505531,4.5180111566197878
2.59126746134,3.9925682524010631
2.85006044245,4.4352299632697276
2.68661174037,4.2414527171902296
2.86315385634,4.5119653899412118
3.07493261124,4.6912384099462425
3.74020054396,5.6982919153326392
3.05668816374,4.757254418650974
3.31651157546,5.043775490719681
2.72135359965,4.3229482794824454
3.15421024418,4.9528842370074413
3.06430458222,4.6653284791150886
3.77462055074,5.778172251642145
2.59790038115,4.1735265423696655
2.78988424937,4.3123071014291279
2.82475978536,4.4944250167836257
2.98702839057,4.5781579024411485
3.65435594548,5.7093698690511685
2.57094129696,4.1153567972708123
2.83994248303,4.5312966773038434
3.05423491311,4.6246445239321927
2.72921467374,4.2871152050111725
2.80031312408,4.4362665434619002
3.13833974804,4.8375871031993931
3.85056638892,5.8990705751145693
3.71092323232,5.7697482203593999
3.21732455926,4.959283579701145
3.00596892342,4.7893575262777004
2.68128742716,4.2175457011472384
3.63947526062,5.6515357149409402
3.50845006331,5.422914732368902
3.87674957268,6.1133840451079413
3.40771147869,5.2816342444209248
2.58744514684,4.0682534043830385
2.72525309425,4.2667073083656346
3.0000200312,4.7300562088196489
3.61900915482,5.5810561808899211
3.05506092658,4.8213480013218906
2.90519934592,4.560434487896039
2.91299642879,4.6242435966188529
2.54782748186,3.9737134135020522
3.67239589719,5.6950782599700123
3.86807448114,5.8886967328761255
2.79556796944,4.3882858457262426
3.22470485467,4.9785732096011639
2.77816530038,4.3464181706050073
2.66447192106,4.1810825928414017
3.82804894333,6.0430788508095228
3.75268158345,5.6522464649537127
2.69865892007,4.2814855428021064
3.31258537289,5.0645415384802286
3.55330358582,5.4782967935268188
3.45060517081,5.3595552273331686
3.32291411552,5.1493318281134233
3.65704753811,5.6148116068840439
2.6451308677,4.2695637598013274
2.86497431334,4.4240089943698377
3.56968267498,5.5631691721965444
3.25283607772,4.9923753207968655
3.21753326807,4.9821469381570482
3.52934574283,5.4381447185916274
2.76053307969,4.3121663133977819
2.71279989973,4.2883315405435516
3.83412157372,6.0041463871927165
2.79626159786,4.3091525563840642
3.72087998623,5.6819973740082883
2.5569749893,4.0012429698729344
3.78451838511,5.7644125952366387
3.31845633688,5.1521460569904818
3.64343591359,5.6024472583950642
3.88415438901,5.8996844884024782
2.6864258406,4.2947722033916493
2.76474176775,4.3818940282368084
3.54364919852,5.4776515992168928
2.58633249147,4.0792186208876116
3.60257270691,5.5441988658186547
3.54882644113,5.5392608862495507
2.67104195546,4.2354652040515361
2.91453294609,4.5915388287363026
3.82129021346,5.8534957236919851
3.4973240631,5.4474299504812933
2.95647966776,4.602349140582672
3.63250247297,5.5950166187844337
3.72180860997,5.7723457348160281
3.8745497951,5.9200872573291514
3.07653392316,4.8140907581988515
2.56408557279,4.0623880875310343
3.05878277596,4.7747901443054523
3.02274293276,4.6354372559802632
3.50415273412,5.4106545429581319
2.68082011212,4.1244009572533802
2.93859770077,4.5783304049296856
2.63861517126,4.1113846597200272
3.50771998507,5.4222789345943623
3.21779061486,4.9846960686493436
3.06560630865,4.8363582215472958
3.11900227158,4.7690539708034523
3.8354971097,5.8156584353358722
3.62139977911,5.5626542914016612
2.64565676186,4.2001438824550252
3.43148807566,5.284190443146719
3.11023579301,4.8109343712010286
3.64615680729,5.5920673949409245
3.32382818352,5.2016866493378418
3.67334342179,5.7504249298153045
3.27321659889,5.0067625486997835
3.19843426376,4.962905118840526
2.9131689093,4.4991134605453222
2.59983215018,4.1256370646106681
3.17668445652,4.9658017971155202
3.81661228092,5.900583420582163
2.77480392242,4.3776083339238321
2.68351110259,4.1670310476744694
3.52959351163,5.4118085838436496
2.73922821514,4.3269398206593994
2.64592161033,4.1639681479916204
2.75967673778,4.3208599183802514
3.7207361483,5.694236926977009
2.8368680817,4.4151558250012144
2.67806307369,4.1241945438949426
3.28333382755,4.9973128413741774
3.31046872577,5.1317029225507742
3.30076107478,5.1400384417442799
2.93869626374,4.6182332462143938
3.04380934358,4.7235006993245285
3.54455446695,5.426649142118932
2.76675930326,4.2954070751219255
3.77751054884,5.8468212806575446
3.6305164541,5.5958953254020631
3.22094290887,4.9960839636701486
2.83324898188,4.5155599859734004
3.76482831956,5.8822754982136241
3.70498428671,5.7000641814607009
2.88169996863,4.5494804455250835
3.35306186767,5.1638084472583037
3.81447380357,5.8992863360818077
3.23992938599,5.0825257132454915
3.75460503065,5.7566860917104741
2.77519708469,4.3357654442498941
2.83809859964,4.467429452344394
3.7138704517,5.6446958761585071
2.74310491346,4.3080666180262615
2.60533823372,4.2015506661053701
3.47549108146,5.3955368481372172
3.03641141771,4.7433390604374548
3.74884496937,5.695955546262919
3.5810283638,5.5142525914507665
3.34804106291,5.152802358000157
3.57367467987,5.3981016640762016
3.78903525231,5.834143997181398
2.99340762564,4.7225142667787878
2.8868511354,4.4856882804353999
3.47369775201,5.3934984980147949
3.47811462088,5.3964019269994585
2.92464985326,4.5124642026202606
2.75127074985,4.3315458492491974
3.84540974317,5.82918216475609
2.71199331243,4.2254800373081487
3.42007265074,5.3109241813515231
3.50841929245,5.4717471539250013
3.86042276379,5.9103535832601377
3.80600840011,5.8535589086535555
3.32573749895,5.277676210017427
3.35215755293,5.2442753054144706
3.30282291634,5.0219781418287788
2.99703296942,4.6427535999033465
2.82987612059,4.4295565577077021
2.96890406095,4.7010454774357324
2.78467237282,4.3482141428761381
3.27800866097,5.1659331250727654
3.90435260591,5.9324229097866903
3.54713123711,5.5451924195601903
2.6809680723,4.2194210039195346
3.65805116159,5.7603690627591
3.52553399514,5.3523951594312997
3.05553755398,4.7956396770399836
2.78177927114,4.333531282139524
3.68417620785,5.6491479471713184
2.68149947358,4.2154264711727887
3.6615485013,5.7147474197533681
3.11395741484,4.9705290123828059
3.14315506798,4.8789791898734007
2.85052525505,4.4327709655197083
3.30950249906,5.1612053510992428
3.0254300334,4.7101879777650444
3.87270806758,5.9814982725501169
2.7294603079,4.2989023927176726
2.95298443075,4.6228976049580748
2.75079153413,4.3882836658957256
3.0923250963,4.7747909046201347
3.01030879218,4.6627644455856965
3.28626525391,5.0588036117651383
3.2623658768,5.1645056888657832
2.5274472933,4.0661632103039134
2.95965876778,4.5948710769291443
3.09377628199,4.8524309032655628
3.00510409567,4.6092750585581381
3.43309163099,5.3118875323561774
2.93001950921,4.6056970654712828
3.23488661811,5.0483608021323843
3.31538214212,5.1246587377674819
3.75105384293,5.863766030782652
3.87029502604,5.9882893823049823
3.44637141395,5.3784797872651096
2.84552515269,4.4484682420486052
3.51743858341,5.3667584431541213
3.07695930641,4.7405886346982093
3.73115882032,5.7090351722342598
2.67591422914,4.2718893688539952
3.46138366293,5.340932372136094
2.90846071664,4.5077576989058281
3.74235782799,5.7515829977089474
2.96891345844,4.6233484903602298
3.23121205867,4.9588003681021613
2.55916366055,4.1526965835910712
3.75892819743,5.7491824702759526
2.89036790618,4.5863954430162428
2.77596000119,4.3636717472785183
3.78928662782,5.7972305397379023
3.2930240268,5.2501997594994849
3.10122899973,4.8904537546228903
3.03835567287,4.8116326213989247
2.79819780092,4.3647307478589275
3.30499170041,5.1344860716024607
2.70601372175,4.2507544538781099
3.77361418654,5.7895264693376101
2.9397146525,4.6412189807212316
3.46282500817,5.4464874922106317
3.55118045238,5.4319545634108302
3.50105057675,5.4777371214005184
3.04032300848,4.6619047011554064
2.65963136955,4.2455525066511468
3.01380475611,4.7023945019833118
3.37908797052,5.2328524793003437
2.58214668097,4.119935280679055
3.2517853352,5.0140131661809493
2.93399248083,4.5718606163813025
2.8400615182,4.4836204772765633
3.73973112287,5.6907833146391056
3.04616830553,4.7119434711172969
2.74881969607,4.2660072764606554
3.44553433315,5.2735040742901251
3.4664617389,5.3853462544663406
2.88081957516,4.5043972036541318
2.67490539842,4.1450549084672161
3.78931663593,5.886890701611085
2.86132241706,4.4910063604153736
3.10343627159,4.8529033230516445
2.57697740952,4.1129467738047998
2.96671120458,4.5640540698680496
3.49904104392,5.3635295127294871
2.63257755068,4.1367889738697432
3.05357358424,4.7357187008644956
3.16600613934,4.9571989871381117
2.9061573185,4.4726719552151835
3.76771652389,5.830281857857293
3.28109046608,5.0458770642108091
3.79289223407,5.7405575302294682
3.35859085129,5.1781065688386718
3.56233484038,5.4912372743253073
2.54676923491,4.0704464351730296
2.64591835866,4.1412362019809095
3.23019030074,5.0345007214733632
3.05505092621,4.6488841420073079
3.00640070296,4.6454970474504425
3.47082417091,5.3469848304895198
2.88076618442,4.5015918198787954
2.83436112036,4.4005701502777574
2.99086099089,4.6789727433400934
3.83100343333,5.8271252702320266
3.68211443457,5.6120834475301482
3.75296414085,5.8526829329643748
3.21260435645,4.9768599551647963
3.67017143553,5.668444714348972
3.72798251085,5.6628542605729457
3.06826607033,4.8099486548067407
2.96660905809,4.6906496530032538
2.56120200341,4.0878724762353205
2.84812297876,4.4342308413820932
3.41363667547,5.3397300842528601
2.58736228573,4.1393301840438337
3.36265422267,5.1942651719717423
3.27232167445,5.1188388259403084
3.8302772234,5.9033094508953736
2.80766054165,4.3807855997305376
2.82918930236,4.4599801699625399
2.58362473632,4.1324082328265481
2.90408661849,4.5434616472007452
3.75494939148,5.9014063130438688
2.76859939756,4.324556207837821
3.37123837615,5.1552794302235414
2.76869662199,4.3328558980609886
2.65752817957,4.1199061417625762
3.57575497895,5.4583672896423785
3.73607338509,5.7061707895128269
3.86172885263,5.8667605664564295
2.73768368802,4.3017595999088574
2.6356882285,4.1635577383461673
3.85667535954,6.0573620425193653
3.79369538638,5.8933427282586264
3.74128512093,5.7287907005599603
2.81633319789,4.4437145469888453
3.68795208106,5.7179886079244886
2.77053105161,4.3424419902746045
2.71535743156,4.2845263157448557
3.88920802487,6.0062651769865383
3.19507509842,4.9535024132571204
2.54421649294,4.0500002830716992
2.81566266497,4.3221369208820057
3.81573975673,5.7501018331652993
3.44264631282,5.3389460617961557
3.38508132365,5.2854149862028903
2.88580686346,4.5882590239146008
2.64718950761,4.1561273584908971
3.82632014361,5.9196876438787598
3.29860690311,5.0514939357213544
2.62477497172,4.1682943217749342
3.14259875523,4.9294426259393296
3.41783043432,5.3214236868372113
3.84872314391,5.9680966412449026
3.43745684807,5.3616863870609714
3.59092403263,5.520867686818689
3.83806936791,5.8393130501788111
3.37475987127,5.1383331462529078
2.829213857,4.3924432597366332
3.37682344925,5.2247766964810536
3.51786085054,5.3577756919352719
3.89080645925,6.0708717359729514
2.7443193545,4.3122413646220119
3.58736267339,5.5001585684354115
3.14178017385,4.9688875860809381
3.50353556858,5.3774877901948601
3.00661637819,4.669719162999562
3.09244412494,4.8552888580540996
3.67924509256,5.683523246092939
3.77224094331,5.8151139007804629
3.17353027097,4.9420940745563948
2.67295022441,4.1901564079131717
2.78611014184,4.3646927643239586
3.4946374093,5.415319441430885
2.97191549502,4.6731171516959957
2.69193523137,4.2178690488013837
3.35343018053,5.2179254936338593
2.85911064375,4.4893134904338154
3.23013003838,5.0419020751668464
3.53374529536,5.4539493612904293
2.65401043229,4.1873011883390712
2.97352415639,4.6025554429149338
3.32044465411,5.1479140608807938
3.1815515896,4.9401399839336131
3.78775878151,5.7170749005764936
3.56271741384,5.5451809738348441
2.68702254296,4.2661888476382677
2.67082695504,4.2333936843801094
2.82619854621,4.3935891339254836
3.48609383283,5.4059148395180863
3.77997530978,5.6269355706115132
2.86859396914,4.495778733904741
3.56364011961,5.5591892819956206
2.88341085813,4.4760637421987095
3.28415227888,5.0841787082267791
2.59001028264,3.9740172795112674
2.60139187345,4.0793995571232369
2.89567792451,4.4989141658711569
3.47701734617,5.4145978420269847
3.87584198328,6.0170136941968497
2.69948981798,4.2639227498883105
3.58128619561,5.6325115881173424
3.47039527672,5.4624576376319567
3.89701372508,5.9771743606959795
3.2136637308,5.0495089482475946
3.095721382,4.8275866455750638
3.64690033991,5.5718776136035677
2.67777895924,4.2000815446527282
3.53950292457,5.4956265680622645
3.47809783711,5.338778923842062
3.31401189575,5.1683279845560612
3.38001183371,5.2644837176784671
3.31894415077,5.1751119423096998
3.23559329509,5.0096595834935629
3.20603528123,5.0084773979579449
3.51862358302,5.455174861451721
3.88298563475,6.1054637520435859
3.04137517238,4.8257890664855632
3.04094841075,4.7310555734522692
3.84889120917,5.8148492804322638
3.06326067484,4.7656192770490353
3.06599950386,4.7982175224310888
3.17691830084,5.011240212723993
3.36400591156,5.1724857321638602
3.28388956415,5.1387316627022281
2.53891663175,4.0754089140864957
3.31315594774,5.1407495923979658
3.83884238379,5.9201881336410631
3.81120240435,5.8780973815006075
3.66694789253,5.680883490741846
2.75645596087,4.3120111477442551
3.38803329297,5.2784759711444416
3.04398466833,4.741545509513962
3.09835797436,4.7861068581894504
3.4487851041,5.4010373594020997
3.72057415641,5.7380143540405344
3.24300119905,5.0089367478854214
3.46826287319,5.3750048067617175
2.96567479126,4.702531533847063
2.6061972747,4.1367874779492473
3.68494334915,5.673795110105301
3.85596341704,5.8211373086185842
2.99049905752,4.6929767354130583
3.51102218506,5.3973028089935484
2.65314451991,4.2384726392721594
3.18553618746,4.9753848578727711
3.13558205886,4.8666320032213006
2.74164257134,4.2796469137863706
3.79605256488,5.8231964934711398
3.36003068008,5.1775073226722226
2.77728849588,4.3448244288990496
2.91069436604,4.5437263325774992
3.35383688547,5.2988982157174211
3.6787387413,5.6007203612086309
2.64589863606,4.1738613904794173
3.47260250999,5.4071779486674236
2.91258460473,4.6037094296459147
2.85572509034,4.4703845256602088
3.55789219845,5.4897466369019554
2.62775543466,4.1468526518789721
2.97554575563,4.6155801125809335
2.74837597015,4.3771009414120394
2.95450806426,4.5841731346943702
3.48569043048,5.3436936127164962
3.0382730026,4.6720674247847951
3.25857631976,5.0970551926875034
3.80552255028,5.9118108227313977
3.05944714334,4.7413727604197655
3.26118928125,5.0484819335251956
3.23584180206,4.998933366599422
3.87746185968,5.9445725776805851
3.73872632888,5.7806072777569355
3.82798833511,5.8754926326246117
3.75040383762,5.8396916282301294
3.14474221919,4.8195903774889093
3.04094581762,4.8125627634076453
3.26280213014,5.0406930256862585
3.08587495755,4.8131203390414052
3.22928155969,4.9378795590635134
3.66593428307,5.5476032687140728
3.34691833159,5.1917902735306223
3.62465422971,5.5145824063635072
2.87635303409,4.473700831648455
3.71303322496,5.745841242057427
2.6242510712,4.1390740307506269
3.84551670776,5.9140279395796016
3.30946484788,5.1593188921409885
3.59697851522,5.5607638729532818
3.55773138189,5.6369950588747848
3.41546643318,5.2986224725066071
3.74749746548,5.9149639159727299
2.71956747361,4.2815705173394436
2.74270476854,4.2703345371359127
3.47969749586,5.2610461250613865
3.30862966567,5.1207988533568534
3.67122709028,5.6477904782455735
3.86020556192,5.8934030475092865
3.81870610191,5.8495744164936561
2.94682476272,4.6281957765992452
3.42037763637,5.3067516154108549
3.49425676971,5.4074182312257495
3.71493183909,5.6657621306080515
3.1778435935,4.8927634139259473
3.77530049753,5.8143656549256715
3.55495862219,5.5543492793584619
3.31836761174,5.144068469849489
3.15412521939,4.8712565559178858
3.35459095171,5.1424117945328707
2.68934562504,4.2540094520422587
2.95819661566,4.6992226088688671
3.47437748668,5.3507975551157037
3.86719281915,5.8778230379675325
2.86919602786,4.4828923389520643
3.25949029491,5.0773246473701477
3.43098561483,5.2536976563019904
3.33974827798,5.1511758676541879
3.74740223338,5.6990736628054792
3.17457757758,4.8598447236845086
2.76097778557,4.3762828049281666
3.89555926972,5.952892677804793
2.90247955425,4.5362413659802989
2.70570525061,4.2852078382611456
2.70824785203,4.3638930136802587
3.03592939597,4.6754016336788329
3.46159701247,5.3397794821932481
3.35430472602,5.2383722161102293
2.87393757405,4.4040296445419935
2.72083552138,4.2480183938814173
2.61569575747,4.1231448359056815
3.30984498765,5.153487911769691
2.61268222852,4.07513821394231
2.66692894092,4.1938118386825574
2.73035964779,4.3530342669060431
3.25069549522,5.0950356769421115
3.00311195644,4.6922533685155532
3.08210999681,4.8006402813594766
3.87361318072,5.9426586791012692
3.62634710492,5.646980837291788
3.84830486341,5.9642777712110471
3.50312807709,5.4593754888083028
3.51889093544,5.4516080972002392
3.89230704654,6.0573546999881307
3.12111243717,4.8091263696735327
3.87341651836,6.0089069818273089
3.31943004211,5.0890473059211994
3.40009444951,5.2715787233189166
3.68259411449,5.6794838481126835
2.85916487549,4.4895567135865138
3.45654408792,5.3545302698171122
3.27055752668,4.9866068808249207
2.81391554356,4.4743364880746519
3.48974810137,5.4042278604526146
2.70072888986,4.2254564818699931
3.05993115255,4.8084446985789011
2.59540704977,4.1810650693938554
2.82488302751,4.5091918386751599
2.5827239245,4.1113194594782634
3.46528922817,5.416119605086843
2.91410080095,4.4824589249874114
3.37112738724,5.2278460321126801
3.21265250072,5.0289345475975438
3.56443236513,5.4170644934065928
3.35632531143,5.1893256994211292
3.89021374959,6.0328855590640194
2.96469889707,4.7087453987917716
3.6678390341,5.7425367907704619
3.37653183623,5.1762358573628022
2.9279162933,4.6445929934740402
3.7903894572,5.8435605078885082
3.89387863183,5.9673624097703737
2.92212301202,4.5109192395960678
3.42494665625,5.3907343213642864
3.49718279357,5.3637613261591417
3.17406680741,5.0074613467990208
3.60957171677,5.6842547307699149
3.35852489545,5.2204206829537618
3.59882139543,5.5988874269268907
3.37258273856,5.2994329898404047
2.71750499876,4.2374846834030979
3.64930964856,5.5533981095021909
3.8561328011,6.0227345328794586
3.74023198374,5.7362298443477178
3.34936226575,5.1987839041281196
3.23877362856,5.0286886846369763
3.04929114561,4.7941162973544893
3.5038630046,5.3946655947603128
3.08617587055,4.8818117641562448
2.61644951752,4.1383652564100624
3.22988988361,4.9499642925144318
3.42049530274,5.3193561232051056
3.88562053265,6.02359786604611
3.54436515065,5.4889070855730075
3.31982545829,5.1225375019557466
3.26696534209,5.0231381940806274
2.5951678765,4.0870034365055146
3.51645824005,5.3813458392679987
3.56746288736,5.5567695903256729
3.48231001617,5.424150385069499
2.89551607692,4.5089164176221184
2.61041901114,4.0600321573313707
3.12785970184,4.8546877291573862
2.87444329359,4.455854035838045
3.55378196112,5.5149135693436255
2.78866815409,4.3608142142626551
3.18457799815,4.8126365982166739
3.82272293114,5.9371726534813449
3.16049336612,4.8978261592847083
3.01455503366,4.736973414758114
2.60155440807,4.0834789528571234
3.32289200076,5.0008187777399158
3.23316221531,4.9661926571096675
3.26037946351,4.9969449040221017
3.07596175659,4.7666696984907171
2.57478762029,4.1072648947972619
3.86422057969,5.9424953897622848
3.63477161097,5.6160495703965863
2.82598585369,4.3773769977379819
3.15345281408,4.9221986990807496
3.27981019571,5.0838792077192254
3.00769651084,4.6785706084496113
3.46168440961,5.3656138296749587
3.47127733246,5.3250246543077333
3.08000213172,4.7580108938297281
3.57785689303,5.5301579517385671
3.82420515386,5.9341620118280431
3.47075595041,5.3217792551016387
3.41732293911,5.2341988381602054
3.04364868836,4.7087417170018133
2.87222344219,4.4306461324283148
2.55372191558,3.9963226534972978
3.24438533505,5.1531038075954569
2.70528341093,4.2517545503321248
2.84146388909,4.3886348921632212
3.2134132607,5.0107316012190894
2.58257233902,4.1166661548862846
2.9393114012,4.643744934207918
3.83008094616,5.9524790607661933
3.85071393608,5.8978795599358111
3.35667301716,5.1388268111694968
2.85707401214,4.506898232464251
3.60748157639,5.6552829797754383
3.00572285861,4.7074913461045806
2.55841476749,4.0687088500673099
3.08315807868,4.7942617719052638
2.89203839729,4.5275864346941326
3.69007550752,5.6286595441642806
3.45234300305,5.3665293579008493
3.30351091757,5.1390635878311928
3.86101523685,5.9509477468486622
3.53464496626,5.4654244305932984
3.1229824372,4.8196566672495971
2.56144282982,4.0501969717847244
2.97395563739,4.6899360227349813
3.20767461341,5.0040793144279592
3.86798741879,5.9489527774971664
2.97835651484,4.6495935500305068
2.75094722025,4.298292659675802
3.6709890706,5.6765327380862942
3.52910533518,5.4494115184797236
3.34463888716,5.1737681786759797
2.86000086415,4.4591276199422589
2.80049148199,4.4078765973986327
2.92315372615,4.5633136736190574
3.53665019152,5.5108375276154851
3.35343952366,5.1430843629003817
3.60391772668,5.4671779195462662
3.04964543331,4.7170003532781299
3.48419487401,5.4603414735080626
3.24053524878,5.0239952543702273
2.6532813215,4.18909822542195
3.74812078434,5.7106950774484373
3.87875101329,6.0475983874823402
3.39583662743,5.2970380455166852
3.56676661436,5.5026940597859317
3.77277641941,5.6930066256970413
3.26354785441,5.0474792043956045
2.85279159787,4.5104830788533574
3.20743156711,4.9493401278251934
3.07525306384,4.7829039791442689
3.81376972761,5.854182081989376
3.27250141487,5.0560983875980066
2.70201734589,4.2404276489831618
3.25797703245,4.997155913572664
2.5798149066,4.0243090042958087
3.5465073001,5.5141728323797858
2.89129108128,4.5392786023396097
2.58242177815,4.128910725907085
3.37353710343,5.2612162221822381
3.31186657307,5.1294858297921389
3.57755156053,5.4999975278462276
3.87430052585,5.923857258268864
2.94962153548,4.6574583623659347
3.17968888765,4.9260108775612919
3.70915587774,5.813097885233157
3.18908806361,4.9899406284632004
2.70073225046,4.2508854592701724
3.46764418516,5.3287564957703895
3.59020281491,5.5729878356475417
3.56086820914,5.4823444429822876
2.53580906744,4.0039150662562477
3.6120066347,5.5652267453755204
2.89085118742,4.4656426837348286
3.20967242039,4.9500003290805514
3.23594439554,5.0547944382603811
3.72582123563,5.870948947315477
3.50228795288,5.4765635341197978
3.40062982995,5.1890391316045923
3.11973962501,4.8435502660552778
3.53194675197,5.492351338598878
2.70684972368,4.2481508053083097
2.56342964859,4.032943313936209
2.90567126286,4.5217670356182786
2.83827001143,4.4957327797537276
3.17252184913,4.9366192017938726
2.58975809059,4.0684444556692272
2.69519321126,4.2154338225682313
2.63087942261,4.1207767861420495
2.75578356935,4.4225152286509095
3.03246860098,4.7737694261791486
2.94156150052,4.574474341482202
2.59908758322,4.1043003686615886
2.73740933432,4.3239142268765054
2.74841586301,4.2970798249672253
2.99387947217,4.6526647708027884
2.93196581266,4.5873885071479057
2.85839407345,4.3895857059362999
2.93526374101,4.6164587545190905
3.56732350458,5.4101381477980679
2.72205932061,4.3276849364174135
2.71710057244,4.2479686737341886
2.63179675766,4.1553564748049618
2.64571930229,4.295238469031716
3.88427315813,5.8867309410286213
3.50809350373,5.4060770921971431
3.80179243293,5.7589583585040662
2.65228854088,4.1749452250473498
2.6553613232,4.187025155730419
2.82183184,4.4558584213430086
2.59030153291,4.0742690877236729
2.71755291996,4.2378598360658
3.89037617384,5.8867422863009473
3.58022673311,5.4234963517838537
3.59350519898,5.474446792016824
3.83651618339,5.9760353974742628
3.10969651677,4.7586772669128203
3.23046339469,4.9409381203773028
3.59336307338,5.5754760245362363
3.77396799479,5.8577320282883374
3.31725310428,5.0979991050117093
3.79694333765,5.9146435317310262
2.95348680145,4.5583874264657762
2.64119974088,4.1844213388822311
2.82781287752,4.4285999948951646
2.97483730054,4.5499419010400874
2.72398343313,4.2704003533916302
3.8067567814,5.8698556545994807
2.52328784977,4.0300587610807828
3.00190959691,4.6711486298773837
2.56347087098,4.1037573109456238
3.3514286238,5.1867060168798682
3.65406228793,5.5597762937303647
3.05300600884,4.7252335542490655
2.70572598716,4.3008179279606296
3.54550501006,5.5027062333538908
2.97248759603,4.6457772682586009
3.90444957004,5.9997163525553798
2.57875049719,4.0407939203021659
3.69434416858,5.711659281325721
2.95043892844,4.6471158910082675
3.89325697791,6.0034847130610114
2.80891735439,4.4238133044675907
2.76770877559,4.4240005931581177
3.72365205758,5.7268476866740023
3.33531400288,5.1669912973811014
3.5465267527,5.4755536437162542
3.35056524132,5.1776186171395215
3.00123178759,4.7207286902874737
3.72827967566,5.812758634775065
3.76677584372,5.8011194397801527
3.71644437892,5.6715072873110737
3.4989636075,5.3549406980328413
3.69990252849,5.685538729122487
3.30859266294,5.1895391925169418
3.79197281599,5.8482970412416977
2.7755174006,4.5001064662372627
2.66167484131,4.1625127824086805
3.33446906241,5.2091889046331392
2.5694695809,4.0078285582217248
3.26868482197,5.0908718506827988
3.12079779464,4.8589889429042916
2.69187610484,4.1825026379692867
2.72512158109,4.2519173038311902
2.82405620712,4.3897486336443086
3.55205191882,5.5461132168116967
2.94957326922,4.5626787826990691
2.92458048728,4.556091899542916
2.90751009188,4.5479714648257374
3.08084061203,4.7947949574842124
2.96483374143,4.64332428178085
3.69992682748,5.633316206890683
3.67268914659,5.6840812285486821
3.1535601068,4.9334802169886967
2.81783803829,4.4399288449161434
2.73271823278,4.2108866884116338
3.10661834286,4.8764426436564063
2.82446993295,4.4088041774830042
3.73249236686,5.7856915652336269
3.51690262136,5.3798815517645631
2.98213078059,4.6934061719032707
2.60824081579,4.0982824878961672
3.21082241075,5.0586461563073133
3.86669621461,5.9641584592528591
3.75086422596,5.8530061275492606
2.69075273666,4.314269005378069
3.58386660707,5.4812503899859149
3.86264637997,5.8621849736699607
3.66516139507,5.5963328125938006
2.67405669694,4.1703212263287872
3.38455383873,5.2059705582981515
3.51414638681,5.5055433041365642
2.76891094835,4.3719112166366427
3.12282135126,4.8566473672349924
3.38702630902,5.2848543639816796
3.39952531293,5.2868411740875585
2.69570144064,4.2346474877158986
3.51050024893,5.4564471244864539
3.8210417287,5.8341095863808876
3.20963258615,4.9551706596474849
2.80285529358,4.3940929306602543
3.34920692326,5.1941762883721445
2.8283663534,4.4363360459258718
3.73456843586,5.7733359042898424
2.62420857567,4.1716710018813563
3.64236311595,5.6069057169768834
3.52084725297,5.4533867299743539
3.25640905486,5.0621215739463432
2.83467180008,4.4261643644234292
3.70755980621,5.7930490260573739
2.70976676227,4.2474190096241751
3.82899930716,5.7970478107898105
2.63396881397,4.1369613752124641
3.76776586656,5.8195852425615691
3.53677586055,5.5063814381024194
3.16654546176,4.9325802050513916
2.52362834865,3.9610666112294965
2.83840360237,4.4214778917502633
2.96341342403,4.6378173323853948
3.46024143339,5.236034807309478
2.87070949507,4.4200325929967192
3.51646792001,5.3989012532864384
3.50289240732,5.3296915551891635
2.86605706011,4.4855158790057512
2.68885235692,4.2111060208604529
2.75552418146,4.3511508035308504
2.74642231612,4.2831304105723147
3.787783729,5.9010406218215934
2.77100234292,4.3381697297974249
2.87016354871,4.56591688387749
2.60203794865,4.1303680353401022
3.04885127694,4.7817699497440298
