k,omega
2.53822535571,4.031352091725001
3.20127405217,4.8792943690760833
3.37704099721,5.2025675580127553
3.53337625647,5.3601913172167723
3.83431551793,5.8481743625975158
2.84834192396,4.4533034037017618
3.8766664515,5.9530532231217661
3.87368676191,6.0374511782942228
3.40569824916,5.3513691768096159
3.72816888359,5.608891366228586
2.6522568596,4.1673228493650791
3.65707054892,5.6819894464145095
3.30559199147,5.1823093748426512
3.20778862729,5.0320636179351013
3.67072456393,5.6127173552290692
2.7146155127,4.279184509876699
3.04604695153,4.7541756442658425
2.83018235538,4.5164418582826888
3.35416952203,5.1542427955072396
3.04723911787,4.6841954884491628
3.85294038411,5.9660640424157769
2.59714695079,4.1499619221139294
3.38666592455,5.2865453526095534
2.66322965563,4.2467638500464036
2.97784791327,4.7340941145171733
3.65890817535,5.770082807780617
2.69671856746,4.2988410176799654
3.33594707289,5.1176828374936543
3.65412152591,5.6937485461887842
3.45761774907,5.3866194563725562
3.74679159096,5.7233617327539559
3.16480477759,4.9734629002864361
3.0407182245,4.7619540242160125
3.06218895504,4.8042182721379305
3.56691206599,5.5885528280180532
3.83812955754,6.0081443233763068
3.83373085851,5.8235196944618259
2.82376470865,4.4678075607450465
3.74795682719,5.7897310085423355
3.35302803916,5.1849813758573529
2.59287699941,4.0841650859070304
3.16404723622,4.956215560401553
2.52581372429,4.0604865960668981
3.62794717851,5.5702390099772447
3.57211802121,5.5298753158236993
3.84259040767,5.9296312115610066
3.32512604978,5.1695052712410199
3.58603438631,5.4713522129919587
3.24531767697,5.1326102346607216
3.30532694317,5.0575368587394101
2.58696733276,4.0879378977324698
3.05918980641,4.6909628925399289
2.82821984427,4.3955490589293538
2.61554274188,4.0958428475723094
2.67963834434,4.2930771878546956
2.58862676947,4.097283873093267
3.88720985861,5.8679965951729045
3.06476584739,4.7519873056152129
2.94634298743,4.6159254609847915
3.03247825955,4.7720218883693688
3.22923443278,4.8931027909446669
3.2204595882,5.0273140257934736
3.00720797165,4.7133624314807943
3.31070716026,5.1838279387954547
2.91347838872,4.6039231388900195
3.55977693518,5.3989614696885804
3.48972840039,5.4660808190147181
2.56999358679,4.118086948096904
3.51134165613,5.4359030508606736
3.18805340222,4.9698967250962918
3.62064118292,5.6053533522951335
3.56068777982,5.580038724792745
3.62700929325,5.5549956386823371
3.3657918857,5.2006971319862307
2.96307041798,4.5986077805774359
3.51871051817,5.5678187663103182
3.09469957216,4.8008136698859607
3.67042370176,5.7412169716332793
3.23291851346,4.9823009678225576
3.04463423725,4.7175866272824356
2.52642666656,4.0435339791219054
2.80019016951,4.4094333432588879
3.1075439313,4.8611122615302644
3.14299631843,4.8375678824108803
3.22906410803,5.016243434417591
2.93223034572,4.6647401861497997
3.45811138786,5.2886932666929001
3.41127894015,5.4026936736409708
3.16787087067,4.936533570981787
3.77493365732,5.8752888699594497
3.49878516858,5.3862531509433413
3.68065086055,5.6290541464089854
3.73982994408,5.7051238225268719
3.52794342119,5.5677875307807838
3.83361546991,5.9257225152467763
2.68329209267,4.2343338594956483
3.65663959444,5.6000650416540525
3.75348399935,5.792796004479321
2.81596844568,4.4039080251313081
3.77972140148,5.8735577763041782
2.84540207665,4.3963357658864251
2.90953369001,4.5823850020973218
3.60559368859,5.4567096940938171
2.80880510553,4.4222217188792605
3.56428089129,5.5661517931993592
3.31286478883,5.0949981969870262
2.79590055919,4.3973567484121698
3.54654321036,5.5213836084136512
3.46864827727,5.4442752769913323
3.30116904483,5.163775738624035
2.58910917535,4.1557741296699922
3.89057622057,5.9595841589301104
3.57654141017,5.5334629074752275
3.23289155806,5.0157260753774109
3.00748278014,4.6471601584260398
3.51929923464,5.4423107692089072
2.94014413072,4.5767040676425284
2.6892531099,4.2791013101071433
2.74459117361,4.3030380133232891
2.52475816826,4.0650864399629478
3.36266208831,5.2483247516122065
3.58402446966,5.5508360650787232
2.9090780355,4.5372030545269668
2.95750711867,4.6875231558551427
3.37537769907,5.3149314203278175
3.23102434482,5.1349978086984764
2.68968955772,4.2452708626207647
3.80139392043,5.9429025563260982
3.17616626628,4.9932629047042996
2.82437732,4.4702115515787337
2.94075732063,4.6887686359460821
3.6136939479,5.5825279019878433
2.72773470291,4.2907754773734998
3.64833687135,5.5293581592057111
2.96795279722,4.6443682275985578
3.57850554909,5.5075978718357543
2.84440555724,4.4568375279525831
3.42807317516,5.371739926265537
2.71908451024,4.3058111495664164
2.6787667236,4.2488092048161485
3.74756339685,5.8489585733121769
3.550376625,5.4956121068860808
3.03952711561,4.7277469433051609
3.73214409907,5.7733971777385102
3.27222342483,5.053725230243769
2.63728313503,4.1630704189621479
3.84728453457,5.9158418598347309
2.85315510455,4.479079063646167
3.15288722925,4.9208859513385024
2.91866286771,4.6630431356396622
2.93444794688,4.6243465693177974
2.63583840939,4.203803190044674
3.12336955813,4.8096796386563936
2.70701304661,4.2667645569702728
3.84829760405,5.9568321121476577
2.59581883753,4.0735679918493961
3.79776509268,5.847821265236572
2.83243112883,4.4377942895465967
3.70380842635,5.7093175315736939
3.1675510464,4.9706091865779047
3.43061610326,5.3899159137239536
3.01025121985,4.7271072034613146
3.74764706784,5.7593333856623872
2.61783646244,4.1130929791153381
3.79808680034,5.8568235817822032
2.97320197495,4.7305250869969591
2.54277634097,4.0326864951984787
3.71754321144,5.7502015158101898
3.7709371136,5.9340511151660866
3.72091783421,5.685435244302445
3.45455974829,5.3413541965758231
2.99817378799,4.6498797666993603
3.15541709394,4.946324655231229
3.07561181326,4.7280727125530868
2.82600724784,4.4557037470012313
3.26827841157,5.0926839922605849
2.92310538392,4.6123244772314145
3.87368818381,5.948255321927185
3.50644754895,5.4538738064898373
3.89304767223,5.9747329337359414
3.18298799539,4.978843831205622
3.00386131761,4.6467808676692837
2.90951703783,4.5982277596972585
3.68379783686,5.7355282645702852
3.85046144526,5.9049731271533625
3.64843241272,5.6717901397189925
3.15193202884,4.9913237836951412
3.38373667725,5.1887095404739076
2.91946953373,4.595600193976602
3.58723850724,5.5642591567621968
2.9760144076,4.6914054164398564
3.61669154438,5.6528111583670491
3.73286840885,5.804825192912868
3.16828539537,5.0126938488317627
2.97054834387,4.6118625180485147
2.87990868023,4.4151585373908979
2.57452255652,4.0967077597162209
3.32836571561,5.2433631908121097
3.5739856672,5.57047458795655
3.3840067623,5.2246199673156886
2.6062377813,4.1871278375542884
3.71807573453,5.7727733547400613
3.37506742754,5.1672606751624892
3.29882700647,5.1965465726951141
3.55168866644,5.5157102062394312
2.57112857408,4.1206257775917532
3.51458882003,5.4195237258047309
2.65321597569,4.2085535566206396
3.84755315047,5.936474384412822
3.2396479239,5.0484332474916753
2.86052944271,4.5007075702937902
3.88630462014,6.0550163204819558
2.92616947322,4.6550892229815464
3.4578884602,5.3778292536763228
2.82475002146,4.4449989033474697
3.01256192324,4.6644665058664749
2.98308066688,4.7215626471108472
3.55449329241,5.5740235853694724
3.14930753593,4.8792409311474536
3.1590903778,5.0121102631025112
2.5503262954,4.0901213380328576
3.29189024153,5.0241002973697908
3.18174893998,4.9930032604894823
3.35797531402,5.3202379031271443
3.11126064328,4.898698411962692
3.5964573697,5.4855976512287867
2.5138431932,3.99593386035871
3.00294316859,4.704209654450108
3.32102186126,5.111585118961445
2.63322156056,4.1654593992495927
3.01736087387,4.6520463418928202
3.89723814442,5.9592939031071381
2.63518667904,4.2351591108663467
2.75727950359,4.2982629400858396
2.52297279684,4.0282095984771287
3.39132040565,5.2346618145705488
3.68899327909,5.715249088379295
3.1514149573,4.9001765648680546
3.8712631491,6.0382168470021984
2.74661664731,4.3300378764844991
3.02636425418,4.7707725770963734
2.7475821672,4.3100971828628385
2.81020065663,4.3713801882336281
3.77579757031,5.7814093115585887
3.82287784699,5.9053452039005769
3.34073701116,5.2835635983249931
2.8010194807,4.3702794891390093
3.28821856611,5.1327664791106571
2.69280397733,4.2007553921687162
2.52393650749,3.9219361613905357
3.2060513877,5.0059990264663163
2.78329577843,4.3659410860088768
3.37438979923,5.3113221583648524
3.58102592725,5.5417844549544304
3.05325726665,4.7871178412197732
2.94401234116,4.6405297581969611
3.07369994509,4.8379534320905524
2.6675020026,4.2721672796044317
3.00384113803,4.7490812437404299
3.10468591805,4.8120270941241055
3.23043089261,5.016049458359868
2.96786316021,4.5741430796579232
3.89479277381,5.9848678930403958
3.35960914711,5.2598551166644754
3.34793120743,5.1744398917007057
3.77402604256,5.9115254948005092
3.87367758609,5.9460725337815248
3.17640201414,4.9316378081600716
2.76258237433,4.3134939162283841
3.34989122731,5.1920080945172176
3.09196729229,4.7828663071559427
3.70646527084,5.6860512103981602
2.77780522029,4.3734172440210015
2.56737211344,4.0439040230665499
3.04734922214,4.7589201812255375
3.71838954919,5.7218320580830735
2.61164786866,4.1693891069886124
3.18738853714,5.0390561591532759
3.05546530622,4.7989399748498034
2.60517309918,4.1221564580053025
3.55294576955,5.5715246184869374
3.5523956618,5.4233288870496787
2.58542970014,4.0828062899448954
2.56205488993,4.0956061958051277
3.02283980027,4.6682777778573996
3.85674460421,5.9810927378884315
3.19549634862,4.9632441745432407
3.1359911285,4.8574052937691645
3.13489808271,4.7952436869936346
3.84819746859,6.0024861206430042
3.35876193707,5.2436965352558671
3.64874789767,5.6695874624788978
2.56595943012,4.0597335464220032
2.90084741366,4.5376158907181141
3.04373365719,4.7936775941702399
2.56468426109,4.0146150839056398
3.57654040851,5.4809702727411125
2.90508160196,4.5509986246043628
2.87135576841,4.4756679411603706
3.3632226962,5.1619480411561227
3.31205726327,5.10667901379367
3.09033151188,4.7925700966987241
3.36869151959,5.2024227641983272
3.04063160929,4.7307115027175808
2.99847569943,4.6957652197013289
3.27743281386,5.047964972005559
2.68224423737,4.3065088514498733
2.86500440907,4.5437501292725413
3.68354664014,5.5764617089870008
3.17539109545,4.955579369262245
3.88948616213,5.9680112664411205
3.02300464727,4.7799072244247789
2.88107438802,4.5431555780610919
2.6181693382,4.1359047862119933
3.02829596996,4.8091131714386472
3.27111839728,5.1846548507327626
3.33598173708,5.1143657301012544
3.53380535046,5.3917939230512388
2.89266148104,4.4766479321084089
3.67075571796,5.6140804774926503
3.13336888414,4.8715789124342646
3.53447118879,5.4946058330776308
3.11941470669,4.8554904809905972
2.76350074139,4.3626311205618773
3.5499821887,5.5020439152365341
3.14861558125,4.9175605171736914
3.82479012832,5.8266194525522161
3.10346670279,4.8140509833195324
2.67409644137,4.1989569925785908
3.74781308261,5.7175414560077877
2.6076901234,4.1407267875974432
3.74246567683,5.7392622778160618
3.66559552073,5.6943300906776697
3.6652502174,5.6617966457198525
3.72230612009,5.8024858972966467
3.43334056958,5.3509975679260737
3.72671020348,5.8076380190493762
2.81812791406,4.4149991509782822
3.88964074718,6.0143688567049525
3.37182424203,5.1776025257179867
3.11896098897,4.8034773416088914
3.03930667505,4.765136938744134
3.78499033446,5.9093078058648913
3.27316226627,5.0360544866656332
3.34262922966,5.2266597877864704
3.34918814396,5.112716762819443
3.36799751398,5.1199810415976064
2.6512961012,4.2066862865428973
2.66959476376,4.2808936034004654
3.76861794905,5.8274547949041571
2.68759817174,4.2642623471890726
2.86731886496,4.4083729986367155
3.58752797098,5.6151493035763167
3.16630829083,4.8983644092839311
2.6784085235,4.2546727235422503
3.38726781863,5.2591585174495101
2.64725954059,4.1883767464974371
3.28037491478,5.1321716685480574
3.38048022954,5.3119911353201399
2.84492756369,4.4629039431872739
3.47286517634,5.3817225118072924
2.52888462193,4.0705716040494453
2.5629059229,4.060404685632891
3.4090411768,5.3081882945235765
3.79037356458,5.9278031949593144
3.50566368824,5.4832994370416621
3.22021894738,4.9514999638571435
3.42876409049,5.252570464413747
3.81564110754,5.884503842263836
2.74604391943,4.3151474550122675
3.49282371629,5.4204006880824842
3.58591484187,5.5778297058246666
2.81090021098,4.4999449933480076
3.87489039559,5.9262333116107833
3.65780500771,5.711700453970793
3.87482015845,5.9138103960489623
3.0560356991,4.7875746617250741
3.62501161262,5.5817861430695519
2.63516754104,4.2351646746295133
3.17783856684,4.9667653558125773
3.56386936279,5.5116336686387104
2.6559436684,4.1958929845688866
3.69272429137,5.6778218903879649
3.46734457842,5.3390934786355206
2.64362140958,4.1471975082130674
3.57964343756,5.5335768026385406
3.89686186772,5.9701247072465264
3.56726727304,5.4229064254704031
2.70297251644,4.2801036265805728
2.51851548367,4.0120679026903803
3.09486164735,4.8787943109116583
3.86470463184,5.875377756472548
2.65516019433,4.1721073783264409
3.83409480627,5.9558186471973071
3.18894675039,5.0594308008607438
3.4413984408,5.3912145574777979
3.38439010365,5.2935642534638676
3.6657664555,5.6606444844542994
3.36880663955,5.2972962960627559
2.98559012541,4.690082214801599
3.38807476322,5.2992816895428492
2.94681384657,4.5120446560781078
3.85335673915,5.9725006903665925
3.48076989913,5.3836956493229913
2.85114391159,4.4970674829315431
2.87643237077,4.4875105347642927
3.53345362315,5.4843322916726658
3.87928859044,5.9692599746545163
3.85769564296,5.9647453919844269
2.6242104283,4.1699126862273639
2.54184136193,4.0398806537682086
3.19127915101,4.9838538926078337
2.98254479923,4.6765494665780132
2.55448259752,4.0939386721040867
2.81553810503,4.443204077952279
2.91283358001,4.5755694929784365
3.20366930854,4.9871564170604179
3.87673486139,5.945705344776921
2.86492481924,4.4454726990075635
3.68701011976,5.7202748256335614
3.63518385459,5.6437205622284097
3.44749169513,5.3435479967341131
3.75871187291,5.7888259585979434
3.61670116459,5.6507637968159976
3.45845892222,5.3177347745908969
3.19592660347,5.057730646265405
2.69562496567,4.2061327878819013
3.08203487088,4.8131285820996244
2.5204730334,4.000815116273678
3.06527909356,4.8146759106604655
3.35548714541,5.1925547179168143
3.5184630174,5.4875282709794924
2.91256831453,4.6008096239576775
2.7569458951,4.3140619469567705
3.01997121432,4.7163341707362756
3.75886913584,5.8045047897787816
3.06033523055,4.7967818634261308
3.57319931964,5.4961190595109031
2.55586635367,4.0934106370460652
2.56859307419,4.0984112105195649
2.72410679868,4.3317457215153166
3.29361036112,5.1354606502586195
3.39729308642,5.2694668154671511
3.19898498571,5.048548916552507
2.54707897094,4.0716797361019053
3.09122883134,4.7900998909260499
3.81605120728,5.945192333535342
2.86566441959,4.5295550105570808
3.052781204,4.8070402974801407
3.01188500297,4.7489249969398513
3.12615340403,4.8847293009877113
2.9852919008,4.6432228785114216
3.15137232387,4.8963552326044057
3.49396440819,5.5683102040901939
3.57214824694,5.5286236232387171
2.69677498165,4.2307463648119326
3.10754564703,4.8666292837921663
3.67978970288,5.7995259981571463
2.98190693306,4.6989784342685175
2.94832988245,4.6056027446030541
3.25688468448,5.1537433284016902
2.97457105465,4.7416555316799265
2.58977628411,4.0688298030360732
3.85838463641,5.8959081305536714
3.84249678006,5.9407081982662779
3.5054731603,5.45302050435299
3.56921234832,5.5498211580216363
2.90856207071,4.5256700721012022
2.73587685173,4.3211389350101799
3.20486488491,5.0131209419617724
2.64350636205,4.1750636653948137
3.17508591183,4.9225824378436212
3.76214746084,5.8877362509288043
3.51932952918,5.4144700939533585
3.45178708188,5.3483850334400227
2.74069178496,4.3333497576225373
2.95522708761,4.6218607440229693
2.83794234472,4.5360269596932827
3.43622093043,5.3159914195679381
3.06205474109,4.7676665480609719
3.39136752712,5.3239892206285271
2.65296683214,4.1916485503987442
2.54884747578,4.0414736452543885
3.16103569768,4.9805709728659924
3.26307889108,5.1240818243582247
3.47121688092,5.3774017081437746
3.2962486861,5.0854305974740468
2.81533231333,4.391030281173089
3.18281413167,4.9334357924134267
3.77943356059,5.9212198600939034
2.94634309491,4.6723118033670259
3.1442081064,4.9175191177535851
3.24798004662,5.0125713889280199
3.12434711742,4.8900248813807172
3.67470080187,5.6736170476772543
2.74393047765,4.3279572345123229
3.09367251839,4.8585380335030157
3.5769878548,5.5970776981742612
3.24493842148,5.1065947243087546
2.68332823004,4.2837938171802694
3.26447353863,5.1086423316054494
3.29475737931,5.1369447333439693
3.09517769626,4.7707094000314711
2.82862181089,4.4244044237769966
3.37427101434,5.20218423223732
3.40256370062,5.3912177758843454
3.60045252526,5.3958678978683716
3.83910901123,5.9148418997649141
3.02154022895,4.7482904594432682
3.26715873732,5.0803360691610244
3.48649162312,5.3719388168169049
3.76234242521,5.8990422908256015
3.78427333468,5.8278233969073918
3.50427342504,5.4922119355482693
2.85344181465,4.51681132537884
3.07932226664,4.8515564797186412
3.44253804782,5.3391675191235164
2.80824676587,4.4070016650031727
3.16872767002,4.8972890131675992
2.54950286168,4.0364200752459034
2.5258283216,4.0396919842413883
3.60189814444,5.5679382126147132
3.26181131197,5.0491943879108945
2.74061802373,4.343487092461249
3.43335751484,5.3321460755636672
3.09755182335,4.7352537634605829
3.76348486694,5.8279534435657032
2.83947097406,4.382683452974117
2.96664181862,4.5824701629001892
3.24151537925,4.9893836971562378
2.5649368052,4.056188599086255
3.19246405288,4.963574344696573
3.57700783333,5.5069615043370703
2.9618958277,4.6425186350159171
2.56788824513,4.1099862248225154
3.00769793784,4.6857922037853275
2.8237492276,4.4676855334524364
3.25291558947,5.033565123535765
3.5375881397,5.4672722836992289
2.9855294635,4.6452946363106857
2.82480189047,4.4963366820050146
3.10432807798,4.8972450438842134
3.38781945419,5.2845918879541411
3.51812051366,5.4221277682176225
3.74576206038,5.750271434510525
3.52559115503,5.3859830445283201
3.20061395018,5.0826548896930372
3.75704476,5.7013847864739491
3.07462695719,4.840491924442599
2.62145437244,4.1899380932170125
3.52809824073,5.4349993009726676
3.45993282079,5.33085103686442
2.72110892469,4.3355433331772577
3.22359268085,4.8914165292593976
3.58884575413,5.5654145829693142
2.54691772778,4.0576730443395874
3.27156292066,5.0933188036951558
2.5533708651,4.0986548104843639
3.66937749969,5.6277489013204471
3.6143736996,5.6289816313406575
2.58298378586,4.1029802260631776
3.48771533067,5.3106899447712994
3.11710994883,4.8682834728312585
3.1885280842,4.9001058838834766
3.39112435361,5.2493808929025025
3.83120086329,5.9499127256764925
3.08892664931,4.797825546359701
3.14361693549,4.8941325634674415
3.64954780817,5.6282770675342073
3.86131821187,5.9067469562598687
2.57578706975,4.1416182232474332
3.27678240007,5.0238577091301568
2.8356138067,4.4216987314563561
3.62028439885,5.5892810884238688
3.17698580633,4.8890434452076077
3.22757646447,5.018038075579037
3.52746541649,5.4193351003805015
2.58984673268,4.1326824011610395
3.02457324922,4.7177234098227405
3.28843025869,5.1480054074505617
3.14532204435,4.9461546471924542
3.09374691551,4.8252887231422728
2.78556887056,4.294746334685712
3.07777575857,4.8177703227731143
2.96722844528,4.6915078021712624
3.2006634206,4.9796634445162846
2.60026766554,4.0460190594160945
3.6893435958,5.7120860647631648
3.32230978387,5.1383079921025123
3.4123028574,5.2706258933536096
3.34178701345,5.2135406487539218
3.10859074764,4.9141283242092362
3.70699308529,5.6543054937531512
2.53123898172,4.0741300849788056
3.22943065861,5.0720785977494325
3.14042090447,4.8336064841877722
2.73829678309,4.3592800745315863
3.53697097007,5.5408917667094784
3.03306891048,4.7898404548355309
2.7733265233,4.4491074681161997
3.85574747575,5.9318416251779142
2.69946574845,4.3344990652601476
3.4964210134,5.3924624821860991
2.9193430817,4.5296466717284174
3.20046190816,4.9479103363486505
3.3619059422,5.2231717759453637
3.34988307621,5.0844925754907262
3.67196064371,5.6269361201643893
2.88777993745,4.60246237032419
2.90005786214,4.6545778377593123
3.16238254371,5.0074871308351341
3.66694045572,5.7139943299966234
2.99787811298,4.7251687120466261
3.16280628577,4.9452715609063347
3.21632199999,5.0481010485108539
3.33626801903,5.1542107356570011
3.70451841277,5.6781743839357741
3.03792130634,4.750982067908688
3.60486808975,5.571688461487228
2.77377008505,4.3518529777740831
2.95566158151,4.7122144712524463
2.88722350637,4.4864196178252564
2.70357710266,4.2716341410291774
3.44500964876,5.2449420819889951
3.05100500719,4.7633236977212157
3.39651430204,5.3159019923353057
3.61447496764,5.6485282625297799
3.28346902523,5.1123751435698432
2.73521005078,4.3284039803295418
3.8945073125,5.9288282235839231
3.09483234538,4.8720551798853649
3.13895718288,4.8623052655412282
3.81831041356,5.8455089458062464
2.92509224443,4.5140805722794504
2.63255278288,4.1202563427713876
3.29482149328,5.0846462243179218
2.74364732895,4.3112708154352903
3.39648850073,5.2535077466238
2.57420584043,4.1113135992897361
2.99373941368,4.6844310671899647
2.65846066807,4.2168816765864561
3.45650893752,5.3489783003922922
3.85792600577,5.9037455765844964
3.73385287651,5.7545523733965656
2.80307977116,4.4464638629765902
3.72370825535,5.7886379340862888
3.34990735038,5.1217344452342122
3.84450446474,5.9535774275294422
3.11370735348,4.8552058246178422
3.68437191515,5.7015013092862254
3.81590570732,5.8347595154195986
3.80150781658,5.8645074524635143
3.43023443347,5.3172091547991096
3.58053333387,5.4881757899568075
2.75696167019,4.3072685483593505
3.08830347523,4.8513409707052215
3.21221490936,4.9322507582418806
3.7067002368,5.67854983626059
2.76035885382,4.3497901380617989
3.56363259255,5.5635133373313748
3.73811191927,5.7696499072425533
3.73667903605,5.7884232214541198
3.64327246139,5.6807891309506502
3.23877278551,5.0056998533523727
3.34062707856,5.1311322829026773
3.80997153704,5.8996838071538296
3.52278888914,5.4579904720730905
2.73875725406,4.4132702387908314
3.35589584883,5.2435118010786068
3.62801553257,5.662151399781477
3.89481094838,5.9437776647420799
3.04359114091,4.7550049255515185
3.05856360876,4.726949782452766
2.9807774742,4.613746802642738
3.87423935327,6.0960290100587207
2.76297045533,4.3561155949946491
3.30743867581,5.144416080367801
2.56865356338,4.0840713878029815
2.90829763883,4.5680869353792239
3.79109739315,5.8456223249791828
3.36629521475,5.2307510369148149
2.69520064404,4.2432844473881124
3.17603939008,4.8564381348766634
3.42221698239,5.2941931696110238
2.58498392464,4.091373096522779
3.70974346868,5.7264230115357977
3.41530111508,5.2609413461707861
2.63574021104,4.156706128561197
2.76431444353,4.342877334615685
3.50933653318,5.5545065998847853
3.61940632965,5.6069853103777394
2.76694845044,4.3219703740650148
2.65328307006,4.2398723206226121
3.8431397739,5.9834084964505747
3.15119920685,4.9192414712725006
2.92175707397,4.5695492506587589
3.50857230787,5.4104897896713302
2.97597590954,4.6070161175200406
3.10177015732,4.8111345299316595
2.66389918905,4.1469644467871642
3.25473029527,5.062097807436297
3.82415751885,5.8088937675794874
3.44081743436,5.3010184983645416
2.606611833,4.1284381392805072
3.58671263476,5.5962589834828904
3.40140693243,5.2926392949635499
3.63763806505,5.6114944267229925
3.74983930129,5.7510728307402079
2.95345754175,4.6306855428679139
2.78741900525,4.3725681452962402
3.20276846942,4.9347840946907295
3.65646906908,5.5680208989722502
2.53040337679,4.054392175913085
3.37892807085,5.1439908060876309
3.687855103,5.7685338086367963
2.88900000888,4.6270076208847328
3.28892039757,5.1656794728298863
3.80262631576,5.8083485938831672
3.32945803534,5.2297584576392557
2.51655360593,3.978596540255444
3.41224178315,5.2992090997281291
2.52455487901,4.0531481981720638
2.78691359855,4.3446359326601041
2.67401088023,4.1839730490175135
2.81964459043,4.4803298673563843
2.59684037509,4.1931959426791874
3.71624801313,5.6248096796916993
3.09445801332,4.8386644544783159
3.31080963587,5.1546971284703131
3.37624794873,5.2039561101210658
2.6441041928,4.1175746097262262
3.57118898888,5.4497132548951246
3.88428458253,5.9209802191165259
3.48628054771,5.3309723579461918
2.75024617685,4.4094480031421197
3.83710770127,5.9663372376405883
3.10796354578,4.8231750010382033
3.58662546265,5.5495401687505579
2.5140698876,3.9986917405534044
3.89847448283,5.9973389388386442
3.39456027438,5.1961955805319446
3.76842495118,5.8953502959722304
3.11608164778,4.8702986124748451
2.61858424633,4.0988652800311147
2.85486664751,4.5010794927243047
2.86298235773,4.4988248564254167
2.99231747883,4.5904065339962745
2.86556405814,4.5344491425001339
3.77733337302,5.8143049690574795
2.67956158074,4.2474158256773276
2.95712293718,4.5970723460108811
3.48973416048,5.3681527594883853
3.19642465462,4.9936154848695304
3.6866226892,5.7353836065049411
3.6101771686,5.5571922912356557
3.35562535758,5.2087633339947983
3.56266268039,5.6061381146077416
2.66784069496,4.1827479381945674
2.76732543675,4.3519292768676516
3.57223024376,5.4914356282099952
3.06144500797,4.7857986316241332
3.21792006008,5.0289170081864372
2.88794507437,4.4626798791126898
3.24750526017,5.0462055801107111
3.57536810105,5.5504092337434452
3.26865903153,5.0982906479962162
3.77430655808,5.8653836579921377
3.38010238609,5.2107437131909649
3.31084655238,5.1480712175278631
2.70121117543,4.2302648933608271
3.29669954411,5.0594791939911197
3.73999460901,5.6817870534677137
2.82246229629,4.3941263105579091
3.19811637668,4.9896164774302685
3.37041022182,5.2347031250237777
2.53231581072,4.0576538718373154
3.74603892465,5.7299875444364234
2.52625263617,4.0016241232433725
3.84056763316,5.8806950368935853
3.85606757635,5.8217235531729186
3.67023616002,5.6479159031329109
2.97238636049,4.6288629203900937
2.54831462517,3.9980319383933201
2.61609721939,4.0981670003197452
2.6725167493,4.225465246153882
3.88812016013,5.9805431539313139
2.7265507605,4.2970079965076939
3.4044476435,5.2477910309836648
3.78004630592,5.8587091886508631
3.41201610357,5.2075381693564928
3.71149183084,5.7063726032577344
2.77384178701,4.4170821546591039
3.76378494196,5.8052866282834366
3.11982101238,4.9178095044990924
3.11847638647,4.8110794281170923
3.4140763317,5.3215201966269543
2.75241102684,4.3452472679595617
3.80276227983,5.921290026464189
3.5184727236,5.4391337734964118
2.77885390618,4.3387653679350731
2.98834645584,4.7022968946466097
3.73669740289,5.7887287507792715
2.63174162629,4.158439361201097
2.91704651967,4.5271231075464051
2.67399396462,4.2963115896153434
3.6719126405,5.8484592249933876
3.32226602689,5.1867413104000217
2.93593846639,4.5908202528002562
2.8368898951,4.4216224626885738
3.83831174833,5.8874383857075676
3.54551787322,5.3882644089229945
3.22101500696,5.0356780710527573
3.51654260845,5.4248143987185093
3.03973707775,4.6769579628474904
3.35648805635,5.2196624353361676
3.59833749731,5.7003274635659542
3.49992486554,5.429652219342378
3.28432273133,5.1200527013578849
2.82562320053,4.4140472092331038
3.42264745071,5.2499788930084721
2.83525089556,4.5043565992380046
2.69498017508,4.2264456874016663
2.6237920516,4.1422526457207383
3.08344865402,4.8032812758599128
3.12197629696,4.967016232433294
3.79288700364,5.8147427380674062
3.18417764159,4.9284764249745621
2.81408515322,4.4995518397181753
2.79612424288,4.346698844888313
2.80894044414,4.3228490391338052
3.59664140755,5.506471988508129
2.53381869235,4.0059217931818187
3.56564485157,5.4919950953354713
3.07997911327,4.8441891747313255
2.72334598406,4.2193961097899857
3.76657704852,5.790267111325047
3.47625700007,5.3499260253104843
2.56036521785,4.0750303117619042
3.44615849094,5.3192208304172537
3.71481985424,5.7367522814295269
3.25926418772,4.9992760693888831
3.54143992377,5.4227057511556591
2.63777412063,4.0759393301795726
3.67565970067,5.6969542994055118
3.09135263844,4.8455828607100964
2.90307887597,4.5918005756803106
3.4661226816,5.3453330870760078
2.77220915541,4.3956319410179363
3.0492762887,4.7334124624531233
3.20248566989,4.991151117027993
2.70111299705,4.2345883510917579
3.27836533611,5.1167191959012941
3.88963196048,5.9376360196731257
3.18394663767,4.8914320951517842
3.23096255221,4.958082169385623
3.43228251531,5.3022028191953607
3.8151427891,5.8174554011705117
2.56562356271,4.0643873802633301
3.13006464135,4.8526866099974919
3.64121548889,5.6295200362941964
2.56953148545,4.0892987907810943
3.77015579905,5.7952793216008853
2.74777627588,4.3596032124744193
3.46171203929,5.3619972441633879
2.54668956672,4.0364206830498883
2.962738436,4.62948415785654
2.8388288607,4.3934646255729817
3.75463691064,5.7877781725661643
2.86036441614,4.4973294077552115
2.53238746769,3.9488150572385319
3.40202373504,5.2579756456183855
3.78473934484,5.8173159538242789
2.9864176761,4.7621029167944462
3.29452571502,5.1138344130042244
3.64297046319,5.7387870535170382
3.4358959116,5.285509158403265
3.14491981095,4.8870412815526318
3.37981572464,5.1727607163722915
3.19969939799,4.9108355439859102
3.88099492288,6.0152560159067434
2.82412409793,4.4457213806429818
3.13039709614,4.7937039622812208
3.28931962804,5.0211408020122654
3.12088977296,4.8408652322029893
3.31437165436,5.069658860957543
3.04413164647,4.8219318838239813
3.85008577389,5.992979961703413
3.68779179926,5.7317287380873028
2.92632442974,4.564811469990266
2.64854232321,4.1663932279689542
3.85794642315,5.9414526317340295
2.5965462019,4.1169873287545169
3.31359084668,5.2217110817486247
3.86533338745,5.8659113837278269
3.26971051391,5.0296914662160814
3.05839424417,4.7386762459522513
3.8525099116,5.8416310892751149
3.03821305874,4.8053376983732319
2.88326024017,4.581381382004122
2.51796608871,3.9976317675777038
3.71326492069,5.7407239866692699
2.61095545737,4.1236102680889823
3.8192886543,5.8080490257732516
2.9197591494,4.5940935749252771
3.24929523177,5.0615738331744478
3.58015765723,5.5704711719673856
3.06695250334,4.853676606893143
3.39201356886,5.1735038046130208
2.63971985936,4.0900361631183726
3.02421987012,4.7518505615625015
2.80518116423,4.418728962930456
3.521421016,5.4164393235390049
3.82236507369,5.8908698895589522
2.94634442341,4.5958913370168899
3.35872096455,5.1730608203027133
3.43564548322,5.3244466350380524
3.7254221901,5.7563446353266166
2.79893807522,4.421034569628091
3.49192154452,5.4553065169317509
2.74706625211,4.2756971223584523
3.68721770357,5.7451403573771858
2.83461722073,4.4100250561444341
2.98479540827,4.6609080619639229
3.65081649651,5.7529972737312081
2.98438734471,4.7336321832042572
3.50146600218,5.4430696120992978
3.11419823092,4.7977314299580254
2.86205459051,4.4687760506910266
2.94881226263,4.6288372901225481
3.54392540347,5.5250562743125045
3.89176115665,5.8968634764573293
3.39649198977,5.2789318070600126
3.27764740656,5.0265616490061289
2.5194099384,4.0271124765501236
3.37329493469,5.1949943128182294
2.53969273005,4.0339922353920752
3.10437717437,4.845329687416859
2.70423756643,4.3230170531714966
3.82891817549,5.8637650358667344
3.00228120124,4.7822214188295451
2.75139813267,4.2875557729948754
3.5949605452,5.588436164978968
3.58354526626,5.5890362772274624
3.82146820801,5.8800840665792702
3.62062225468,5.6547365851419169
2.97672318582,4.7037108351512797
2.60414562371,4.1650389086896329
3.36902040912,5.1568289304366433
3.45398317979,5.2522716712641087
3.49276021904,5.3931802258246213
2.55477130613,4.0717025211567597
2.66560042514,4.2882713641584989
3.3132129692,5.0616397726563296
2.86228574857,4.5813749181496668
2.79308198763,4.3926653480994364
3.67423784382,5.6176371886295113
3.34812647907,5.1446726193397527
3.4582398191,5.3927609129134773
3.14295221455,4.9471617859454735
3.39955109786,5.2693008232377467
3.23969907141,5.0273832858595036
2.51841535503,4.0372340431331013
3.23796656053,5.0340364630590226
3.37350932768,5.2819903809144497
3.00095062656,4.5480111031586272
3.77782147879,5.8203311416378138
3.37024102536,5.1077454897398411
2.75575630112,4.4022820818945547
2.59533769915,4.0702978490741017
3.76524425672,5.9401309025249764
3.59384522467,5.516364665938764
3.71534876614,5.7322438770427793
3.42108249105,5.3475183704528462
3.27010173674,5.1302444128661779
3.37121110165,5.127374873744202
2.52402948543,4.0396666980211089
3.51559542104,5.5261469257842313
3.00919941634,4.6331081952916673
3.32271587007,5.1516728877722846
2.68936534739,4.2565481630286817
3.86975428385,5.989360708254825
3.20610390369,5.1102937005442586
3.12958783073,4.7965833547157777
3.7338359699,5.7830571340521892
2.92268779954,4.5503980416654359
2.62559367675,4.244722012687931
2.83803659034,4.5008023899442993
3.85533688149,6.0226091235918462
3.74725604292,5.8022548332851791
3.06106484467,4.7755288340977318
2.92390444749,4.5704694373739363
2.62228505937,4.1455515861303107
3.75279282715,5.6846920541915074
2.78071787155,4.3788913646243959
3.42888464941,5.3424769329345034
3.40819370006,5.2861742804294201
3.50960877054,5.394405120634624
2.84653570481,4.4194863625909013
3.56418304906,5.4736031548146418
3.55178950034,5.4618628367897122
3.56802847465,5.5252103232570269
2.76838200316,4.4079255603420533
2.98854666687,4.7062140291791046
2.59861815256,4.116339495887952
3.74962246016,5.824396712350965
2.97371561298,4.7046954326487249
3.04568094375,4.7847155380904498
3.42532482184,5.3580139077341711
2.52039470817,4.0273719854753232
3.87861776252,6.0226720138089114
3.11254251684,4.8551433146200402
3.84015620861,5.9973203083512594
2.65641399739,4.2880004366421414
3.71915830451,5.7752304471012348
2.52962853442,4.0656084100716381
2.98013280538,4.6648348866377622
2.66363307464,4.2036029224871481
2.84473375422,4.5089952820228394
3.14632706836,4.902958818996237
3.15402470903,4.9728718476582383
3.63846627774,5.6734711500585018
2.95044646418,4.6306069618140704
3.66244565346,5.5701820996055114
3.00115430053,4.7538153999915691
3.35632895819,5.2767089032083625
3.52090741459,5.4880788832434213
3.16616114144,4.8721026042462965
3.20228295575,5.0651223621318451
2.62103837694,4.1361675713572454
3.70675187242,5.7361250583054835
3.41364879346,5.3174330937319869
2.86252838826,4.5511425388530506
3.20608982103,5.0159260446357132
3.78125800325,5.8122780103364722
2.90392292344,4.6232477524444615
2.75398828981,4.348026700931424
3.4297411129,5.3532433127695143
3.70966084386,5.7413281113975954
3.77354991075,5.8696717072548772
3.73075763924,5.6575441036743861
3.85196577535,5.99693419915394
3.02706408554,4.7294140477518622
3.01599440075,4.7096532611211392
3.8969356886,5.8959145122640653
3.54387118393,5.5131580400142299
3.83619817404,5.8505559162063268
2.63450554614,4.237549784745811
2.82637377099,4.4271901228561408
3.84332212624,5.9306204395606335
2.62784483798,4.1643776222574171
2.75167205028,4.3313499659276333
2.54447341064,4.0976579090817147
2.71012504025,4.2894914580481807
3.33978892791,5.2180124816895797
3.24247034308,5.0809545990448024
2.66183272275,4.2488373232328609
2.91588383881,4.5253077080243598
3.88767248258,6.0274693923485767
2.5911408126,4.0520033952290957
3.2657947028,5.0150108053018334
3.68931678856,5.6636786077808976
3.05626026401,4.7848730861931337
3.24921014424,5.0704395689163873
3.88482462757,6.0442489105328248
3.59845919274,5.5667404072972611
2.84993973066,4.5223148532785418
3.8396534988,5.9823240271459106
2.51479717172,3.9655268166386928
3.3593587645,5.2920159960012709
2.67453851399,4.2697061280297941
3.00415834034,4.7755589615417078
3.58391477591,5.5847509396601644
3.21379833276,5.0826945082884469
3.69175416268,5.6598319876330603
3.03548377123,4.7431717972037069
2.8725022322,4.5331218599939902
2.60577970757,4.1368765360770023
3.67660379364,5.699226875885925
3.4250276818,5.2547309103707329
3.64069330507,5.6794554737286118
2.64437286737,4.1689699490393757
3.54204894142,5.4390692894417816
3.153333489,4.973559157407168
2.69935888229,4.3222804548099862
3.22255115665,4.9615750941802474
2.85279916639,4.4762216178835645
2.59942680049,4.1095412036148611
2.66386153998,4.2805724348289873
3.59843361406,5.5260118645989253
3.45197207985,5.3820181399860694
3.76020986675,5.7888565812660913
3.59600853012,5.5942576179812811
3.14150067466,4.9445031374266728
2.69367581674,4.3101470586083197
2.82560705994,4.5200417955555299
3.04301495841,4.7153402156125148
3.64849768082,5.6472177096224332
3.04086651743,4.7459464602291588
3.69220640831,5.6369491147439028
2.51918883062,3.9844440405177761
3.66791687773,5.7252521056034151
3.32295645505,5.1933431677182771
2.80037445276,4.4465634409277772
2.81347346197,4.5364601222864493
3.09577713681,4.87339151877537
3.34734368199,5.2150554220595486
3.4071377654,5.2359347242946761
3.10904140763,4.8391316153498583
3.45591245892,5.3985357032003618
3.0832930605,4.8578428915605176
3.75494598422,5.7914337676077245
3.32391672804,5.1069887057907257
3.60282810198,5.616844407868034
3.57381144553,5.5183481696354928
3.82890612473,5.9305568810048666
3.58779814896,5.5486964407677783
3.27030022211,5.2091353379318077
2.91535385752,4.5379905117323895
3.75509519724,5.7476264465745865
3.54838465897,5.5324702693978569
2.63775982505,4.1315037322076265
3.16010434947,4.9150300115340828
3.46508186278,5.3409552529680786
3.09195856796,4.8480385023289507
3.31207257633,5.0981239661323432
3.20197237887,4.9716306020277345
3.09887606992,4.7891983630961148
2.61012665325,4.1128953515958404
2.66586801827,4.1853853733717008
2.8752881085,4.5209495644777311
2.84366465145,4.4945730099585406
3.3580958684,5.2055430517498094
2.63087680993,4.2349882015876883
3.47256922827,5.3409202808757152
2.65664752771,4.2685523727936694
3.08287915285,4.8746908254693953
3.35464283042,5.2289502844464497
3.21866503569,5.0234992624234662
3.46769833867,5.3191060312464966
3.15280397175,4.9656530797264482
3.76509170935,5.7776064357387229
2.72500158084,4.3221540007224872
3.51022429272,5.414760281759512
3.37420951254,5.2798653627996712
2.67098455785,4.2957533522727456
3.8647574706,5.9970668829101594
3.04692166397,4.8196413481391298
2.554029389,4.040169477674846
3.18449319669,4.9654262463950962
2.79453864095,4.3214596421087865
2.55723307599,4.0993872173219366
3.60102839951,5.5544358886840719
3.49775949553,5.440469615247836
3.09648801566,4.7769100017482415
3.65528597603,5.6405794996721843
2.53951550839,4.0360751694981962
3.34961923855,5.0657832587682252
3.32860987186,5.1688044463950717
2.58987595616,4.0492636594471065
3.26388930098,5.0678056760780645
3.35391535699,5.2642429420617267
3.10782884648,4.9541160669430822
3.3357318964,5.1273429705338565
3.57963921129,5.4486646153935405
3.82478938519,5.9292842148478071
3.80180977956,5.8712111326064775
3.41790020703,5.3576346110700674
3.75494594731,5.7689554930659028
3.27810847438,5.1233924718868575
3.59219823643,5.5907815010458215
3.88802272848,5.976888197398929
2.95055809565,4.6056524594899839
3.03581205943,4.7267752976553501
3.42103006962,5.2697679241235083
3.70632565352,5.7271265823185304
3.75711064792,5.8256747934755637
3.13108652873,4.9040793749654767
2.9224959297,4.612554950140467
3.36252043512,5.2464443965796068
3.83626913009,5.9582930755647068
3.07805011567,4.8267039210039142
3.79860602816,5.8675045759834523
3.21802609114,4.9827078709880634
3.72854887626,5.7045802877103329
3.08736808769,4.8493573997045631
2.85633711799,4.4054992009113869
3.83169358012,5.9070494033188865
3.50202843375,5.4800111639082107
3.01624526334,4.7101754022084696
2.71475284443,4.3054025238699944
3.06614551377,4.7836066860150206
2.94209974318,4.6280284607419508
3.32457021521,5.1435980267859485
3.7744804827,5.781758562909916
3.19407077462,4.9419398980985054
2.86395816619,4.4905348121713002
3.37193053599,5.2024101232031015
2.61082751048,4.157578375315504
3.04892439396,4.7969949193602055
3.51954418611,5.5931588193493269
3.7196695053,5.7662577850379213
3.509868229,5.5062735194543464
3.68211043565,5.7058647418271011
3.77552276628,5.8701992346445184
2.91538405172,4.5339239259028741
2.74830410862,4.3207984721358317
3.58334821502,5.5093523830555853
3.19390002564,4.851296075173674
3.50429103214,5.4612916557409257
3.49284050346,5.4409707565472933
2.73172549577,4.2485301011530039
3.20136565531,4.9736843099142014
3.09982221032,4.9677439425216008
3.43061012214,5.3619002736426289
3.22126559961,5.0432803375136377
3.30214240604,5.1705206095077969
2.90676826402,4.4740454008001098
3.44247331074,5.3803538197701304
3.15158093987,4.8434371448185427
3.11209404734,4.8602100199447413
3.48918361642,5.4278258523834602
3.56256343809,5.5110074968185128
2.66276755001,4.170135205590352
2.66290227165,4.3129757585374984
2.9833773333,4.6551179774600815
3.85739104811,5.9465461242780409
2.81812557813,4.4011461055870518
2.6738270764,4.1894929631396014
3.15373457227,4.9500225797395903
3.37754982318,5.220722698592863
3.79725242077,5.8980277837511332
3.06198045397,4.7706560787160219
2.80914561225,4.3610058044697046
3.13681700881,4.9759198301652194
2.74031948268,4.3725751902308039
3.56887255733,5.5557432028496185
3.21189188732,5.0873830331995507
3.5907295557,5.5672939492152294
2.85787553811,4.4368724685277812
3.84341875643,5.9976771551365156
2.77332403219,4.2968683143249553
2.91248641188,4.591848771786375
3.11691522594,4.8404606570769078
3.75089816322,5.6837742765813744
3.69448201209,5.695143631920903
3.30213591273,5.0883971103474241
3.626099128,5.6171202334340249
2.61497774028,4.1925041326889811
3.85683358542,5.8948856889376255
3.79074362836,5.8801971613992379
3.33247785433,5.1255532157009345
2.89129183572,4.5303675707803377
3.22997383294,5.0897301789208429
2.83480844131,4.4726171418819414
2.91371198367,4.5988966199839396
2.81842876208,4.4045367787798826
3.678160676,5.6163411123141609
3.69367971801,5.674273488879197
3.86846154538,5.9797935944596343
2.66967174844,4.1485499793648541
2.73442284818,4.284922078991162
2.61715917143,4.1181982147653153
2.95409466701,4.608230533424118
3.2394199026,5.0713335819161296
3.67430255656,5.6578880119352579
2.84331333889,4.5160977489748184
3.72480275642,5.7234255228855622
2.77453613812,4.3396516501077693
3.55093732106,5.5654715139672248
3.78351660283,5.7711613144808558
3.0942114144,4.8271595506834517
3.09389757902,4.8329154770343461
3.88669251813,5.9190631020928306
3.71574842962,5.7522704063556347
3.41587909659,5.279973607365724
3.71954707025,5.7382995572980997
3.12416632047,4.8739403410892148
2.96356786265,4.7129335523764437
3.35023517285,5.229185586414407
3.340393831,5.2396147271120483
3.76977695888,5.8291142010958996
2.99416710676,4.6818228208488932
2.52046046832,4.0086031439089096
3.03419713522,4.8190302060500629
3.7748633523,5.8009995150823421
3.87611626566,6.021260754227618
2.88988742327,4.4837901576955259
3.23407973368,5.0786597688795325
3.61970375652,5.5501868447218898
3.02974623994,4.6861379644645442
3.71897498802,5.7084078474099185
2.84175406345,4.44404438217936
2.94441027984,4.5715258768513447
3.78489390746,5.8643427980320464
2.64715232384,4.1238116672870806
2.53022880523,4.0608282869677739
2.82054093331,4.4670896584205382
2.91283157959,4.5215193630699568
2.82867254061,4.4528434281269513
2.56914581512,4.1049438080956522
3.39015737844,5.1508194889556993
3.21786717787,5.0706346514959506
2.60534668613,4.1627451850257842
3.39534623061,5.2916361584825173
2.70861406602,4.2685660155524081
2.8242364585,4.454725148618123
3.86285813804,5.9188809779662854
3.38230756661,5.2536474087527605
2.55611788944,4.1675074243973098
2.65697268795,4.1284595027999824
3.0835198206,4.8076666185773265
3.05674815188,4.6977534701112136
2.7663905656,4.3953674221900458
3.42299769895,5.310397761013963
2.58891370477,4.0491286711992078
2.76209191364,4.3807089754759847
3.63848573859,5.5730622100224476
3.86504503473,5.9981687864252589
3.3274646625,5.1373468283418529
2.86120340222,4.5645519069083731
3.85845353815,5.9557836742391386
2.72193341424,4.2880916342435009
2.88508591839,4.4652077242022274
3.79644748659,5.8339270924647542
3.36290755688,5.1825019439844962
2.92043353881,4.5807067184107444
3.56903284544,5.4868173400690834
3.67800687847,5.6615621559072755
3.69275164721,5.7332943701512953
2.70487720952,4.276375993777858
2.61708066252,4.1569865327019748
3.50339761337,5.5287804937347156
3.88844338864,5.9740230495379949
2.82690423312,4.4860519410954725
2.52094038448,4.0584162344045396
3.0935273543,4.8691116991927261
3.21188927556,4.9808958391348463
2.77461214566,4.3830469940072518
2.79823404921,4.4092890894330941
2.93989316386,4.6673785363247156
3.39519946421,5.3406128415140453
3.58951479392,5.5396879610062042
2.60248247645,4.1059925749931985
3.60242297452,5.5478484979984852
3.07529013371,4.784295040080667
2.60435271501,4.1747209483756604
3.21038427027,4.9852078600799477
3.52566331078,5.4508719711843927
2.71963356006,4.2573840519491357
2.86115055062,4.4956506797219369
3.36586804139,5.2529308589218564
3.38596756033,5.289063672698874
3.06224798614,4.7467176330389291
3.75010329863,5.822453642021113
3.14653155786,4.8092033493398345
2.94869051247,4.6420293345085293
2.70516115892,4.2439160990531253
3.32669138103,5.1658577200986855
3.06414679103,4.7524244403432778
3.28232281625,5.1412744352413009
2.95783724083,4.6339308070934564
2.53599193281,4.0573902476505594
2.95202742081,4.6140546148970927
3.5563187254,5.5632837510355984
3.53045213355,5.5714052404019752
2.68017415835,4.2386442301689664
3.89126407443,6.0122448440108833
3.54143639476,5.6408130317863785
3.53054842813,5.4401591257825652
3.17239300594,4.8993097356130395
3.35323948339,5.186225426154456
2.53285001609,3.9740189887980391
3.65759073267,5.6482925714742187
2.72603367859,4.3390742172623478
2.8717559424,4.4412200313930752
3.67879595994,5.6871163593067795
3.72320702558,5.6538090747757064
3.32322836577,5.246732565968804
2.99650726904,4.687458678309139
2.53574228267,4.0091919968713672
2.72375157033,4.3372380251236713
3.03759176858,4.7633286070334844
3.62305899874,5.5742342655145203
2.814285545,4.4962102110933326
3.78215184514,5.8508003342791843
2.66024307317,4.2334729259716566
3.13715489496,4.9512899612654149
3.79516690823,5.8366963116063149
3.02704942611,4.7307219614880065
2.92933018386,4.6241337064823922
3.61198619863,5.5933758812501297
3.81851255385,5.9809066642101669
3.71266198723,5.8024976211400228
3.1792739853,4.9693834211265653
2.7883900344,4.3575941869357697
3.69482261451,5.7077143894254316
3.43257414128,5.2356093544226514
3.35172552846,5.1748542745682116
3.35049584232,5.1144372116148764
2.67528633507,4.2572921855237285
3.3008162013,5.1914416789808477
3.26923287881,5.0613271306166725
3.66989987722,5.6529021875070091
3.86744079837,5.965581866319825
3.48668685823,5.3999681398065764
2.86849925294,4.5133222697196587
3.6844221461,5.7007633692367392
3.11449742665,4.9073487682666732
3.54787677034,5.4929445045400156
3.07736624322,4.7342694444481968
2.70755040252,4.3114590530287442
3.27270973151,5.0114355348345816
3.8019213467,5.8823472594787694
2.85388389512,4.3940647033313329
3.8301002147,5.8853428698332149
3.72440265249,5.7012210110700181
3.82154075032,5.8507086643503801
3.73138336383,5.707477677052645
2.60647224045,4.1377616027773287
3.35175002437,5.1342271477220383
2.5426857496,3.9865162057655557
3.26527521834,5.0805953821899879
2.79519398043,4.4081769824089525
3.4520913575,5.45855559252196
3.12949238429,4.8984922874762926
3.50054709362,5.4170963797399558
2.6081405219,4.2363113923891822
3.60071328665,5.5589576942016121
3.52017887899,5.4596053633985697
3.04294958099,4.7557438242137229
2.91409625864,4.5151671980289061
3.38135606569,5.2071602366044667
2.70124568728,4.3718830198729082
3.12475771985,4.8821946142493733
2.52651409592,4.0058008851791431
3.24404781971,4.9256090697807693
3.39046558327,5.2118308792755048
3.5364740045,5.3288179332257961
3.76433638997,5.8297478536440428
2.86299145375,4.5616598794820993
3.51372677859,5.4209271661057494
3.07024993451,4.8603304724057557
2.57143779968,4.0938473935509982
2.83214480651,4.4527229121678351
3.734425037,5.8543439231925687
2.59667083587,4.1278094028690298
3.55695605415,5.5628782809998114
3.23210617629,4.9595892412669036
3.4906384543,5.4892533424456111
3.06943114889,4.8060525523222264
2.96991981475,4.6410243807676128
3.07526388498,4.8353975651177965
3.00513668932,4.7012811747909282
2.5204251346,3.9926321380598977
2.76520343595,4.4757763999754756
3.35720663687,5.1101163271221806
2.83198723875,4.4607091074298539
3.53237178858,5.5448805033249204
2.59369311875,4.1265825467621573
3.4566141501,5.3445681310173034
2.97519193264,4.7489771135844556
2.74268037983,4.3827316212327476
3.1843541152,4.9145169075292836
3.03635204893,4.6712147237830512
3.71222980463,5.654450864186602
3.6554712385,5.6540979502464515
3.46988670315,5.3692157199991009
2.76315176725,4.3511599356738309
3.27150905198,5.044810598771881
3.66560689327,5.6914865337486278
2.61532302477,4.2059685299619414
2.79378132726,4.3866434623785908
3.23443894611,5.1212362838173684
3.44797223961,5.3970597524270616
3.23859132619,5.034249084619276
3.11932348091,4.9796077111892627
3.0962690812,4.8523596612362914
3.2529122113,5.1279632404116242
3.31633925358,5.1742101878127134
3.11271524349,4.8309290537205767
3.35660765303,5.1967315816085948
2.60645246488,4.150092833154603
2.75751461954,4.3178643623253352
3.61134080266,5.58522566345275
3.33142698118,5.0827817925079062
3.74078898557,5.7544824286878411
2.72852531501,4.298213821090382
2.99492230835,4.6976217315257287
3.0847393811,4.711434658029221
2.61781467572,4.1593296430284559
3.05885212586,4.6806808219821434
2.71006868955,4.2391943928175833
3.44209868633,5.284650954476537
2.71874825824,4.3207384937269264
3.19641706773,4.9523866643634777
3.65562069136,5.6688720824886527
2.6922038342,4.280653866049267
3.62232048264,5.5998991087097014
2.55245524033,4.0809506093519365
2.54948206972,4.0419814017880062
3.59748656164,5.5855283945954692
3.24479594537,5.0037146990754069
3.78193057583,5.8236343785274789
3.19874966186,5.0022859148269267
3.21720876585,4.9896244083892602
3.3243639596,5.1997040068797142
2.99073538084,4.715288124122349
2.90990598473,4.5717643046596947
2.5720163829,4.0233936727253541
3.71458590645,5.6574786604307121
3.78934494857,5.8185456654443763
3.02238661332,4.705983931330576
3.25991337547,5.0916229709443819
2.65278064875,4.2126122700725057
2.68973849968,4.2304785945964767
3.09623100562,4.8496233037568874
3.78687950514,5.7511608758974111
2.86480802558,4.5230665481555565
3.62004811726,5.6001905671331151
3.25055891865,4.9810811646164259
2.55299375101,4.0245728827121168
3.02567530414,4.7452607287704875
3.64016492969,5.6151553445429512
3.82875217817,5.9181744178962479
3.5521997092,5.3837204524838098
3.56532821566,5.5503037435720506
2.58520154942,4.1335304526771797
3.64461713462,5.6047162343844468
3.20407051732,5.021511441400361
3.75265433852,5.7315917412976356
3.081625676,4.7809357933723451
2.71529330671,4.2518694469736298
3.68152606722,5.6934549156302454
3.00828672871,4.6503087499728117
3.03657023555,4.7206202518916793
3.34567124841,5.2370297904470435
3.77474433387,5.7921897910319258
3.64153789335,5.5844197536151663
3.85018133003,5.851747055145756
2.81163340672,4.3968193890738894
2.87406137432,4.5284313600131645
3.04163824426,4.7583495992458182
3.57363800922,5.6416507434061431
2.84115962338,4.4786457384574714
3.07770440589,4.8402432532345925
3.38409303119,5.2151766210947983
2.65266908296,4.1883310738556361
2.80643222264,4.4819020859211998
3.71827561902,5.7646253157945093
2.88703263084,4.5265898634563104
3.19981383132,4.9888117009030744
2.97536568889,4.5888726279958032
3.13331575088,4.9192911734444236
3.16198487719,4.9798182302370666
2.69275944754,4.2873302078272619
3.13156158019,4.8444336256750127
3.68316222206,5.7083792494369119
3.32531184385,5.0932874585866248
2.53061861385,3.9639258372516437
3.42897882358,5.2823939576186749
2.86127848892,4.4830143129708313
3.85418503919,5.8945179499271809
3.22310292092,5.0446136710398415
3.51772319819,5.3411802755411353
2.63671703846,4.1842587710175918
3.14700322884,4.9711155370573605
2.82583337467,4.4469348475791239
2.64313282409,4.2073260133680446
3.69824468964,5.6707725398663493
3.10881676359,4.8760799172767522
3.19906896339,4.9675227785786991
2.80495993775,4.4465186117065905
3.51555730514,5.4659757168004699
2.76946984009,4.4076970290226916
3.52358368996,5.4310130331908786
3.43505619548,5.2772694668691731
3.12040649861,4.9319088765379799
2.97214109844,4.5942193046484752
2.82456189402,4.4785291434870507
2.66297074208,4.2074607808168265
2.6660267169,4.2556938101526516
3.12611000731,4.8767643912029746
3.01226407234,4.677658418400708
2.98195548759,4.6829379606921071
2.7434304392,4.3194108941337674
3.50787442143,5.5283953595561464
3.2522570689,4.9575170639521575
2.96776361216,4.6224406780541392
3.72508795168,5.8092019106652888
3.18967289296,5.0589271817540498
3.61987328138,5.553445352116074
2.82224455124,4.5405131619466523
3.81770856251,5.9391737053854161
3.51133149522,5.4204892680112309
3.57821960111,5.612287656699376
3.58817466226,5.6228406968267608
2.71282204452,4.2488294326363549
2.63091492118,4.1420953598703472
2.70367485283,4.2076317167643511
3.66566310429,5.6086439899220091
3.3929429513,5.1842607867721293
3.87134544557,6.0194134271149009
3.71294612427,5.7552388607568865
3.07654746736,4.8148499421345106
2.99490564983,4.6190879071099964
3.15492432637,4.8661580071934525
3.15982799872,4.9459584224672684
3.49478568182,5.4745219034720449
3.25245070324,5.0823383081837168
3.79638830999,5.8087364082948669
3.52843678083,5.3689843449368206
2.85687764189,4.5192877418919615
3.51249630112,5.4591124990652498
3.34653112589,5.1284591452949808
3.20582016355,4.9467591831182007
3.00599023452,4.693446023393582
2.78632515156,4.3861090259495672
2.85740385134,4.5225145423442843
3.48688208447,5.3881462835491734
2.78194678488,4.424994459841062
3.13332256808,4.9255982689736602
2.88902376186,4.5306730560742494
3.70041316116,5.7113889344304054
2.92964841902,4.5763494428093949
3.10474193972,4.8303446949671285
2.5852144913,4.1011793035245727
3.30250665824,5.1609820929563224
3.4791615522,5.3852598847008704
3.49354402433,5.4318434524905772
2.88785785219,4.549734303037841
3.02571414505,4.748897298943322
3.19819746342,4.9563579945485978
3.42892705929,5.3261676353974652
2.52757512451,4.0021750267196774
3.51786957087,5.4298006259421605
3.55096032454,5.4535298929472571
2.67549919639,4.1895053775644984
3.44340576713,5.3351645676983237
3.87661255363,5.9946957460208008
3.22361467131,5.029884453611194
3.17377092854,4.9362032381520375
2.55920624458,4.0857503923027743
3.54910017542,5.4203431314735351
3.35361044677,5.1474177364680145
3.63343665618,5.6619693294033517
3.05580065462,4.7429702904987341
3.5531579584,5.4232280279018203
3.75348154338,5.9355236301577303
3.30874317582,5.181840759689277
3.46286528387,5.3172204551490418
3.27449949117,5.1467673802380922
2.88804968017,4.542747313977225
3.43146326299,5.3467207705806086
3.74901376646,5.8905471806291247
3.28624458295,5.098906244687484
3.08061298359,4.8249617039085591
3.66513970589,5.7197633884487642
3.46387447297,5.3475017053901652
3.15715859237,4.9734993254767792
2.65741228812,4.2041020007904484
2.74856573024,4.2478376025230267
3.5585715563,5.4843955570890808
3.14405772873,4.8976955998173617
3.53755533616,5.4228480451458179
2.91534691473,4.625700083976068
3.66509833419,5.7014744031513152
3.83592625236,5.9580863512006275
3.82029183341,5.8641752993494611
3.68746901105,5.7098029744363341
2.92193020799,4.6151803004621605
3.1654543561,4.9637847822561252
3.02507672352,4.8354752833499965
3.6723719004,5.6831244623911932
2.8229932321,4.4327740184781144
2.89238296972,4.6046264706804658
2.91275361207,4.5387709002272558
3.46147750384,5.301066039991567
3.44734228692,5.4317078246328068
3.22853329884,5.0700428357594332
2.85540146771,4.520657514000292
3.67499957492,5.7680088532445843
3.49686441254,5.3977346240445829
2.69011080218,4.1943423824703077
2.66442794312,4.2315790640803082
3.12318366444,4.9089842207711651
3.03393699712,4.7799972818471623
3.42465114077,5.2710245534003786
3.3736661673,5.2666975980724962
3.78919415172,5.817232115260472
3.29368408562,5.0981998544002343
2.65917750062,4.1659194182837211
2.69988707227,4.2499150511471591
2.83847916103,4.5199498671172185
3.22711219032,5.0004616756449671
2.70113109702,4.2920498271968937
2.97265254703,4.6946641452761915
3.71994016089,5.6595818287828639
3.12091390367,4.8557873262291364
3.24967588972,5.0104366501697948
2.87119163055,4.5359640395346945
2.77406508153,4.3805765642353043
3.13864850189,4.843359463689235
3.632012229,5.6518688586980987
3.09397774488,4.7757035605666047
2.9809233598,4.717487683813629
2.68541977234,4.2182545585526539
3.57476637442,5.5130321647781777
3.4229043228,5.3586454712386029
2.93609828696,4.6185195230296001
3.83689070601,5.871339331969609
3.45008022191,5.4266573622169103
2.72356075787,4.3255245291735571
3.44483679757,5.3209600698302735
2.98843719726,4.668829187410406
2.77964255303,4.4021807560881889
2.60403582485,4.1305648072040348
3.04629170473,4.7702667723382852
3.44138420892,5.3163294338258016
2.53674996663,4.0632908500775224
3.65548751514,5.6946271003245554
2.78358444165,4.3978941844523067
3.61124852122,5.5868550888483099
2.70138925707,4.2550210838431743
3.22759813294,5.0113169883385229
3.46474721143,5.363218032759197
3.02263453125,4.7767227677644071
3.75178155238,5.8356735375463042
3.77529949858,5.8494692119938696
3.01810494043,4.7474833746348795
3.00581009164,4.6747437939046996
2.5844574064,4.1570938869549012
2.98621541806,4.6019134372849617
2.93055868967,4.636283381011256
2.78267593007,4.3973192923532851
3.04941732843,4.7745390165640984
2.56391150394,4.1085812647484747
2.983986996,4.6635345640045109
3.73588231178,5.7314970208227836
2.93078962414,4.6812668159192334
3.30172669994,5.1093408567936933
3.2760527613,5.1334554657480442
2.60836724258,4.1021838999103535
3.23017000573,4.9853478165857315
3.20081310282,5.0168365504018464
2.68714063729,4.2500270960248159
3.73748830342,5.7183325893329862
3.24199923022,4.9607907082236045
3.32749397042,5.1682210602048064
3.84460217361,5.8977874662134449
3.24937943115,5.0336754363758134
3.57902418485,5.5539999495943384
3.29801917912,5.1131565900668372
3.22438309396,4.9898199562611136
3.27270346202,5.2153915412601437
2.71225282497,4.2879341739540733
3.89406430551,5.9772913263225842
3.51953576615,5.4511984251944554
3.74095703939,5.7375409777921682
3.09175119563,4.8983225284706329
2.82113229542,4.4563844244662327
3.43790489631,5.3398985367077429
3.37307736153,5.222747478304778
2.92166866077,4.6446308699056722
2.96425284001,4.6777543698943846
2.68523257898,4.2033171642145799
3.3423631237,5.2070473107346977
2.8653158045,4.4367465153471537
2.76658146436,4.3455745969490893
2.8210431067,4.4228157554997738
3.11341290382,4.8311226029933527
3.63026738517,5.5354951597626627
3.53033577264,5.5026370616229237
3.09658394817,4.7699325496001634
2.67217435277,4.2161306108214376
3.60893990726,5.630743122303393
3.13189207604,4.8204995644609285
3.50613851453,5.3985542143600487
3.1240419236,4.8928375618304658
2.83647675418,4.3685886461003136
2.82255691161,4.4883990137240675
2.66576676771,4.218868901034325
3.83208095135,5.9849876737326362
3.55434277118,5.5638773092503611
2.68067410874,4.1634901717961235
2.87525452901,4.5558215802390638
3.44854783912,5.3271399559663006
2.93526715478,4.6233442282330062
2.98504368565,4.6564499058904367
3.71712652324,5.7165162142623354
3.25935863505,5.0791357000473107
3.04298933175,4.7272144973535761
3.88571936921,5.9273990659691789
2.93979803567,4.5916417973908992
3.61895514496,5.5531996695706782
2.57237882184,4.1859223727677337
3.20678914134,5.0370677557132053
2.87499598148,4.4822055438477717
3.31510195724,5.0824913888617713
3.23375879441,5.0713405506139475
2.88055410609,4.5001702300750264
3.20176459262,5.0453898842988512
3.01982260062,4.6580050821594918
2.69489077,4.23754302750159
3.27867376852,5.1239280747627074
3.56887898202,5.552884624523009
3.36895086432,5.1664196568178227
2.52071830783,3.9884973419615624
3.07969862676,4.7573347522362379
2.74747787523,4.2665086261320475
3.0691046575,4.8266458274531896
3.04668262913,4.7486105651156159
2.73046214221,4.3110127555021558
3.47981457451,5.3858201034480482
2.88660725747,4.4745744338197806
3.7770344527,5.8588024661898945
3.0030576981,4.7390582205831473
2.98547896575,4.6646914296117892
2.60567978694,4.2225007134285271
2.84928117795,4.4906479595612545
3.24658690674,5.1132828348351937
2.99941719969,4.6302724435406049
3.52481637108,5.4640985394981891
2.87562342984,4.5012389108410478
2.63544188815,4.1189913886975349
2.61753669219,4.169160563877254
3.01228967547,4.7168314374575013
2.63586703477,4.1990480790744895
2.61719895948,4.1163900455478686
3.17696855071,4.8740233113178446
2.93126050741,4.523011449518763
2.62619459463,4.2217082532702586
3.6445250969,5.6971055269469328
3.01395067776,4.6239059483591554
2.99624190245,4.6453467591774231
3.46889265846,5.419453394210584
2.55321286232,4.0437037850881925
2.53825833474,4.061852299790476
3.43111723892,5.3498147725210021
3.26392103471,5.1419703504994079
3.47463279129,5.4400028897800068
3.71782514017,5.6274661715085301
3.29661258094,5.1049440979435579
2.91883288921,4.4716168101356661
3.15699495064,4.9837872254145514
3.8773024836,5.9389545000809942
2.85128976877,4.5326521650386589
3.29392654642,5.1836502994195861
3.15820239085,4.9129080088553314
3.50953108866,5.4162759710151436
2.78433341038,4.2910336712546941
3.48953875187,5.4931323412865396
3.69119920287,5.771236738336361
3.71330984164,5.7599386335078764
3.43119270242,5.3005415124842736
3.78881434105,5.8421724840926483
3.35168541325,5.1684275038079877
2.76210834779,4.4030532029333971
3.03775550185,4.7709508917089058
2.78363754671,4.3088569651174318
3.00357975942,4.7120706662416936
3.51519138396,5.4100780252268521
2.95611892845,4.6455634745934189
3.13313685555,4.8163686033435438
3.72628775187,5.7903557872772646
3.27548020461,5.0623540625667571
2.95770521541,4.6276267664103639
2.74403332229,4.3202860934184768
3.51873003705,5.3700518073019641
2.68685008404,4.2541860156980817
3.46269078591,5.3939263459137798
2.72461044268,4.3436251060319284
3.66619409857,5.7003427636571748
2.8436038283,4.5041967454666141
3.61345047465,5.6413916414448799
3.16448528721,4.8808765654023611
3.68648983877,5.6815531417681679
3.6481270693,5.6121341963760845
3.6352578325,5.5752050124307981
2.82827049901,4.4867306838992382
3.10581455489,4.9244026913133307
2.64467140719,4.165636282433276
2.88422821314,4.4905771930253833
3.36587488976,5.1983221125325425
3.48261578197,5.4137310624850441
3.78112806016,5.8005271690134856
2.64032379066,4.1547711073178819
3.16585771224,5.0083918229905446
2.7737114304,4.4004532590663095
3.75599074566,5.8393210694714668
2.6306734643,4.0984776251371109
3.50502481887,5.4484068589838772
3.47995924735,5.3607633542528239
2.93607941233,4.6011586155109603
3.44316391034,5.3455613510212405
3.42860564564,5.2178641559426095
3.1590301099,4.9246577639613607
3.55646249,5.4134695272247617
3.16269183812,4.8680667365978767
3.44091600085,5.333124024160746
3.21874023635,4.985109064053586
2.86797492434,4.5584753568577288
3.8346457307,5.8999408139696339
3.34540478687,5.2718778254443315
2.89429764346,4.506916017681597
3.37502588411,5.2527927569617079
3.43958111998,5.3982037128290292
3.77963129628,5.8392975203036643
2.97897774189,4.6487642558541253
2.67741791186,4.2547872298098897
3.67705392476,5.638234424633354
3.88011517479,6.090307088589193
3.49405554771,5.5192063617837173
2.6846543013,4.2378436397543018
2.7410119445,4.2832825836454589
2.82720202755,4.437931268800595
3.0982381593,4.8843695590349876
3.2732040404,5.032716866058915
2.71591619673,4.2803889468002687
3.87220923879,5.907522266744027
2.74550523884,4.3586536630067814
3.22744709652,4.9502011618810053
2.71446417764,4.3361989621657147
2.9378453299,4.6476181645594545
2.51523543468,4.0297238445928913
3.18751684044,4.9517966319116287
3.36153427616,5.2481557858462606
2.77483100471,4.31959422417808
3.68654008045,5.7622420294875694
2.6276790731,4.1316062892613434
3.10151230462,4.8723906322478863
3.15804963771,4.9087999108514513
2.98531445278,4.7125384798476002
3.12806722217,4.906449683365067
2.75380037811,4.3919276253214896
2.81580361836,4.4678900814205411
3.00997765764,4.7024598789435039
3.69411596567,5.6830000230887627
3.26533626349,5.1419827224128349
3.70513379806,5.6655854925205329
3.24636094103,5.1324580703032154
3.03706138266,4.8113626630613409
3.58342534081,5.5492642529809091
2.52304450795,4.0354366048055432
3.02362307906,4.7512119458813586
3.78233687145,5.7995404951599667
2.66704156757,4.1383514783311028
3.68967647941,5.64794289698896
3.38832469611,5.2771258756003014
3.16030022505,4.9103079539351162
3.54626837889,5.4763446957171862
3.41980733284,5.3819479300117674
3.6640675609,5.6156444970573229
2.6341775468,4.104642030076354
3.82541946044,5.8742567891376298
2.71044429253,4.2398677551131785
3.52961898743,5.4940761001708172
3.45992206094,5.398886369651934
3.46536304048,5.3333243020498351
3.73127091647,5.729232843726126
2.9985168728,4.6813719462717867
2.93957933165,4.7317580967151196
2.80226171214,4.3740883848571812
3.7730322618,5.7999461202940763
3.59658357645,5.5707930648798367
2.98989375867,4.6789994884519768
3.4073834065,5.2596587577128169
2.6558535098,4.1753796411938113
3.87145135049,5.979958611717735
3.2661602731,5.0598253352936888
2.73188283729,4.2756632760414481
3.52657549276,5.4443938177309716
2.77075644465,4.3974444540513336
2.78642064183,4.3895771625638726
3.2947599801,5.1238546991492564
3.48087977073,5.4067666946430757
3.23350170134,5.001930591109085
2.88005766058,4.527430416606256
3.88229842052,5.9981516870564944
2.54875394438,4.0144230743651361
3.24287484207,5.0306514316350448
2.81315119102,4.4040953533212113
3.74338407642,5.7288226653363346
3.13592130837,4.8891790113086699
3.1123382413,4.9242362784599596
3.04981366989,4.7781070585975582
3.68477129215,5.7443468118236751
3.21683576188,4.9867754197746574
2.74282242493,4.3489917959458841
3.71044466122,5.6084971298893089
2.93160818097,4.5352828157778982
3.3417779665,5.2150554193668048
2.99848706564,4.7561755253430329
3.00135622569,4.6604841499500145
3.76848456695,5.7308164591265669
2.74063899341,4.3179350088528548
3.62806469015,5.6823383624143
3.55246415152,5.5149092583073767
3.17827070083,5.0132109591356722
2.67530575727,4.3179274848549465
3.16490526648,4.9282392110078552
3.21286163356,5.0714091422831649
3.72726247361,5.8685099045036955
3.1901378218,5.0147794408181774
3.67245865363,5.7419252620691505
3.19918012764,5.0465948447253037
3.19638354506,4.9812693513404227
2.83133615773,4.4799090114644926
3.61548646502,5.6606023377979575
2.72928302853,4.2816978010556932
2.93417750468,4.6435220766476126
3.05906766285,4.774325654989009
3.86804213716,5.9434058046932092
3.5788904632,5.5699591554194301
3.01684191941,4.7299277341818824
3.88558294587,5.9728937318849287
3.72304017853,5.684771116603712
3.30701120846,5.1650900001411753
2.68440759682,4.1878298869679842
3.10385980956,4.9217180443041117
3.46966043497,5.4268984236089359
2.93757248194,4.5146499665981938
3.59701275994,5.6355195513572438
2.67358007544,4.205229200647727
2.94091193061,4.5793983094027437
3.05559938765,4.7564752134730828
3.02058194261,4.831452337218618
3.14642485892,4.8627401410821722
2.9377291445,4.6286745606366102
3.18637069246,4.9222368940224035
3.00039009815,4.610784570216337
2.5353669516,3.9760560069664286
2.96648155465,4.6170153204999762
2.70151387836,4.3094603933331319
3.48996354034,5.5624900367624921
2.97483289219,4.6346314943935827
2.647347529,4.2215832142596641
2.8538669917,4.4971840450850022
2.51267327674,3.96396684751678
2.5915420286,4.1911074915539626
2.8273542816,4.508134711652902
3.71739146046,5.7648520298807062
3.60195378533,5.540287891421424
3.14453489271,4.8710375701448649
3.44994228243,5.3126352571161544
3.52872090481,5.4476845269945127
2.64223615454,4.1846754681049054
3.05746508429,4.7909233916453315
2.98561294929,4.7029370698298658
2.90598956154,4.5397600603137755
2.59202617475,4.1753478793563321
3.64123049296,5.4642979295200425
3.54302780613,5.5371024685071122
2.58020149194,4.1125345327831946
2.85612876368,4.5321252410760167
3.67969665043,5.7658309403967607
3.16077851936,4.9230864041580871
3.51518978383,5.4230270750804692
3.6737001074,5.6633394895291715
2.82232930404,4.3573399809461728
3.65506912281,5.7155074726224973
2.64400286385,4.1805976073094344
3.3754326913,5.2533703507354117
3.68621997625,5.6582917037625426
3.18424677058,4.9290929464623252
2.56789676003,4.0657129261768326
2.63992523588,4.2218861164114481
3.44733492056,5.2690363176819091
3.71806680224,5.7324853332394383
3.6771580736,5.747683284279681
3.32249484995,5.137795997614063
2.85711165398,4.4977610431447941
3.62797530878,5.6092819186246681
3.33602029655,5.1367023774554603
2.91970491409,4.5947970151802862
3.62415159906,5.5974689933054043
2.99018789871,4.6855543571265716
2.84284994235,4.382230955990404
3.2322224834,5.0841328525996969
2.53371889651,4.0147633598119015
2.85521030875,4.5049250217343673
3.21991893789,4.9669574428109522
3.75125293472,5.718378781094084
2.60560868152,4.0792238108407624
3.68113439,5.7384198785702933
3.68251378377,5.6926444234368683
3.63337846536,5.6428850648110531
2.94163948172,4.5668853915779168
2.8132120553,4.3909409747441064
3.10646740468,4.8504125645189244
2.70889755402,4.2854660018169008
2.9974879112,4.667921886393442
3.70304868489,5.7437749289263218
3.51488729517,5.4116774738081528
2.8776014904,4.5281724097446707
3.7253215989,5.7337260978425659
3.25458604495,5.0759369000608352
3.63860074614,5.750355162382613
3.61227485408,5.5647509098020782
3.44757246878,5.4361228756233606
3.01174728375,4.691016643131392
3.22138006036,4.9957692903436444
3.0031255621,4.6527073096619462
3.45070660277,5.3591856623357046
3.76371430573,5.7241882831444375
3.57878148957,5.5469842369731373
3.47294683754,5.4373928463460004
3.24869870947,5.023263557624059
3.85784834466,5.978030273304225
3.79980545225,5.8343293583468609
3.23497966486,5.068058275047691
2.85270885626,4.3962929689719532
3.86569374605,5.9548480239570729
2.8779187731,4.4539641785260091
2.70981628584,4.2062430859567739
2.77764583655,4.421183695367545
3.18987534826,5.0228898757806357
2.78664750546,4.3545657862211504
3.66125696474,5.6400670755205846
3.82438013913,5.8071380711095122
3.75763143164,5.8065602493961883
2.54539202626,4.0780717119038918
3.18592639936,4.9461645721799163
3.58127503721,5.5363247755454639
3.26245561739,5.0738868368203995
3.07775247113,4.8219455918844032
3.22044055793,5.0555537510460491
2.70918277334,4.2821495699179959
2.81294588698,4.3732943589072777
3.04776226152,4.7927385598445316
3.10352367829,4.7631717821429955
2.78760820739,4.3290479200691774
2.80570389863,4.4357417213590074
2.71015702009,4.2372329015453785
3.25716134221,5.0502281277045675
3.03930197703,4.7738417236871555
3.88815754223,6.0187626995674659
3.55677753082,5.3485144840426733
2.81051193375,4.3505453082735466
3.44045958585,5.325414572642388
3.1426329976,4.8168668610890037
3.88571504086,5.9692632014940026
2.62476293908,4.1439552934959174
2.70071828041,4.2607206792637129
2.85853557213,4.5112913086443811
3.20051045245,4.9600843988275232
3.5427848767,5.6002940448535607
2.78580521069,4.5044404085585885
2.7638520344,4.4297828246979716
3.85243090937,5.869192469738806
2.82806959978,4.4632523099403043
3.11490671825,4.856478705650126
3.77807961411,5.8316394110158223
3.4452148816,5.3074651152493155
2.84693913738,4.4505514474553003
3.66158365079,5.7676679903495787
3.59463110279,5.5119531002638382
2.75890332459,4.2509137600865925
3.56189120303,5.4128803196713511
2.9609615726,4.6335092493967007
3.52955164425,5.4217295694853815
2.95410658534,4.592464690525679
3.8767261913,6.0551949708106942
3.3026850587,5.043911087740331
3.22076120705,4.9970208171536639
3.21911982807,4.9225347442928857
3.21484154777,5.0448167867166562
3.10774094409,4.8398806652196047
3.58866506075,5.4641116728800849
2.6446432835,4.1589287497346206
3.06835044565,4.8051965738839106
2.86672321356,4.5058805049301878
2.56877653892,4.0529147001045622
2.54505594103,4.0227862359172013
3.09050350878,4.8712337219817847
2.64811717957,4.2703752800260535
2.89713809774,4.5757971158612012
3.13450107115,4.8902713109580933
2.72185440045,4.2853747543969689
2.5894217898,4.1385748852003603
3.0774560915,4.8481103784362567
3.05525428758,4.8611335274470369
2.83846633208,4.4102358601586076
3.54950649649,5.5421935599299728
3.66040389661,5.6363933203680494
2.97962160442,4.7157819941350612
3.23073799165,5.1264165358215861
3.52231128905,5.5200478027658075
3.62642800256,5.500487005878667
3.25958377162,5.0859135927565813
2.59752599694,4.0952935056684288
3.44912514814,5.4380003925400624
3.21778282198,4.9895343402089445
3.64885481986,5.5826962266312972
3.17208703867,4.9869588096281845
2.96662621475,4.6827352714894639
3.2775057541,4.9830758292730488
3.37483902107,5.2976858028146196
2.91614124726,4.5499272612265029
3.54257390699,5.5265820465152293
3.08157377841,4.8088536980248122
3.4912715294,5.4145262160118328
2.67234444575,4.1748130887085431
3.33215633044,5.1727770089571479
3.21188561146,5.0451892108683252
2.80873720708,4.4097534341044407
3.67803088417,5.6718676713209799
3.38188018705,5.2061904984936564
3.4105641577,5.1978014183035564
3.14368629563,4.8899874974404671
2.84451948743,4.5978630031194889
2.79622874847,4.379835126232039
3.3407141495,5.2084274662187227
2.76447883356,4.3442983151603691
3.58296498111,5.6299208692805296
3.3534884863,5.1513539898615424
3.52335765884,5.4444360886833127
3.06909310935,4.8219525525800488
2.70876301309,4.3107630685719878
3.10944930177,4.7913236734228954
3.20024323519,4.9828953559202533
3.70101225676,5.6943418723001082
3.53901352254,5.3919107405101725
3.35304795492,5.0969618513217156
2.92900396931,4.5910728999189399
3.15112315923,4.9593719548125295
2.74347396468,4.2515298525185123
3.43156797371,5.3386147386939307
3.16742374774,5.0157059401744553
2.80910985231,4.4312289267480018
3.20929581008,4.9599196931253848
3.33162019892,5.1512351200820286
3.75453989126,5.7825847936233252
3.65611519668,5.736026689632209
2.54163185252,3.984852811655244
3.70922954254,5.7062239914696393
2.82316347336,4.4548900557200222
3.86035817524,5.8839779017790308
3.30692656061,5.1066553460149731
3.73497488885,5.8182971866703257
2.57621637191,4.0824226004664297
3.57086329001,5.5167404772254516
3.80603423271,5.852458717142305
2.66840370217,4.1661211126778168
3.08040882805,4.7980175758705057
3.31067110726,5.1209040790970279
3.00119736985,4.6007705769169487
3.89266166367,5.9587435000856672
2.64369964029,4.1495123364385433
3.33292011483,5.2105357125409579
3.61521469639,5.6107327368013351
3.48234277796,5.3504616466771751
3.23826364214,4.9935232048179303
2.6083566919,4.1216303689847349
3.02623433331,4.673230402708545
3.31025475358,5.1596255844107031
3.62311546548,5.6049041119330321
3.56915469551,5.5360804591503321
3.17643070126,4.8834695708593845
3.42922741575,5.2970275116114172
3.376264882,5.2389758295441826
3.52778933356,5.4386974319150072
3.08509181662,4.9343183832677671
3.1072130259,4.8691197627698211
3.43293054226,5.2761738375804041
2.89353617823,4.5307938063881048
2.76969221513,4.3320171935017084
3.32345955277,5.186036648494154
2.73024792715,4.2557570479148703
3.52610001941,5.4602190895072544
3.09598342773,4.7179171555552291
3.51699020041,5.4277703034344569
2.57386689188,4.0517235721690223
3.14147267892,4.9166600794987927
2.87239410672,4.4810548497476219
2.60131942546,4.0998365700396802
3.67869112013,5.6500839189476038
3.60862359894,5.5440908513372307
3.06476711118,4.781551886951271
2.82555513358,4.3736192675595404
3.72601300475,5.7273399729768659
2.59234137321,4.0896427372906325
3.03760177459,4.7945543789263176
3.49639678552,5.4438312771944446
3.79783805649,5.9047659819179357
2.80403046401,4.4335592074055246
3.26211483673,5.1149111629043427
3.88960675985,5.9647400979682486
3.42505182445,5.241083448157724
3.44629991918,5.3201611957284944
3.03235933135,4.7548358904918295
2.70680361987,4.2237736267222958
2.69229663626,4.1659629413647936
3.2351553122,4.9790578219770039
3.56656746315,5.5044055872307451
3.01638470858,4.6994686735963924
2.60520434867,4.1433416163528101
3.39814524404,5.2925650876393169
3.2079352051,4.9877512782347448
3.87388125325,6.0324139238119621
2.52115479494,4.0030784183403121
3.1123605852,4.7925342186480346
2.62245097313,4.1713622576384628
3.44420108147,5.3983073477092516
2.58677247446,4.0256157630987843
2.64943767574,4.2771764725322656
2.76399472592,4.3515030396166976
2.68424406219,4.1934754051762386
3.47645580808,5.3809342978463741
3.53770805261,5.482820593716208
3.64902310101,5.6151053615374469
3.03236005661,4.720092887413796
2.88463359754,4.4457098083585072
3.61213617312,5.63728898196503
3.45034317278,5.3185705631511704
3.01529715208,4.6153632131990356
2.63970823403,4.2574500834617588
3.73756260656,5.7585827479806762
2.89537484814,4.5478651761087363
2.88653554989,4.5410212725728032
3.15331712116,4.9447221471661393
3.19999059771,4.9959523039031177
3.05442475723,4.7917630591008429
3.05573767601,4.7484852503625143
2.95249544964,4.6800877358645057
2.58577686846,4.135479838840836
3.8646995868,6.0018090934824713
3.12812791371,4.8859139666987881
2.76240296985,4.3260779929852076
3.50578227499,5.5229891529661455
2.97160674636,4.6542760411215225
3.06627558448,4.8435665403672532
2.86627709406,4.5201505608605865
3.35710513273,5.2611526943893168
2.87258499778,4.508931903877782
3.4630938163,5.4009151821735735
3.34833385071,5.1690286292191603
3.32254955675,5.1267593108477207
2.78527278177,4.3652718293424666
2.9148717045,4.6102194087368726
2.83577793724,4.4090452796704067
2.80259698286,4.457832089928778
3.82398819496,5.860482206904055
2.58773127183,4.145366010371287
2.86525271185,4.5108659228107415
3.59871568091,5.4112822839157397
3.31304462782,5.1598870760242033
2.72595450793,4.2214489456119715
3.29887005633,5.1641343951537815
2.57576355721,4.0537954087014327
3.8281250889,5.8464258868891585
3.5710819206,5.5174124575740793
3.01530403411,4.7351373148119835
2.97555315211,4.6203921937708445
3.78757406016,5.9132117963290263
3.61239212583,5.5047920915841004
3.18662724783,4.8693467258753822
3.86578081822,5.9687096863429714
3.83710487171,5.8430202129816635
2.62259422631,4.2124342783750706
3.40673159519,5.2163003258081408
2.73587372518,4.295795065706085
3.36444915738,5.296223410516812
3.536915149,5.5634089790847057
2.95151230058,4.6445146714888974
3.43140125025,5.3021742949577364
3.43482593961,5.3186105771260053
2.88961136945,4.5499089157802359
3.06787979482,4.7534819322935942
2.59650921463,4.064763832241991
3.07385909228,4.8362443116715914
3.21261566818,5.0190888432558198
3.71805292173,5.714327966339054
3.21974355446,5.1027064868299785
2.72255174133,4.2760681367877158
2.58583469686,4.1241729586471898
3.22610075856,4.9875668641590334
2.89970690531,4.5612783668123296
3.2939967044,5.0778271111448134
3.24420140987,5.1008265026053925
3.73241616982,5.7162187234460538
2.52120445859,3.9707821764470359
3.5831310947,5.6017359866363599
2.74444334771,4.2941244180707594
2.83411269843,4.4846255612371833
3.1323568698,4.8993121114829234
3.06621941394,4.8199263118603195
3.02906078543,4.8084576376239694
3.55235539893,5.4374135505151795
3.67894168309,5.6828312760719681
3.77444788305,5.7935524712276001
3.22534587285,4.9287686623533551
2.55288561003,4.0766555111749065
2.89707526379,4.5377267853219978
3.18664477806,4.9899553108116788
2.81168898205,4.4051813963197031
2.71807466649,4.2673601829019061
2.88193251806,4.5217746767146743
3.87410394973,5.910554719307485
2.93436385167,4.623934789832771
3.58362171021,5.5424538758957089
3.4820788736,5.393375540678476
3.65091969468,5.6322400842697631
3.43601099946,5.2392764004079728
3.72942517931,5.7316492881095575
3.82411145708,5.8302881912988695
2.74377095086,4.3438221104213861
2.62633963126,4.1297232089407885
3.36382526544,5.2392417240837696
3.69313099941,5.6181108714413863
3.25792833827,5.0227298673771674
3.33277237636,5.2042068546039406
2.64442105174,4.2141462767603866
2.96430557036,4.642923471578924
3.61782073481,5.5375807805828359
3.70517940419,5.6031952155554512
3.52112108087,5.435286520914449
3.53865734693,5.5243559769249133
3.19941844496,4.9932589016548823
3.73301120301,5.6985166112472561
3.80117846975,5.8202548998916663
2.7170001772,4.2314563317696257
3.50824001639,5.421485845898312
3.04154304977,4.7071088097854918
3.28081465469,5.0720046803341532
2.5617544607,4.1598244455032916
3.12759265609,4.7898121918667114
3.86535248809,5.9372543435573917
3.03785472857,4.7258186727603055
3.61134566003,5.5617488774796824
2.73968745953,4.3298900383839882
3.09070532302,4.8510847787515905
2.90042987929,4.5252228688712535
2.77965949755,4.3206932474673527
3.22347669039,5.0285191006231766
2.74558382045,4.2805535978104423
3.30285322156,5.1784992872545388
3.07724532555,4.8052340026429547
2.56320318156,4.0112518597606286
2.70733782051,4.3731931841458369
2.68675687111,4.2152878715582212
3.43734889658,5.3129472567295641
2.78537286244,4.4088806587345948
3.58218173415,5.4910034327193209
3.18749483618,4.9334203431722532
2.69475309912,4.2337766482086145
2.92377855917,4.6200731676144855
2.9849213045,4.6474553451917453
2.99178443473,4.7207073876894583
3.30141422921,5.100094652578278
3.1100606554,4.7996037881273201
3.49457185615,5.3376823237020972
3.67370629946,5.7271192764093577
3.43648482881,5.3133856110158515
3.28429370567,5.0539486925577899
3.88915442403,5.9873236924221658
2.89903238801,4.6096235003979036
2.609597974,4.1065709994381807
2.92105140808,4.6395954176033332
2.96993975817,4.7214555721496785
3.58178806373,5.6185058343158731
3.86798339163,5.8798622847383681
3.06300078087,4.6868972626503247
2.92919131942,4.5568153268302884
2.8328335448,4.471693474088541
3.2284149403,5.0405721372595762
3.10088333391,4.8018495964285508
2.71010871741,4.3408762478916492
3.29434683912,5.084635687165985
3.47362930882,5.3125884352530157
3.25207290869,5.0531684790036628
2.94969593967,4.6710131506029731
3.29256875164,5.1483957922993318
2.9324814448,4.4725532994140895
2.51295141934,3.974492196566966
3.19577987514,4.9981750441392148
2.7184537767,4.3391957246235631
3.65688151884,5.607646075186814
3.42327820995,5.2949028701444325
2.63385282137,4.1025264938251231
2.71315142508,4.3271432875356926
3.839072569,5.828473597364372
3.80616003481,5.8430775573374358
2.83355579761,4.5345571889845244
2.76979574322,4.3570812709913547
3.39873898022,5.2704987056643713
3.33606545145,5.1902150141292545
3.55147357375,5.5304516952014096
2.67552690143,4.2730111296215663
3.446321322,5.3232472198648466
3.82925722673,5.8255706841315673
2.98923800241,4.7001472646350244
3.79234460065,5.8977487791708496
3.00181633194,4.7182163256915599
3.22617068348,5.0421791863175374
2.62333998296,4.1716426133206541
3.89833679505,6.0741264114971925
2.64111019662,4.1572487552508672
3.85825262176,5.8761987130591731
2.85005012262,4.5900651321988066
3.36470085607,5.2332228494275643
2.71261209994,4.2581909755686684
3.54377373444,5.4674989706187107
2.61761648356,4.1436236078008397
3.38697477734,5.3478356144403145
3.44353691743,5.3602578116999977
3.46629390953,5.378057363747752
2.61407053955,4.1393563089727188
3.82357572375,5.8511692569692464
2.63310969751,4.1576534704524768
2.86738912522,4.4912021204494303
2.81074774561,4.4309134292853054
3.25573034367,5.0970195803175988
2.88422366759,4.4979202951488695
3.33651495334,5.1333624219306255
3.85404235395,5.8336337927858297
2.69609459802,4.2975189258212074
2.9658900949,4.6270757154175461
3.73902451236,5.815200385434184
3.85009303842,5.9811467514247143
2.77445665885,4.2962320265015386
3.83335269369,5.9396980716246182
3.70403793699,5.8157983244158133
2.57530207606,4.1107383848273304
3.73587818019,5.6282663509458182
2.94137838215,4.5508528927806111
2.89253841576,4.505331272491131
3.89246795402,6.1041617909290284
3.23239697179,5.1157049397731029
3.5128944748,5.5074361023106944
3.82605680385,5.9702144112322904
2.57354422338,4.1237708031943363
2.55134725964,4.0872456704605993
2.71146964094,4.2679118008855852
3.80012329563,5.9503890143701161
3.36109959729,5.2399763843678571
3.31857179397,5.1658331658874301
3.04238263704,4.7693749697994718
3.55704646119,5.514816685832364
2.5630482076,4.0765474116032614
3.25797433384,5.1397290355683714
2.80295419719,4.4255821042410819
2.57803376706,4.1398648705375436
3.26403150971,5.0569906882580815
3.63500532342,5.5954821743870031
3.03614136575,4.7506882217510631
3.27876687983,5.0920994020229706
2.65709809182,4.1772467696794173
3.60969174877,5.5599484090602127
3.05671670659,4.778535842942671
2.81437336853,4.4459504766375071
3.60572667649,5.6120694089707399
2.96425366884,4.6395051121819337
2.86589537399,4.543880022300983
3.86659085349,5.9256319046995785
3.40841555086,5.2939336101282946
2.58257912988,4.1642286616117898
2.55199619652,4.0506425335405991
3.03678731888,4.7205847278815014
2.56534660279,3.9973758641602033
2.99197166215,4.6797643950356722
3.69726733076,5.6692189865261078
3.43145076061,5.2867261444593403
3.82842502145,5.8124864444312694
3.62517677449,5.5869983483760253
3.67016412025,5.6491039251218602
2.8751150818,4.5473293147573477
3.11163365886,4.8937421861094794
3.02246423379,4.806691520259526
2.719997213,4.2762965661310011
2.98052524597,4.5984769736862354
2.70726316251,4.2707557116465438
3.30021269747,5.1738385277207248
2.99140569015,4.6673582222653387
3.19658562986,5.0099277271162874
3.77669783448,5.7210918830837416
3.10520766636,4.8520369374140326
3.60733270784,5.6294583847042388
2.61359781022,4.1521076178271414
3.74113143195,5.7629780818463736
2.6976581907,4.2568979354468945
2.55969093728,4.0872120181107938
3.67654927873,5.7345041715298901
3.71162418177,5.7949823516450358
2.91942465729,4.5181038140850607
3.40583931999,5.2136105051822232
3.03698164355,4.7257495782097649
3.02695847252,4.6710901410946066
2.83934841921,4.4307313839455089
3.52372786112,5.3711348135432671
3.86570051291,5.9876188501757843
2.74163806386,4.3270145741844219
3.56380934007,5.4612471367017967
3.74057567509,5.7708492099772117
3.57960969735,5.5838825275490551
3.68772491222,5.704604210172584
2.78196744339,4.4353302005139303
3.8035492302,5.8487183710552033
3.10488932972,4.8774576729929278
3.21380216096,4.9628693331485199
3.01639751775,4.7593524786566404
3.89491319855,6.071353796544054
2.72671940758,4.3376448291837715
2.65006095367,4.1914321733160129
3.88032558126,6.023630287078853
3.51980589188,5.390312589237432
2.98175360791,4.7971004664237595
3.62259684687,5.5719577081668836
3.69772522231,5.672406824449773
3.80881077743,5.7657375589944486
3.43798148002,5.3071479264702308
3.12366252798,4.8134474371838252
3.02575998646,4.6755234903543412
3.42956816714,5.2618354771868887
2.59605137359,4.1817555892925968
3.63730900376,5.6438067616544556
2.89507159283,4.5474721900614465
3.66678206978,5.7350582085767394
3.55082107665,5.5416964207704984
3.53444263184,5.4228940523183162
3.25933221136,5.1122502318568186
2.83763524562,4.5310478122466566
3.13955114566,4.8942256240687527
3.13022068225,4.8893612067679486
3.86830240328,5.9140918886189047
3.28660217497,5.1185410526912385
3.82903732293,5.9420232166619318
2.60036742413,4.0832204380099713
2.54219943196,4.0677997339091991
3.07655122988,4.8596591952725818
2.87555939105,4.5248308534944961
2.91401281313,4.5512401756447636
2.6386635095,4.2204145167977565
2.57698053166,4.0200156010828092
3.65393643847,5.5920106023176341
3.55493082021,5.4308965357479941
3.78740100412,5.8259901575469888
2.61996783402,4.2086034295547741
3.67620368105,5.7804782320481554
2.82853562713,4.4623094366579865
3.61487079886,5.6311771141415488
2.83447257384,4.4945509766019818
2.87172429697,4.5478707288386522
3.6431418544,5.5994049967836581
3.34293007571,5.2029581313738476
2.87704033045,4.5003362370993454
3.55745205691,5.4999684402731157
2.5605394498,4.067002279514881
2.57023109054,4.036217854649264
3.47008312056,5.3408924407450877
2.86712748089,4.4469354121415838
2.55170596036,4.0162184328761148
3.34615063493,5.1319195223639396
2.73717748438,4.2789790311002278
2.58306013203,4.11779597567228
3.57173557187,5.5177822063604074
2.8243211808,4.5209218393940205
3.73951245584,5.7604432888740957
2.81105612277,4.4809246915224303
2.79571311558,4.3733408304507595
2.70060491536,4.1902406758032571
3.38019286874,5.2377018953669632
3.30742141202,5.0884059371900765
3.23329261697,5.0602630962650421
3.51241040385,5.5019534266932384
3.20142123449,4.9558408809628354
3.87146985255,5.9199474695097605
3.77679653356,5.814989339593895
3.48657666435,5.3945862050283697
3.19307464939,4.8901786557722886
2.70764281787,4.3305399589860363
3.07958433234,4.7720201536811517
3.0182030026,4.7648611212198402
3.3257509405,5.2032615418059951
3.87633303322,5.9520326698857202
2.78040359587,4.3459183838317754
3.3110290515,5.1697929262698521
3.55851915259,5.3502161073027494
3.72117798306,5.7382282853990532
2.90446882575,4.5343952039214415
2.83803556576,4.4879287316495509
3.25706654119,5.0489471680331484
3.71994327146,5.6630435662224192
3.81941124513,5.8903948378369444
2.51408820903,3.9560441640025821
2.64785920849,4.1722577081495187
3.4726535355,5.4668296032594688
2.79439836495,4.3523392611866285
3.30514052992,5.1361635156938927
3.48949366124,5.3979700575952121
3.40616111832,5.3050225246154143
3.07949775283,4.789912221642866
2.62489623293,4.118199831301359
3.59607398986,5.6091519766313409
3.85238152816,5.9646261301682051
3.18987867909,4.9084689833751005
3.87635960917,5.9830989515088175
2.60735400101,4.1050348768491398
3.60011557416,5.5840031122101257
2.68955598719,4.3158530372352377
3.83660078256,5.933870859487774
2.90511162252,4.605324365431585
2.77446096794,4.3288734227580807
3.00221918913,4.6388757240205605
3.84147013053,5.8588179138777194
3.1458349744,4.9675674296224486
3.71811079205,5.8244775894611163
2.8865972258,4.5442543548267054
2.88811193604,4.5269579948589893
2.79480583851,4.4022294013671024
3.44533903556,5.2839100301905964
2.66178387924,4.23447220157703
3.55672907604,5.5056406729123433
3.48912770728,5.4055364945525586
3.35235558698,5.1981993445933226
3.55989314948,5.5599626505138842
3.31280475689,5.179352674337105
2.61000407374,4.0993875181708983
2.60704052517,4.080774042143779
2.67347979641,4.1771713968758712
2.57001523704,4.0527784139419225
3.31811615707,5.1693410429694602
2.85492434874,4.5701947230205953
3.32667467418,5.084543157017797
3.45488166157,5.2872481857951614
3.14924433773,4.9578287587389323
3.12018253318,4.9399736582310423
2.79639219853,4.3320513146189832
2.79138209761,4.3788540958679221
2.71858969325,4.3262791218805816
2.59005292556,4.0811090859514545
3.31527650566,5.1679357260311409
2.62140659732,4.1652801532984558
3.69963353036,5.7944581757072724
2.87257370481,4.5168079256413209
2.74307593134,4.3289263508961646
3.60400118891,5.5145630820830673
3.55410457521,5.524828864457497
2.90006866366,4.5778647387047187
2.85507197763,4.5197423732579978
2.6579418165,4.2382535379536659
2.82321543614,4.4515059598847984
3.3637137315,5.2370356173732793
3.27732005527,5.1242470844562371
3.33985505858,5.1440389263519286
2.85804369424,4.5580773532385619
3.77869056702,5.8193469435864484
3.20595641568,5.0470285508427608
2.73945317966,4.2890382247196834
3.13788021343,4.9022988668764738
2.85683467858,4.4858430625181001
2.5202577963,4.0270262187841341
3.29452308847,5.1225895763409683
2.58384743398,4.0584773071631766
3.30928452881,5.1063351985511396
2.83655557903,4.4311124773793535
3.23331911735,5.0441632599565089
2.86531915784,4.4740650017891399
3.70403734193,5.6355558616919916
2.88940005231,4.5100590254498725
2.89994399215,4.573480558642391
3.26998660234,5.0656107803139427
2.94078902885,4.5857232518130795
3.68692394742,5.6861837838509448
3.40588918542,5.221032588316814
2.92638270182,4.5968710546269511
3.39094668987,5.3252198847703625
2.93081565194,4.6810465676042501
3.12013953166,4.8697896979679056
2.98401669861,4.6617295264836294
2.56851564926,4.12857492861112
3.15332634456,4.9371893557764706
3.16099876542,4.9883282312273218
2.5233800639,4.0701288909647797
2.64412143635,4.1245162480952837
3.86028117181,5.9237858874951952
2.53232085521,4.0378060230303232
3.38412607901,5.2667284008431237
3.05851125353,4.7577597384106811
3.82598885117,5.8801269852363003
3.54624847463,5.4121515854205136
3.50156190521,5.5166647211765696
3.05044805294,4.7226630785765504
3.25055135871,5.0834227871305488
3.80972426451,5.8228594556328419
2.9546769708,4.6494296802135153
2.99851633677,4.6674616398207052
3.0688463361,4.7771281271547412
3.74643620176,5.7593113746854101
3.31383153573,5.1341609074226051
2.81294953929,4.3901210401932076
2.65946811693,4.2043329732921215
3.77077858178,5.8964926515524274
3.63342946362,5.5386803829538076
3.57479011065,5.5380430299986694
2.91277122359,4.5292318062576298
2.51268205412,4.0474098315203335
3.32801739481,5.1083016934823187
3.27110801987,4.9858778021365593
2.90985743823,4.5898133344523302
3.45905274393,5.4170299800978015
3.45978873419,5.3372389221603944
2.96768660458,4.6014308234228656
2.72513463926,4.234145353790467
3.50908006335,5.4630660196961305
3.14735122258,4.8346974876416446
2.77281833798,4.3640339161029971
2.94832121094,4.635973939190956
3.73409127174,5.7547522495128378
3.19151305169,4.9341282195517344
2.81763634539,4.4643226079651521
3.20955814175,4.9903786201427165
3.04529016561,4.809286308127521
3.33825399252,5.2415164072759213
3.76743143783,5.7512004154677712
3.02817691644,4.7929075723205905
3.26184682513,5.0618233402805277
2.67334866229,4.2976340533796398
3.04298009889,4.7995629243267484
3.81989984544,5.8762832408491192
3.08295576448,4.8417635393397989
3.65466901862,5.6493304619077493
3.84147240461,5.8485101226739227
2.67206486059,4.1734856014799053
3.0068370607,4.6863611937686009
3.42039817161,5.2991345113487807
3.09339380143,4.8249114158679474
2.97089121374,4.6996131848677605
3.84806624618,5.9896023584673701
2.60713430253,4.0336440147085622
3.35801406522,5.2140593105802946
3.29544761636,5.1041162550271961
3.37653995081,5.2553557647147002
3.62018646257,5.5241159006539098
3.16862083215,4.9353642468734273
2.73230737003,4.284431711465702
2.7003545427,4.2174415774940135
3.04361092484,4.7697138627200735
3.68766681063,5.6679518031223219
3.31922237796,5.1773727191698367
3.50727356847,5.4363795961523174
2.83082293961,4.4439919571609625
3.54485102682,5.5408745325296334
3.23268718408,5.0275926546769121
3.10773264896,4.8542455977594861
2.85358520446,4.4985448921871187
2.78684949943,4.4161620421585983
3.38895020939,5.251463967135523
3.77926682751,5.7463800762708939
2.73705286412,4.3027137410427176
2.9929715154,4.6871578212446998
2.89213624245,4.5515653004073293
3.86097744192,5.9446951072838088
3.55191200849,5.478151879310281
3.29005103199,5.1784955785704456
2.97229170792,4.6754236399821636
3.81115570039,5.90315087788957
3.80198750551,5.888661417723501
3.79847163579,5.8435586888429381
2.60267290628,4.0606838893494777
2.72528203544,4.3439421045922932
2.98811376994,4.623292575278672
2.7678105162,4.3334891446129511
2.6913486889,4.3677463009134252
3.53888461792,5.5230795422179932
2.80364568037,4.4202895076441191
2.59369466412,4.0889350230692303
3.07779830607,4.7497227558490991
2.92239434137,4.5564858820488796
3.13267265726,4.8975145696147617
2.86445105582,4.4786726686547995
2.75423506207,4.3731029006764448
2.95555578472,4.653618147732141
3.27707874613,5.0829675138082759
3.66943915937,5.7120734162375717
3.56161165776,5.5093294316317918
3.54653469311,5.4599031301971515
3.77039138247,5.8698921837177149
2.68309031939,4.232513851015363
3.18750533994,4.9445406658595035
3.63920770033,5.6701845134256379
3.78839270903,5.9353542937342505
3.87216319228,5.9609231664255811
3.65070468426,5.5255443432101119
3.07305513519,4.7898950175241479
3.83519871616,5.9774497658784691
2.95591836262,4.5993655696438953
3.32280250707,5.1935296745143971
2.92194780619,4.6201745346833629
3.36671987132,5.2346682128497815
3.79103443653,5.824301010048595
3.46636706091,5.2992665688246463
3.62474089816,5.5939140233394262
3.37401294826,5.1873260396778953
3.45556335874,5.2171225156349461
2.84231440551,4.448670149125868
3.05544161358,4.7611786950623483
3.01544467615,4.7304167939843138
2.90223227169,4.6149452928330792
2.59156660504,4.0907835776902015
2.55221812134,4.0289122914863427
2.88574201914,4.508415956794912
3.50223785693,5.4200696852191221
3.30849984699,5.1113020301462555
3.29524740191,5.1301957299628356
3.73176028125,5.8122248536010073
3.68119396009,5.6404556861843282
2.52705389314,3.9852233941502062
2.81449831025,4.4178905663310539
3.37966995004,5.1683587461020686
2.57428128832,4.0366959457987912
2.99088314688,4.7392683078660571
2.64128926478,4.1396943327080962
2.94812243175,4.6485597401992456
3.39770992468,5.3113304441300491
3.74737118742,5.7183032419587683
3.38156790302,5.1287306630380209
3.27427247523,5.0425056185242756
3.81127976683,5.9006495613072074
3.46512545702,5.3581470130295488
3.76434434077,5.7948246194928963
2.81214524197,4.4707807772344443
2.81214443911,4.5423177933808274
3.55067130263,5.4185512021817708
3.83168452603,6.0502538226343425
2.64144935666,4.1883722293190893
2.97018965692,4.6888274270490875
2.87979327968,4.5671397607949817
3.39399974024,5.269770481164791
3.10355295613,4.9240685928747112
3.37508242114,5.1772273462920362
3.52357172421,5.4745679724946328
3.57965093778,5.534581341425743
2.93656249783,4.6337599827853548
2.86022872709,4.511507101258208
2.8263591501,4.4360775140972715
3.54998943832,5.5312864152878287
3.32186009679,5.1291732223045683
2.54915063622,4.0960281013126183
3.20428966677,5.0077352788729703
3.86406378676,5.9703407330716249
2.99369538681,4.7688015664338526
2.59889609461,4.027238394650805
3.81920964061,5.8118001711933749
3.30152504047,5.0582844542322656
3.82804495233,5.8457392895183187
3.5506259951,5.4936859567810536
3.83653037449,5.988485151425337
3.4335736659,5.3438762219210103
3.81195208979,5.8776949092495556
3.0537774058,4.6960051157630982
3.4385020117,5.2997824668770139
3.66911578057,5.6793460329878895
2.84151568661,4.4885469003836675
2.75941811498,4.3285946051055264
3.82489333909,5.9342151521232465
3.84158142392,5.9488374957384282
3.56200052435,5.5406127331496
3.08882778757,4.8775203942518202
3.65586978847,5.7523434260780322
3.240225515,4.9705335732477618
3.22592186328,5.0101347730669605
3.65225558309,5.7453034178156601
2.63314498599,4.1423495109964996
2.98666235215,4.6445315819484438
2.78465567971,4.4124798717866121
3.75076403686,5.8971079558739961
3.39351952023,5.310646493496157
2.55388668588,4.0426665210757964
2.86682412043,4.5454529060220521
3.16561847701,4.926886267184476
2.91648865576,4.6363328279724438
2.66521408212,4.2151013924774476
2.60472491703,4.1808020934955357
3.8295579097,5.9132125284950856
3.36486264418,5.2117841561039997
3.35923036266,5.272049372126574
3.83816335515,5.9326749785118107
3.33087862444,5.0784999375107596
2.89757159907,4.5063008340819719
3.07438039817,4.8528033789683827
2.92344095641,4.5758561567589942
2.83862273489,4.4203193380655019
2.78278323512,4.3598449311105414
3.17098786349,5.005537353922846
3.23562782068,5.0401866117497311
3.57269317817,5.4754016616290562
3.21292224531,5.0271251281820124
2.63893770366,4.2279641927666161
3.57101780161,5.4549032030487501
3.29427153673,5.1605496580307486
3.46838126219,5.3704377520584448
3.14273493426,4.8901791967968089
2.58077962294,4.0263478504003851
2.78868426576,4.3698641510630614
3.78715030484,5.873940038068346
2.68795059516,4.2198317746892329
3.53731644343,5.5161708175982174
3.67648243286,5.6273473105120422
2.99814520164,4.6856942687174712
3.77801932675,5.9313999557755457
3.07051080227,4.7234067933119475
3.42655865409,5.2867191280654433
3.801764578,5.8397701921504179
3.25252115797,4.9860520289685448
3.69449866042,5.6971871655444097
3.37968556377,5.3388085735402306
2.90233592646,4.60887417738914
2.60489026239,4.1537263859528499
2.75695386777,4.3132753093527727
3.40311784289,5.2336929511556578
3.49578303357,5.4031602588074596
2.92610026428,4.5621002220892297
2.76862616923,4.3970448104448456
3.04001206544,4.7326629096251018
3.17862955877,4.9247292790668293
3.61522989855,5.5705642279510519
3.55460391438,5.5591407342126997
3.80109449469,5.7875960334074712
3.45633445108,5.336071984128357
2.83006595255,4.4782132921239324
2.81671188729,4.3730073644466207
2.96846535524,4.6786940753948159
2.8946545629,4.559208839096188
3.03645695948,4.7243719808541185
3.48786263335,5.4974226179462429
3.19138291709,4.9934279830820518
3.05105132607,4.7394440564952856
3.63154943517,5.6540189879345411
3.79168969465,5.896900357211929
3.27975251897,5.154330049838082
2.78469039115,4.4528338299436507
3.34096662982,5.1538777410180385
3.06155613719,4.8197582352950388
3.69803595707,5.6795981244160165
3.77389171194,5.8446120679945848
2.86960751553,4.5262499082716641
2.92888140809,4.4826730744908119
3.51967506958,5.363440736209296
3.27125762911,5.0146249901404119
2.5510736039,4.0374594210071617
3.12343963452,4.8305485666689245
3.54466365674,5.4391937025917469
2.76046582851,4.3247551203043777
2.52191583291,3.9574716098773575
2.72070242005,4.2273407453134126
2.53597188859,4.0999597283449676
3.61968976173,5.5568425608454728
2.53439987189,3.9653710202508159
3.89342736544,5.9275089044133669
3.05678566455,4.8660454891603617
2.62424005604,4.1847540877299538
3.38302808571,5.2113891807440167
3.19467268674,4.9461148145839342
2.51462220659,4.0026604602632423
3.13922044907,4.8774793624913269
3.88254619856,6.0019366978808062
3.54480149652,5.3563771688197939
3.88415044121,5.8798819096202362
3.4586750052,5.4098516384977025
3.65363000935,5.6374422630926269
3.80113234829,5.8365378365147134
3.07666757487,4.8786182270295546
2.5366968,4.0675231821975748
3.40485223939,5.2412942014171362
3.75004951102,5.6800701962907931
2.55615178875,4.0151702562528016
3.53362711628,5.4662973256608174
3.02989241878,4.6587918273742703
3.57706776174,5.6147621023050389
2.66631997026,4.2090045091121153
2.63920106389,4.2335355861439563
3.80886769426,5.8728137266068901
3.35228144751,5.1927559397590306
3.30691190508,5.1012173082260572
3.61504866885,5.5320162138774629
3.60529312037,5.6011319088246729
3.28781133378,5.1884893800527703
3.55802172814,5.5523912321682429
3.5472359753,5.4163574082155241
3.04277547375,4.8072829998069881
3.03873957435,4.7724776956421682
3.7238034878,5.7804707277628022
2.77319513337,4.3879148705887738
3.01174827824,4.7441690786734769
2.99052382274,4.6167951281386026
3.3547027783,5.349098636105051
2.56735201371,4.0983286044130924
3.66741313313,5.7088497519515249
3.29321452012,5.2107665821036173
2.8141184985,4.4757376714860326
3.17846094386,4.9893869432869842
2.72189751907,4.2689401473163153
3.57200516043,5.4706843091606743
2.68321003995,4.2491344718029032
3.24151233921,4.9608255338709979
3.56938388275,5.527922677423966
2.7794394278,4.3779702722507254
3.68328668257,5.6095783908916959
3.63141311277,5.6537648269783896
3.07133457229,4.8457917835778401
3.57893535755,5.53501094371261
3.25424831077,5.0620882901656801
3.46503528286,5.2575334045194726
3.3738138826,5.2157912235793251
3.48933607517,5.4434915789838048
3.45783966984,5.3870995295272719
2.79933988721,4.4518738572263121
2.95674455221,4.5916405240891214
2.68152488052,4.3014470182224906
3.16270830657,4.9224961889676573
3.13578673954,4.8842714305815429
3.80111114063,5.8330305874161485
3.18184120272,4.9245283051973709
2.80157404139,4.4386528064965711
2.60569966223,4.1513331359381311
2.73785277555,4.292382103633388
2.67783078246,4.2860695056492286
3.13822759527,4.8985069891702189
2.64364985216,4.196624253257391
2.66128591086,4.2151691982594555
2.52980911846,3.962359454275532
2.53013115951,3.9865237829030096
3.01770104669,4.7828554789776083
2.76468238662,4.2677431833699728
2.63117463622,4.2009121890974601
3.61150370997,5.5737224736663382
3.34590034847,5.2909532694007924
3.06195956393,4.7747497062628979
2.6595325669,4.1375679035826787
3.85559478869,5.9872471084329337
2.98813768616,4.7319336185675045
3.38699287096,5.2714899692937847
3.76750935194,5.8067008855179472
3.17369093042,5.0040846989217922
3.70993872409,5.8044749889059926
3.51872691301,5.4677609068271416
2.71006933181,4.2118727243813705
3.78968508676,5.8088020522788604
3.08957162418,4.8749419168773498
3.08350291423,4.8367258856133395
2.57458823541,4.1221894718639129
2.96126831676,4.6674122875070436
2.95462907252,4.5192897785814985
3.44762910058,5.3494035629611716
3.29250794027,5.1692110631721953
3.69196500954,5.6524225583721375
2.64627883783,4.1601514426512249
3.212801002,5.0302168770645252
3.24520993609,5.088970193444176
3.21782448671,5.0017887686147029
2.86284462457,4.4038147746876497
3.04216022703,4.7895658683597384
3.09187031283,4.8072956808294167
2.89790845768,4.5782951007921566
3.79674299559,5.7785654245128404
3.51381791801,5.596618512974139
2.57190298058,4.1163517691698921
3.65365214296,5.6261880545346665
3.12161752588,4.8568113915493605
2.7961542334,4.4052808696531942
3.67721924477,5.6854379599280609
2.89634687149,4.5147058382251464
3.58738888356,5.5638343345072858
3.02939650039,4.7284751439536912
3.00128699041,4.6842358614091966
3.88971396599,5.8883928036275961
3.50458773991,5.3607708351658871
2.67217089325,4.2502483658312045
2.92492624348,4.5673585386070412
3.40304608135,5.2863777612708809
3.55125853481,5.4766987224996102
3.52983277634,5.4848252159074757
3.60018259427,5.5698202084478687
3.28943065332,5.1633401738204929
2.73494847853,4.2808508300552308
3.12290261746,4.9434758921271476
2.8861795748,4.5442549794199119
3.11844298776,4.7844181678294193
3.14458885806,4.9166366377771302
2.79823116991,4.4236391290307404
3.46312361426,5.4369609386466529
3.5497787816,5.4162925517535276
3.08036472089,4.8445136357115812
3.41854515443,5.3281322237629229
2.62991639945,4.1844105941626664
3.3588626466,5.2587238685773396
3.13464687469,4.9319178314609644
3.8687321953,6.0386761412113703
2.94213039735,4.5422410093435239
3.74104565183,5.7091651683681945
2.939006113,4.4969591385902277
3.29834020864,5.170264545366499
2.94232626402,4.7037575507510088
3.05349552526,4.7607203892570045
3.42048369323,5.2516582454790326
3.28178366232,5.0745287985798875
2.74549135672,4.311109121974722
3.6197733407,5.6368133587929554
2.54294697076,4.0912257064986584
2.95034160314,4.6311878982737698
3.75589667472,5.7316855659854564
2.93960067708,4.554088181821168
2.8867153669,4.4831772325220252
3.35174997695,5.2554227689290993
3.13987968494,4.8699963525384051
3.87341729522,5.9521532031539666
2.61238244689,4.1350419984961846
2.55690618449,4.055758448622055
2.91553745297,4.5882669077650462
3.66502404649,5.6053274531054083
2.92709951537,4.6287740369292711
3.26032177129,5.0409748364336089
3.86539770481,5.9157816194288371
3.46264817783,5.3458457793819747
3.86064710438,5.9602896512968631
3.78158024872,5.8158688936696796
3.2110977428,4.9272463348529598
3.40756438288,5.3196921415489271
2.79398794641,4.3706169201920995
3.39341708538,5.1907117187872114
3.21635100833,5.0973892493903312
2.52861465046,4.0909383827619008
3.33955704522,5.2010205311821576
3.18534190895,4.9985867995079971
3.59000188398,5.4716781446027873
2.76671383613,4.3028805284942164
3.64849311471,5.4603610800674858
3.12053089617,4.8747243315701656
2.61761046466,4.1821192511065659
3.40260415811,5.3451873409248725
2.92248423612,4.6346211753026427
3.87671085246,6.0447486794500671
2.85033774741,4.416162400695173
3.43861302202,5.3543003531634463
3.15940823357,4.844127723325137
3.06640386566,4.7662045810888918
3.3157972331,5.0954920265302324
3.36988710576,5.270083348356672
2.95676510339,4.6743923135998582
3.5121831112,5.36488738463395
2.97796878474,4.6707809392570701
3.12698548814,4.8875084890687228
3.83154292646,5.8797748832488361
2.58155660396,4.115391114084761
2.71740828653,4.3101012672951731
3.88729247304,6.0516641681854795
2.78988651792,4.3269689312666006
3.4925211631,5.4217214604026847
3.7712312283,5.7828417569926822
3.54497119213,5.4741208390767708
3.20010118983,5.0178754568610975
3.78875070653,5.8429349156858281
2.70984097055,4.3168233053488843
2.66039336234,4.2240402204999015
3.64669672356,5.5741050403625065
2.86968444249,4.4616891772659812
3.08374409102,4.7492095436569137
3.25979098572,5.1093450665976556
2.84502083863,4.363331814541433
2.67585500026,4.2018233970235617
3.60237314,5.6038396032525766
3.45104377597,5.313989155024438
3.20056049478,4.9925668169597097
3.66571165708,5.7075903616689496
3.44958045717,5.360439190822607
3.09924209403,4.875320521140301
3.47072957601,5.3520725161093621
3.573350794,5.5493568772500836
2.62679997615,4.1785276654130268
2.9746105192,4.5294605728164283
3.36750974231,5.1529127727716046
3.46093699104,5.2886441978278782
3.65372813181,5.6889981738581179
3.83194157581,5.9307963385102997
3.41240502543,5.2683384460597757
3.34944848765,5.2122824753025743
3.34552140824,5.1813050958191704
3.88544888183,5.9587329801399198
3.04655436486,4.744049775139132
2.81930563244,4.4747290266481823
3.81492991736,5.8073064150000677
3.3445612669,5.1985073151341004
2.69688386519,4.2471017689155257
3.36992901287,5.3006429058836817
3.16794848352,4.8996328694384212
2.7806628644,4.3626227138026765
3.50019477369,5.4425739602767678
2.98599147875,4.5876782698530176
2.91840210744,4.6094657916544319
3.16378391793,4.9541504288268854
2.78393106928,4.3843546522132151
2.63444308669,4.2883760035865928
3.13550981299,4.9932882157651877
3.18118704461,4.8896178338292318
3.68181574361,5.716716874589193
2.71294031637,4.2102483045636641
2.63509875194,4.2282010076692043
2.68364356572,4.3039416282887286
3.06339713983,4.773506580473363
3.19878193034,4.9753521154055527
2.58451970211,4.0701374453006558
3.83908911828,6.0139641766192851
3.22971646822,4.9642737595019666
3.48392665329,5.3886239599868651
3.70939324341,5.7865103663645341
3.02757905649,4.6852214194699275
3.6454530009,5.5724672393902344
3.41163586098,5.3058056171792449
3.08633798213,4.8079543379261951
3.07751616688,4.8677089945397283
3.05134282483,4.8182306436790094
3.12741072139,4.8356754583302886
3.70239110672,5.6909606548105467
3.31334966329,5.1376770478424429
3.26405810393,5.0485575423863418
3.71405068549,5.7146218053311957
2.69761778614,4.273489466901716
3.68215453986,5.7500759261804122
3.61155074445,5.5048244775181194
3.38919699181,5.3294874194635966
3.67243580728,5.6860454835350085
3.45854894312,5.3048408858863532
2.83409295833,4.4717351114919399
2.68453685308,4.2884016173250759
3.04334971187,4.8649431910482122
2.60689124611,4.1215966940375628
3.4352275864,5.3885936758072761
3.30439025388,5.1816909429668225
2.54452080753,4.0400292766811861
3.82021104968,5.8183327518329513
3.3622083772,5.1470511759798345
2.96266356406,4.6280614254385695
3.03859002092,4.7188714870574993
3.54126385538,5.5077341165809841
3.36605662513,5.1625805023540678
2.91616898305,4.5161918866015496
3.64008630199,5.6336113046332494
2.68758435888,4.2952024293896516
3.635319011,5.5436766676806473
2.75484413622,4.3085669926802597
2.84516608773,4.4718393469117714
3.23720537236,5.0076911409985634
2.54314306443,4.0957712227436538
2.77833185548,4.400477702318879
3.24219887355,5.034383522985598
3.43589319139,5.2986149362781152
2.75014680402,4.4440223669461751
3.66491362307,5.5836415980581622
2.57659441137,4.0844216798868391
3.47135328283,5.3255364390561342
3.59159588978,5.6140053279102862
2.58640592182,4.1217960563120419
2.98381939569,4.6856995493003266
3.30475958362,5.1471844865048606
3.19852059306,5.0240312516330583
2.87300263211,4.5613725033504933
3.49408210706,5.4340036156914007
3.07741276487,4.8256336168916842
3.59050214607,5.5820335061262938
2.93726399171,4.6588755747201693
3.51146103744,5.4738622939176134
3.33244613229,5.2088990946434572
3.64078902877,5.5840462991533979
2.98040848832,4.6924637977861616
3.75489702787,5.7967251704936658
2.99536469606,4.6088391796249315
2.67742944672,4.2654582808213926
2.61453854886,4.1211254189604034
3.01237761441,4.7062602938174223
3.15019794243,4.9012079497767829
3.58147034654,5.5135738509426666
3.11721241873,4.9182116063888133
3.69891920399,5.6742507702340745
3.84951432298,5.7786770507457561
2.91724339306,4.5623167425051738
3.42402130069,5.2667924913948108
3.89803687383,6.0574137756498327
3.00411189401,4.6900351174110302
3.67025947637,5.6351266296549065
3.5648694292,5.5900085116424068
2.90793070726,4.5328453955190335
3.0752834791,4.8618748141426424
3.59891820662,5.5464534703233728
2.93905415469,4.5747591891034709
3.88689894912,5.8928514949758481
3.89685720585,6.0522782776402799
2.52835596407,4.0384421388019254
3.72767220076,5.719167107535756
3.84309533457,5.8558864989894435
3.66827484385,5.7705296651774525
3.68566658978,5.637711980907949
3.53942503827,5.4793850119253156
2.76200945709,4.43591045275934
3.4096884754,5.2743988537345672
2.91181755836,4.5209142944349496
3.53638011958,5.5814820663253357
3.28738179339,5.1240749180082101
3.68904878931,5.8268708117590053
3.33308165165,5.1754353157020008
2.75604881561,4.4198660400038285
2.86317043669,4.6277332139072254
2.79177223649,4.4559153249918486
3.142698544,4.8063365706337677
3.54839511865,5.5166094939260093
2.58033339964,4.1473540515092528
3.69237716123,5.7325254797138152
2.67365653636,4.1838206049345583
3.41670859838,5.2303420543230255
3.15345206298,4.8645481602705098
2.82881747012,4.4241781335141495
2.90471018967,4.5032725722511078
3.41539422496,5.4378446723615852
3.21108119217,4.9325891770831944
3.13293009091,4.9032154086885535
2.63163568559,4.2374523628876277
3.8736174091,6.0002709473785627
2.69559827535,4.2594717441350314
3.25107543482,5.1914445907488762
3.1829157946,5.0222105832003523
3.4837667508,5.3836155373475165
3.46974755521,5.4119774689173266
3.46566054987,5.3926913255450941
2.55384935492,4.0459548665189979
2.76682806211,4.3458401663736677
2.70355540007,4.2395067193777436
2.80921658207,4.4153388833856617
3.31556927557,5.2135649882222435
3.4336082918,5.2811197714362494
2.52563373379,4.0534817534155003
3.1646220682,4.9231802809421206
3.79989577008,5.878542391681953
2.99173418476,4.6526157419163763
2.9260635097,4.5766080680291967
3.47113009278,5.2996145117512512
3.77501168641,5.7712194799151373
2.54884750762,4.0113594302827407
3.18272349194,4.9288936231340728
3.21718656297,5.0691520877209637
2.6760635855,4.2722729640284074
3.26130147356,4.9879424275309754
2.63184398345,4.1276658709564513
3.47677985977,5.3387141475648185
3.24138189621,5.0228617133085418
2.60875784208,4.1959719190982563
3.8407098301,5.754142326798859
3.8037327347,5.9146702133627871
3.7993258976,5.8884337871285197
3.65782710485,5.7170295608312731
3.81634552417,5.877008077684553
3.70237236323,5.7386382445400601
3.84423667903,5.9202670212458353
2.67052709592,4.203055992505468
2.79558384307,4.3827871381084069
3.88260130181,5.9053093467986715
3.57547720782,5.4249177723853865
3.17813705563,4.9887299332214905
3.10594594148,4.771397245891249
2.86861802035,4.4485992773047123
3.57801087555,5.5258487350294558
2.78856878819,4.418960671574248
3.55897458888,5.5135330457635776
3.43295831031,5.2966341118362372
2.62997917503,4.2067156572450166
3.33166769414,5.2449236208807068
3.82334595895,5.7921868724821719
3.62903082141,5.5554351227421908
2.57567055534,4.090672853678587
3.30429021339,5.1465202644615919
3.50583717326,5.4406916955936664
3.10308719952,4.8803110939674061
3.86559100273,5.9166455251576027
2.81092129265,4.4494143050425423
2.67428370596,4.1955432627871865
3.44615708101,5.3139472449929244
3.52521938,5.4730253070689372
3.3379761304,5.1626763941270477
3.33431393447,5.1922241251402728
3.72112997805,5.7462225154607243
2.76274230366,4.4170105664088695
3.08614700068,4.7289588773770221
3.78560322102,5.8391104828446307
3.8847138718,5.9593629268131769
2.9919475942,4.6578628123181733
3.56390775491,5.4775732239601629
3.01089995678,4.717854946660677
3.13113212581,4.8885263888818313
2.67687390917,4.2434216646493192
3.55181837822,5.4873560138144368
3.57567122747,5.5416655472797265
3.24473785656,5.1184524184399489
3.1662982884,4.9435910003995218
2.90656171106,4.6381187336083949
3.02239968309,4.7640754554166111
3.04038507481,4.7552751598191634
3.33702802274,5.1571330490320761
2.85066614856,4.4863522087318897
2.98851957699,4.7380340731858093
3.20941705558,4.9586670448118184
3.67580789967,5.6217500397218609
2.70094631712,4.2385310240715777
3.69618527223,5.6952849974177919
2.60874331464,4.0900993022802448
3.11132005387,4.7774676049890896
3.60972488933,5.5057164382677923
3.28082168664,5.1001162724032572
3.28458207168,5.1385235087640675
3.71546481221,5.7257742562376031
3.199492995,4.9218201867614475
2.73788111898,4.3034732722111251
3.40180568813,5.2520142068891209
3.84732037549,5.8993768614044484
3.24214790421,5.0837989634840817
2.8138493841,4.3895713473258366
3.793187053,5.8791638516974043
3.63393747536,5.5548446173134112
3.37231418705,5.2895727736287084
3.75260154136,5.8334851044891103
2.57325364052,4.0889680315832981
2.69363481392,4.2376515353035131
2.5476581829,4.065915018177825
3.75602186491,5.8203497719830297
3.84821477106,5.8877048865801749
3.01646133971,4.6518326914658417
2.76229488205,4.404951185685742
2.91809959091,4.560730298999597
2.90097723297,4.5364329290430581
3.12975899548,4.9432838907691821
3.34816523857,5.158407124856093
3.55703745516,5.5222740899883798
2.86443656799,4.5185981920565208
2.54472461771,4.0229975934580686
2.658073968,4.1580495839634599
3.65233548723,5.6267094680570002
2.6782163667,4.1692944862490258
3.17496422221,5.033562578038727
3.67034220603,5.627206836837499
3.82549479862,5.9722645871418711
3.18744512327,4.9490813982957143
3.05682457406,4.7339151561013564
3.55037765191,5.4846797906780518
2.67879674289,4.2140272674713026
3.23603017385,5.0258715248706922
2.83842546893,4.4180482363124955
3.2667905024,5.0055910174438942
3.6311134336,5.7660628318264804
3.25109876437,5.041772949052282
3.82668817033,5.8867913596140138
3.83470160354,5.9212693187850078
3.41683805926,5.4041022889236832
2.81484103785,4.4082397318185578
3.85774349044,6.0229769392063366
2.93017289203,4.5351835755553651
3.2955827984,5.1673776794647814
3.41995190172,5.2028912499314268
3.86315468814,5.9688482382423516
3.64934764528,5.657452745064413
2.88724918979,4.4375094086866067
3.53748386029,5.5194002053286235
3.11889423814,4.9366877756988004
3.57005282137,5.5278015286865338
2.84708352975,4.509109988654294
3.10875669714,4.8681230437149647
3.75434423477,5.8586351416400548
3.87242523858,5.8579836119670485
3.3730760103,5.3356839211152609
2.97313788992,4.6285586240313821
3.22154334817,4.9860015235241333
2.59564628734,4.1200648185977791
2.89275570455,4.5544624519813963
3.29417786736,5.0766977870221899
2.61570388056,4.1929284651639005
3.52100676275,5.4093714191093927
2.67140267214,4.2773960266842215
2.99433795515,4.6925896369094025
3.66568266363,5.7341866874598075
3.12428073321,4.8978626220532089
3.32125348112,5.132194443268701
2.59700813137,4.1348194852530433
2.5936468698,4.0893829456080804
2.98748922458,4.7245893510365491
2.87718519296,4.4538094265142556
3.71428360971,5.7803328632837445
3.58757668835,5.5115905372308305
2.68654309719,4.2675182419715254
3.81722577288,5.7993882257354468
2.65466965102,4.2140722669961441
2.79468568872,4.4026829716101989
3.69000917702,5.6807988393046829
3.04578653821,4.6930984008140246
2.63225042749,4.1531793046996297
3.83673081331,5.8823392162532437
2.87161615661,4.5454629521025716
3.76503596517,5.9092412766497873
3.43955456227,5.3711845726314911
3.66647100983,5.7274493154625148
2.93437255317,4.5633552999299152
2.60554675758,4.1396572976519526
3.5428960029,5.3770391812434353
3.094017888,4.739566465608438
2.92770365522,4.569817048789492
3.72700172888,5.7811333894030019
3.35531359983,5.1776511413216326
3.05155167832,4.7288260559342987
3.46499857944,5.3309404624344854
3.51642492525,5.4526535786303034
2.56704024827,4.0784735700144799
3.26559393745,5.1481726239014671
2.92867592355,4.4845135239488227
3.78280763571,5.7964880212224843
3.37495769022,5.2292870429576297
3.5676619136,5.6186414202974904
2.61611230843,4.1200745274201545
2.74608046112,4.3552248566123737
3.2440133521,5.1009338126747537
3.23067222139,5.0642837708209614
2.76190915666,4.3616462818334929
2.59024371291,4.0330684618398758
3.35827645939,5.2846070798490494
3.19404397801,4.9998022559759745
3.74382241541,5.7621879368600704
3.25132391943,5.0991497351848469
2.81878060692,4.4198243398827302
3.46198386076,5.3354629956799604
3.42103344455,5.4287487191250445
3.86534904519,5.9252112646446466
3.21787849388,5.0512375307305941
3.61337638664,5.5749969267264552
3.00609773382,4.7248605456159343
3.41813036904,5.2890277505759888
2.84844214036,4.5531387979143183
3.51934690894,5.3697845723214641
3.41352666984,5.4300604209073731
2.59210451987,4.0691005083869323
3.86403089136,5.9847266426405303
3.70730328115,5.715505757019594
2.55385395412,4.0370266461348852
2.92930799468,4.6298465867803431
3.04367700055,4.7838998807065352
3.2068523823,4.9083070036204708
3.11098436661,4.8587848859164167
3.52727258155,5.4688460311664446
3.09820679055,4.763266810110629
3.22444388598,5.0074135641416841
3.65379500604,5.6518542516080919
3.05160371481,4.7890420921518455
2.83961386882,4.5021667364647735
2.93066727462,4.6340897217168564
2.62820475353,4.1497091107926192
3.82733417904,5.8527939684085544
2.75678262845,4.3765765356983497
3.12658222649,4.8506416276149515
3.27205105401,5.0647121994154158
3.54123063422,5.4448479997740611
3.25946975255,5.0081703409252079
3.47464268882,5.3350711589226965
3.47302642295,5.3858640749818214
2.7489212997,4.3661663238394235
2.65705962811,4.188590865192066
3.88779623878,5.9629348064891809
3.53658213167,5.4805360035161419
3.47686476291,5.3564212819087738
3.71396979041,5.6363524711032289
3.32860299641,5.186986790275637
3.16000328982,4.9357602033983783
3.52704484691,5.5039638864020377
3.40740197176,5.273411850349885
3.62607203959,5.6649370547052662
3.73132687352,5.8733722882407235
3.58024331981,5.6109952051665353
2.99642619886,4.7455279842017033
3.198795624,5.0533163085359512
3.61898399261,5.4850071536194376
3.8229675449,5.8578363823118194
3.16187275335,4.8759679039709276
3.51680655504,5.3574735842993224
3.45668039572,5.401492581523236
2.97192403802,4.6220962357237463
3.77638760012,5.751339002774003
3.24556555954,5.0641163871289594
3.82725978666,5.8963469386529059
3.24625486424,5.0374144773348855
3.68051156871,5.6651869518140874
3.88421984356,5.9427194011201667
3.67151078477,5.6029392489576653
2.83718414553,4.3947906210668251
2.80228653856,4.4452677079235627
3.19993738643,4.9497684152940122
2.85624156358,4.4227248497496907
3.27101578518,5.1062800683656473
2.80394312921,4.3731642359912719
2.58738162431,4.0979655045418948
2.65316328995,4.1800829980940382
3.22424055053,4.9971301737664806
3.55911007485,5.4453573812798588
2.66645511017,4.209346429816768
2.58832306027,4.1008612200300769
3.79319500834,5.7939035056495918
3.56214462237,5.5221505431142939
2.94008707753,4.6274173879881051
3.18756199619,5.0156586878616949
3.35522396838,5.1198104794203427
3.89299236543,5.9647402722967051
2.75887854399,4.324595042305301
3.03219198774,4.7547332409389895
3.75669052734,5.6984895857597913
3.48243713441,5.3722298414127394
3.14403644571,4.8542323750960321
3.30824131262,5.1676944099212117
2.57830064031,4.0555263786286853
2.9262334679,4.6648285765679347
3.89854624186,6.0208366074672188
3.7662579231,5.7431990999551426
2.82051719218,4.482428459022799
2.70194324022,4.2978422980007664
3.3558245448,5.2456743995006754
3.19532593641,5.0083530655012813
3.56771098408,5.4928230048676436
2.77403861206,4.3375096543528686
3.6571093532,5.6257970522001397
3.61273359531,5.61254957594433
2.71602802602,4.2206920426522343
3.2057126851,4.9874284138340368
3.64355898205,5.7278165116574753
3.72055054066,5.7824793710746176
2.70373856019,4.2420513127519888
3.53847886142,5.4051397611704131
3.73145526484,5.7013248515726511
2.58757019068,4.1267719338904421
3.55512776997,5.5254820027229723
3.69329983225,5.6223864764865032
3.82531508062,5.7557658498441313
2.83496509096,4.5460841177543729
2.97052316655,4.6810830739036033
2.6317584072,4.1367620153151723
2.80044634953,4.4722948649026844
2.80990057586,4.433821988859826
3.64667626775,5.4805122604141143
2.70933280874,4.3311118654445622
2.95197090304,4.6811042840060555
3.52529409247,5.4936674094619047
3.27409127381,5.0684811355018624
3.30233145973,5.2343636472180517
2.66827857108,4.3136764932507248
2.66833336583,4.2480284523835188
2.57473726746,4.0557649917771403
2.85571004011,4.5081646550292964
2.64417741867,4.1596945744716978
2.94401787757,4.6500535165573504
2.69099284758,4.2544965630050395
3.14475591242,4.8617133578343728
3.16030178962,4.8822947068635081
2.92466157445,4.5837820987385145
3.14823911175,4.9243377412818123
2.55065121903,4.084243508884323
3.54236044823,5.4269549352762017
3.47641366955,5.4247065342711673
2.69772809647,4.2300619620910744
3.23084344458,4.9974847274702618
2.54090257958,4.0251779879977478
2.92161917457,4.484061652741226
2.94672472404,4.6478325427154674
3.39368828883,5.30405307433095
3.6911146028,5.7630714683032993
2.72483918254,4.3095113390909656
2.87915111621,4.4979859753850722
2.92799510143,4.6745737289502065
3.05519840951,4.6862696186306971
3.51241982307,5.4039396000251019
3.60323305187,5.572969192651283
3.68480075284,5.7667795621655289
3.31230290636,5.1544232175936431
2.5914064283,4.1053996398611039
2.64546441359,4.1394461141140457
3.66721557419,5.618098339277469
3.86638932082,5.8304950583079211
3.49446350458,5.3869290444012892
3.70687384281,5.6552821126425608
3.73011134796,5.7057166203639076
3.21693879858,5.039502496761088
2.59831407511,4.0965297401155718
3.63113583819,5.7149506614121321
3.67322831455,5.6456863703585114
2.80535692486,4.4019720892182752
3.51516473439,5.4450924161702963
2.55222698377,4.0277710741226525
2.64973468373,4.1846482704399062
2.66435487527,4.2762941885455916
3.5800331847,5.5827762655557081
3.10844100231,4.8526203304795743
2.61468752779,4.1801653038547322
2.8915294808,4.5183395510153437
3.23928633327,5.0839766267510287
2.92558243939,4.5966016807242012
3.64207227017,5.6405708366382905
3.4165474739,5.2703013829623426
3.67932625879,5.6473993451718609
3.77063690245,5.8319486718703351
2.75336874523,4.3481988127222122
2.78982696431,4.428270557288986
2.77595781107,4.3719093586391136
3.57198917022,5.4968209157316714
3.27449439233,5.0682032982801299
3.02344560964,4.6861634055504924
3.35124302156,5.1417294069363209
2.55252537586,4.0906751819907843
2.96127900379,4.666479465785577
3.51516000995,5.4038128256045548
2.7556914418,4.3935339029933518
2.8187188512,4.4499168139233705
3.73320911501,5.7964241319668668
2.57644159464,4.1256573049928003
3.82810682154,5.9418244467091395
2.6460544716,4.1857161151586917
3.02073956733,4.716412542726637
3.55701378974,5.6069137411501977
3.87906359472,5.9733094682856995
3.55499716752,5.4969585836298265
3.79827292072,5.8652362450048008
2.78936695739,4.4459427774537827
2.57311289519,4.0963784740362801
3.65508273907,5.6215284655592086
2.97887305547,4.6901956637625686
3.15111928655,4.9799062858464156
3.47153287079,5.3782912737171022
3.21285993848,4.9703252246361842
2.99202604846,4.6806960256357035
3.79730105636,5.8834128808899484
3.85468267369,5.8757528892113253
3.07607272816,4.7912643227359988
3.82610399965,5.8621240289814898
3.51339730218,5.3734493999980497
3.32116208491,5.1444698647646705
3.83439617069,5.8852001406725662
3.00915860002,4.6983538940460603
3.71451783304,5.7728141429760065
2.76328912627,4.3402907007465714
3.07444794959,4.7930366843835985
2.54216126799,4.0594113102384295
2.89194411274,4.4658693794631068
2.88747013098,4.5108315649465407
2.76187602566,4.3984770936021667
3.66782002549,5.7430197096844111
2.85300321207,4.5328088376793128
2.56714714352,4.050977187943972
2.81241235536,4.4308555716609961
3.72859039424,5.8034739279730907
2.78978149811,4.4630490974857766
2.80754700168,4.4586121975719477
2.90214743465,4.5222363540406247
3.38686494593,5.2839277480766764
3.89569101016,5.8920061752998691
2.93300815608,4.5510394649277846
3.33635799211,5.2559729077173163
3.71889025357,5.7176227501015342
3.61796601573,5.5877480995118098
3.46472429592,5.3419224623418096
3.57852275982,5.5613613790817826
2.77656727882,4.4052514012687443
3.00526009648,4.6716299606584739
3.72998937621,5.7546219605289881
2.82252018253,4.4129711355241126
3.08201140605,4.838268033997311
3.67738183124,5.6805945581276154
2.81557858744,4.3635378516167584
2.54499940044,4.1058223498498867
2.93687330701,4.7120318153141794
3.56689854075,5.4865519657832778
3.09551888416,4.8103294390444287
3.1480368676,4.910066501050883
3.73089275154,5.7650362543839124
2.91095579376,4.6191572329952386
3.41263566376,5.2582638633529193
2.94141589643,4.7123663172764925
2.61642276824,4.1803536506234247
2.63313887227,4.1997285548642731
3.03811877233,4.7635318837929548
3.86897374656,5.9576831068363578
3.44903723076,5.2985087658286867
3.27682530801,5.1094109955239659
3.38881770602,5.3280043078668973
3.69997162512,5.6974566181066049
3.72742102476,5.7077343142959123
3.63634392859,5.6399825582742018
3.4338363165,5.2523440887358923
3.31601790147,5.1533529632358182
3.79652960571,5.9586488335380476
2.82265861169,4.4687472985170871
3.65192076889,5.6552728487478738
3.22821759342,5.0124591947887787
3.77248488705,5.8209484426300966
3.59807742142,5.5150407773259325
3.74572622387,5.802439196033033
3.57088498431,5.4076759311265379
2.55357026175,4.0682678943226254
2.80081380459,4.4087282098304099
3.00970908048,4.7283701577069905
3.20450639673,5.0361738401725304
2.54324979855,4.0222922248960087
2.99275912983,4.7353768924191666
3.51671748351,5.3980927182840297
3.65750934403,5.6596405845202744
2.97841500485,4.635529713075071
2.55788635678,4.0004046442383165
3.74634466086,5.9191640769569211
3.72158170687,5.7147957097090538
2.76640354818,4.3416527357165666
3.40618078264,5.2343942715685001
2.62614914466,4.1489719943201342
3.64488765959,5.6883628508331006
3.14112577647,4.9521977299811795
2.77951265745,4.329862766838553
3.62815272871,5.5252539363761253
3.34396800528,5.2445247029440427
2.73015875819,4.3421936619572339
3.46212225042,5.3437280389507151
3.46397813053,5.4234177865279767
2.9655013961,4.6222992168608092
3.41818461087,5.2962104730922706
2.57778177627,4.0236148007817345
3.39649652119,5.2995114543743824
3.22226194707,5.0775544305732119
3.4840217546,5.3306783400004587
3.5399668225,5.5228868400282183
2.83792604751,4.4925915052374945
3.3107282222,5.1651875603267747
3.53995724878,5.5762104261125707
2.66906300986,4.2640176406966734
2.65969706939,4.2242814745568582
3.85908575274,5.9739283171549031
2.5368054995,3.9862983865178077
2.73519871454,4.3781820486750966
2.78172989554,4.4439345350067763
3.79110563924,5.8653422616934243
3.64405789566,5.5286441444236605
3.5291438192,5.4696561573962992
3.58631873794,5.4996489647004845
3.02560954312,4.7484806576090026
3.1181721585,4.9323818973436229
3.55642837727,5.5212549420172854
3.78367051664,5.7586702843776676
3.10032558718,4.8068513198069116
3.48527222623,5.3958185688689877
3.07609883155,4.8094270071437251
3.20523438844,4.9914307081642031
2.95488601841,4.6464653071538855
3.27779977396,5.1358051890729799
2.83655026858,4.4627343852842127
2.91659738833,4.6082498067358522
3.01777379217,4.7210800291694515
2.95024091333,4.6772925989049918
3.24718021628,5.02438559413077
2.62402180357,4.1609540125032716
3.81223965374,5.8181845495310345
2.62717795196,4.1232903041758364
3.83731681327,5.8814482874898095
3.6631216313,5.4997793833703437
2.85815918433,4.5131346359628823
3.62729303472,5.6288344528029217
3.89583778235,6.0128988282070628
3.84047501685,5.9342585084591795
2.6223630293,4.1117533761114942
3.10846097554,4.8878732497881021
3.32340240034,5.1819479181159336
2.82348839821,4.4588855079867304
2.68227160638,4.2512162583991575
2.68679518973,4.2192147045432566
3.56509943811,5.4907604813205229
3.10881264922,4.8048302025363103
2.68753097794,4.2657674102639174
2.69927897294,4.2649406769351295
3.54167836022,5.4963611528251626
2.74080625816,4.3170289251633394
3.54386788778,5.456571702571865
3.80610261539,5.6479095408799163
3.32983112105,5.2139221569087599
3.24962585799,4.9450290740634468
2.6423295802,4.1861319847584451
3.1282970503,4.8593026119412865
3.80226623845,5.8991142778919707
3.66734259064,5.6784310565268532
3.27858928792,5.1270177370773125
2.73350929949,4.3098650231616968
3.83132883783,5.9295953007544133
3.37420089321,5.2453886913820114
3.34008598537,5.1334322831697383
3.29463598991,5.1386286782710009
2.75074746242,4.3669252138855583
3.81876928827,5.7600418799326256
3.65791728713,5.6453763840806488
2.95063852286,4.6786582196637809
3.35523811936,5.2583349535240949
3.25247760016,5.0291110553812697
3.58778260396,5.5486957295926116
2.69579803019,4.2599430826937006
3.01551233291,4.7272003143799921
3.5242901523,5.367814157022055
2.54770311621,4.0717341651610983
2.54267492924,4.0175186317929095
3.3711492592,5.2241960087906163
3.87377148234,5.9460047032453787
3.54933160554,5.5022411258576982
3.69117572563,5.709032036958428
3.48335813304,5.4647377138785629
2.92002051641,4.5901530483979576
3.88157247177,5.9513216871956169
3.36898597032,5.2233488907561387
3.59498228382,5.5942818034786361
2.77146434593,4.3995015744200856
2.67066782737,4.2973215061213423
2.8909370427,4.5752713954257818
2.85846345866,4.5366752554684737
3.78482735006,5.7028570893756028
3.69953520274,5.6730831799021324
3.52991948921,5.5007729713018234
2.98840965711,4.6563618416718429
2.88744848044,4.5597331494639679
3.61833571828,5.5138239098128992
3.86430216989,5.9437678342920686
3.44495730441,5.362605417472369
2.65172626814,4.1547149385053466
3.88460153135,6.0610843684778111
3.55789291912,5.4742241745532541
3.22862607548,5.0621004296196643
3.3970712515,5.2624179278975873
3.80941539102,5.8402067528174362
2.79672391154,4.358301937301885
3.32947769323,5.2181767512646413
2.8956328269,4.5378065319313974
3.21683166482,4.9543237469976802
3.64772495258,5.6478785253617971
2.80111589985,4.3922144898062072
3.63553672193,5.6366725598856338
3.09288889291,4.8400427655812353
3.60178634301,5.4636581371741064
3.78972521293,5.7942137941837242
3.79287925492,5.8046778011935549
3.3062982444,5.0827855180983885
2.9968848213,4.6229186358663261
3.55893696764,5.4703560380321594
3.59131418487,5.505494679428236
3.05967813143,4.7721234121528342
3.08353967379,4.824431396601824
3.36364662251,5.2401854089044742
2.64245868248,4.1687561409109763
3.84724093042,5.9898818459115519
3.42919025427,5.3746948102672345
2.99199909053,4.7438173990515979
3.6514901818,5.6346126658618347
3.61548119351,5.5048430080809014
3.12749506009,4.9327477032548481
3.56861376122,5.5615918506871296
3.58693731669,5.554202400136548
3.1403510001,4.9299191102351045
3.77068178638,5.8015622849279582
3.11148564331,4.8545884352625794
2.52130914505,4.0059151793795493
3.72243762045,5.699609181022379
3.09309788847,4.8181648041751846
2.96382647487,4.7426762718696693
3.34484905018,5.1455146145248998
3.21504812201,4.953774988694307
3.26440948028,5.1410072748198088
2.53144524744,4.0052881023225311
3.03858647195,4.6918843470631373
2.64882608616,4.1978576618170012
3.82635661216,5.7807098313553711
3.63216171683,5.6458105977534849
3.87227077228,5.9449173146005316
3.25529603645,5.0804062087795723
2.68796218618,4.2452591127901886
2.65607800621,4.1582910151772294
3.45009489453,5.2869410289824357
3.09308735052,4.8048907975863022
2.67558365759,4.1807424379854687
3.35457619323,5.226251922284189
2.99214187739,4.6709774868984617
3.17096402037,4.9134170662146257
3.63552291866,5.6594255724353371
3.61429136521,5.5283480107962735
3.83543298281,5.9270393748473573
3.7031016964,5.683663581257612
3.6957226303,5.7888677654477352
3.32719597288,5.1077274608816623
2.85396964329,4.5607489666898804
2.74782702111,4.2425442176558708
3.74295729684,5.8009067586042518
2.80215385216,4.3412103239106719
3.63973262632,5.7140986398414739
3.07029263974,4.8094545777506088
3.82127320659,5.9185859228759492
3.51465070552,5.3874059467233213
3.81139834808,5.8255157385349747
3.45039614917,5.3444048645745408
3.54164438767,5.4624974514853637
3.25029191367,4.9883576514211496
3.8418830691,5.918476552457471
3.75823414278,5.8301947971337604
2.96777167866,4.6323174684230359
3.4902886743,5.240184682034088
3.25694069685,5.0867207245733796
2.58150122522,4.1555529406571807
2.75473338129,4.3446579273449402
2.60867144096,4.1303697383852382
3.2024375517,4.9998663228330251
2.9348086718,4.7156519763815643
3.80274004096,5.9332513880879203
3.79087946062,5.7967987937907104
3.7149286334,5.7868590515263438
2.93009931805,4.5931342602438425
3.10073959179,4.89322927704149
3.60830649126,5.6422979985387185
3.00628652003,4.6700383671764003
2.85227138658,4.4646997313758439
3.86551865581,6.0242067528172161
3.11880435408,4.861729295230381
3.41262155378,5.293553378161123
3.79284174184,5.8666319436110337
3.49446402723,5.3841306186198636
2.86222710771,4.5011260054316953
3.79133730193,5.7815756642333689
3.66750325315,5.7833294746205732
3.60039954655,5.5039491078240212
3.21509832676,4.9419272184942633
3.29987970402,5.1775037641196819
3.42990133483,5.3729316176440154
2.95449032349,4.6434578902143535
2.65155461994,4.2055721603165335
3.59299038937,5.604925764912462
2.53723538923,4.0202311553088874
3.6183013328,5.6886049224550614
3.62437464865,5.5958834281668794
3.13675643393,4.8568158959899979
3.65893764712,5.5170632947878655
3.02057795936,4.7590463938072745
3.78837296409,5.8178491606808507
3.62876899221,5.6380594247701401
3.26393525852,4.9198304748237929
3.45666202054,5.3995631977385496
2.69169751241,4.1645549864309004
3.50788635901,5.5483874335574646
3.30798702738,5.1028005827456537
3.49000210294,5.4734561457033086
2.96436241778,4.6470480357857316
3.72363233898,5.7041783359970903
3.6422730951,5.5212547748420899
3.3023831114,5.1239456436670254
2.51456353773,4.0105703775835781
3.16130017673,4.851001547458095
3.81252980992,5.7640109840142681
3.08798146435,4.8047680882226977
3.06817286482,4.828407955128343
2.67076449179,4.1638292589871932
2.74137072333,4.3611844028203564
3.773348997,5.7661464180167794
3.65177706958,5.5743581972453802
3.44390496247,5.3986173189677418
3.60381451103,5.6354853188545331
2.5446858444,3.9841612852705057
3.44436241147,5.3652065922982155
2.6914546321,4.2700304777984277
3.19416920378,4.9798025773382957
2.59102697668,4.1123726254398898
3.55439397424,5.5190421884659431
3.84284903924,6.0344227650537157
2.84043825862,4.4936641714935712
3.70280476831,5.594985349532295
3.16271384049,4.9156795693871915
3.30415501744,5.1773920137810245
2.92752342531,4.4992057822676621
3.27170273371,5.0909699439393172
2.66574984861,4.1887880081477817
3.4508194568,5.3490911063846163
3.52868220625,5.3994127188546068
3.81460200723,5.9311647280556619
2.5157478473,3.9986217851446675
2.90754314622,4.5164001297720979
2.86489435665,4.4886591064622801
3.00322279786,4.7243497729342252
2.61380402735,4.2044132576249353
3.09813995882,4.8305619794851964
3.50947944207,5.5027014300023467
2.57506174438,4.0732786069859577
2.89765644498,4.571761826238812
3.36131500663,5.3101614079692183
2.9799096648,4.6969825520325186
3.35258033912,5.1499568527874002
2.60416060763,4.1762233178713348
3.80756690775,5.7494824202233028
3.88151105276,5.9719510243651559
3.09125418075,4.8912165664365448
3.8573715611,5.9113236269487475
2.80240369966,4.3990890156452238
3.2862383611,5.1140582368875025
3.23278223952,5.0148029266065821
3.00325214752,4.6810594650754842
2.6921281181,4.2033440145486098
3.35411432774,5.2883506526868223
2.68286052776,4.2376061186950764
2.79653385642,4.3907111962034255
3.54381854737,5.4780663822756566
2.65442366381,4.1835529883764684
3.71671177875,5.773624707897568
2.94311873222,4.6416925002757585
3.05453656049,4.7683236959634554
2.72095611193,4.3681954344485101
3.31871092886,5.1875876929313351
2.54687504484,4.0750279137725585
2.55030094406,4.0571263134280349
2.68015881563,4.1721778122731701
3.23072294044,5.0387493175039095
3.88928796752,6.0838849010636915
3.43766493807,5.2870414079385908
2.7959694288,4.4031772495417112
2.99302153954,4.7503551265660695
2.93748640359,4.6407054857443653
3.52016101904,5.4756328771782012
2.96596980584,4.5854957892152601
3.26052932241,5.1160842985117103
2.62490092422,4.1579394000503092
3.38639698295,5.2099963081308873
2.82000939704,4.4481318464429513
3.10879697407,4.8784882064839321
3.01578497949,4.6770851318754953
2.52240159316,3.9735509326267828
2.97954735307,4.6938716879101028
2.52452010548,3.9449811094719331
2.94725448703,4.6807860318248524
3.44885098793,5.4397546698005472
3.80441120925,5.8666210126236669
3.70850440241,5.7333464514518937
3.85612845328,5.8377577822781852
3.16168111057,4.9067852953725621
2.74379370097,4.336712734578736
3.00969545561,4.7172272185748971
3.09285718634,4.7872669160388428
3.82633414839,5.8267411206044404
3.49487193927,5.3627901777772733
2.84075758251,4.4716174205289025
2.9392234114,4.6510854889739717
3.62202145991,5.5528204880506271
2.64916804557,4.1251161239914245
3.19292508306,4.9444185764422057
3.32570788296,5.161156150821407
3.43098852072,5.2914665556746971
3.5957827911,5.5285926124932478
2.83596410615,4.4978160021132823
2.62645208014,4.0981941753499402
2.72183909468,4.2423954586355253
2.71554622687,4.2556815637740311
2.8809745241,4.5336224992934806
3.13792680355,4.8517890851267165
3.27142456444,5.182687941145689
3.35170956825,5.2486242653727757
3.83393871442,5.9223907768021302
3.85871138731,6.0015214887728918
3.3157143998,5.1561342323766661
3.67647027265,5.7311969562888132
3.70162194875,5.7576989731928601
2.77598954075,4.4047536774614553
2.82026435125,4.5070761369288457
2.85566940171,4.4901355223744917
3.14194994829,4.9009504760054172
2.83477078917,4.4609523563520934
3.71994373868,5.7655564697661896
3.58607852168,5.5593126980384655
3.06274757403,4.7445419039553354
3.66806282549,5.702869937782685
2.65995864297,4.2257515081487327
2.97997949538,4.7367698282376205
3.6724154358,5.6703411337571215
2.67868977616,4.2533218228539083
3.5919604147,5.6282032203660606
3.1104221449,4.8671452617455495
2.94445970932,4.5729775401572876
3.26966420852,5.0637371549139809
3.60649313226,5.5968267511056977
3.24187666976,5.0227726806665389
3.03647829734,4.7445996257484087
3.43409652279,5.3042135899671337
2.69265646386,4.1820739855249718
2.55841781171,4.0132662008518754
2.91763000045,4.5461490514565028
3.6966758002,5.7733990702795719
2.67928572332,4.2512669378415389
2.52653046467,4.0229200680214401
3.42499372704,5.3870214517307327
3.25664131472,5.1601438740058523
2.80918269903,4.4568389839971472
2.6756514333,4.2352096127213192
2.99015627628,4.7063657541068498
3.87704076378,5.9304890999977644
2.54430563489,3.9720113834770618
3.56272185519,5.5008577113325172
3.43370748662,5.3217627013996038
3.40865554664,5.2367403380444486
2.80202193459,4.4737290659599838
3.78082213751,5.8838730219129509
2.59897089563,4.0884048049639441
2.7514293739,4.320568745191304
2.59528533472,4.1261808201521779
2.98217881557,4.6177921513654701
3.63515945045,5.6082909897872142
3.54002985115,5.5498531299823668
3.51272653141,5.4592913477351868
3.25395323085,5.0641554229378301
2.83778045511,4.5283406050198609
2.61975118028,4.2286557398958164
3.25489501599,5.0752659139430758
2.97948245653,4.6992086969016675
3.20404283607,4.9403366698794349
3.65182342555,5.5675153760374316
3.0950735297,4.7176702133528403
2.64538687214,4.2238799616410629
3.62325776159,5.5605737558589361
2.83964140878,4.4706697874794292
3.11950735573,4.8941034181160958
2.53629710299,4.0420958902750241
3.38215015145,5.2278626794647023
3.71067524668,5.7358362933168774
2.55495880763,4.0830206798091515
2.75551925341,4.2985520748355119
3.27257919426,5.1080488209006489
2.72986198058,4.3071052549268858
2.746466604,4.3999074317255031
3.09455976305,4.7671222486572749
2.97149102146,4.6736001663081916
3.29625880904,5.0531702765798565
3.51353609708,5.5934896090778432
3.85194743563,5.9492914416576363
3.19341592591,4.9139381608047081
3.69692661946,5.6920519007762715
2.94360763878,4.6607762968778275
3.64570273632,5.6471393189042036
2.60853298167,4.1813250133064157
2.52078967797,3.9961759423383301
2.76006147991,4.337686436034069
3.8927303546,5.8566389533343912
3.54122083243,5.4822520325809814
3.08681816022,4.8262683220669365
3.30805050791,5.2021054175093804
3.83193238621,5.9521733721115302
3.24784104123,5.0988583317918499
3.50877496139,5.4267083232331927
2.89167215278,4.4511461367115919
3.01946770385,4.8020774735930818
3.03812686545,4.6484875575322073
2.9939634786,4.6456804501962345
3.8512706308,5.9635102517774987
3.36651381116,5.197595225873811
2.83839867789,4.4672004196306201
3.87401806925,5.9459218920555301
3.28540838459,5.1766740682582562
3.61919811328,5.6677076018632375
3.65779470522,5.6925865605426988
3.35983539655,5.1567157377217505
3.04358203171,4.6409198332048209
3.34363410308,5.1841210334226382
2.8618187861,4.4214660056809434
2.71982564449,4.2582900187330122
3.14248492135,4.8637752281110673
2.87163205289,4.5676581434048042
2.66301418317,4.2678894850612954
3.62903840484,5.5828503686836841
3.79743209433,5.72984570354238
3.64991113296,5.5565803590528988
2.91954134386,4.5265105668880983
2.87527905989,4.4659338161330639
2.52275263931,4.0755346196164552
3.41987038617,5.4469793647777891
2.52032697129,4.0505990463945292
3.60526708716,5.6511807414216246
3.89644399104,6.0455362795291991
2.64024308217,4.1209323511705191
2.62000643001,4.1437388262216466
2.97314521948,4.6893989610138913
3.53231417952,5.4910615476329765
3.1600720602,4.956449763809899
3.43838261774,5.3477940435509836
2.5256699122,4.0093946384354346
2.69236356112,4.2923493967184481
3.27043922681,5.2090349816913148
3.75863021487,5.7920007987447377
3.43043363866,5.3179854357289527
2.95826547842,4.6176165269160112
3.2925045358,5.161203381756267
3.32398803395,5.1872143475756021
3.19627725788,4.9965687421860707
3.63911685064,5.5988956890863726
2.9889884319,4.742296529473073
3.06669598533,4.7573429407867627
2.8990179868,4.6101225637199033
3.1029664772,4.8952437960803463
3.89069611942,6.0855612435310507
2.82368407692,4.4610109767255883
3.5230693664,5.3730527815737386
3.10983983149,4.9016233529860047
3.58813059519,5.5281953710482243
2.56818747682,4.1244535122521686
3.13629359787,4.8818452072110725
2.76275572725,4.3152339069066707
3.12659181398,4.8411361040925938
3.58876884189,5.5530286682210548
3.76528754872,5.7955741093022333
3.02310366521,4.7191104362497382
3.01535715236,4.6875224411905405
3.82900830443,5.9368563802095391
3.86432922677,5.8818892450649001
3.41736844588,5.3179901309815163
2.94281334134,4.572895270137372
2.87309080513,4.507348940623122
3.01690624061,4.8199170951076455
3.61244136124,5.6152032277336179
3.13955935692,4.7766031167020824
3.43825000209,5.3764955804398049
3.12376445759,4.8799600858863643
3.55934823679,5.5535093073017663
3.31333916799,5.1524536237228453
2.75566873745,4.3241308721878573
3.42364883114,5.4242627014101048
3.22133691233,4.9783785396879017
3.67790508909,5.5105880035693149
3.12121535999,4.9039910221684408
3.78756726008,5.9187677541520323
3.84587501676,5.857551941323492
3.32755492035,5.1799545995728398
2.63645961697,4.1832838560480985
2.63573605979,4.2086195119618219
3.54730462161,5.4074123199004172
2.6292380818,4.2132294003322652
3.26451956144,5.1209535174411842
2.99769387502,4.6832713273530073
3.10008343147,4.8772790261531211
3.14513457602,4.9313309126617249
3.01065467163,4.7690771232563414
3.53188174861,5.2917004677171011
3.41347829174,5.3984812012956631
2.82567789302,4.5245503463406305
3.8142656266,5.972640788270005
3.65876947103,5.7260653820094713
3.65204601098,5.6417067560682002
2.76677419866,4.3860403339632281
2.91000674368,4.6108453835477201
2.77321111683,4.3464927853761068
3.18095871465,4.9957881700997513
3.30941071371,5.0595645801553575
3.5697736727,5.5836193543732699
3.55228624757,5.5368307373285246
3.59020714529,5.5324743888517443
2.75608002021,4.4034977674335387
3.58033202411,5.4933767008952392
2.77440832018,4.3683168715778562
3.88394671709,5.9421076079919555
3.50092873265,5.4312887576556639
3.66474093582,5.708259129524099
2.8866544261,4.6477739285819322
3.0315419564,4.7600639933281439
3.86300298245,5.9850902439395792
3.03226960725,4.7243653429261157
3.82537249942,5.872317150160157
3.32926753757,5.1634287792686662
2.79356962488,4.4323435685251242
3.45446634317,5.3364366390000271
2.61789917854,4.1251911687438891
3.79943900127,5.8027224645385607
2.95592765828,4.6167781986863554
3.86321788173,5.9535454168437889
3.75595115453,5.7237871927158093
2.87310450253,4.539520659216433
3.26181054317,5.0467990998495447
3.82514444739,5.8704117909905635
3.28112828653,5.0500517807125345
3.31337118659,5.0452352453361726
2.9583168287,4.6306503687074292
3.28988286413,5.0811140939051516
2.96165121458,4.5852956967217766
2.92068688928,4.5793554774555298
2.5966425869,4.0782098325435472
3.33968953702,5.1458548650926055
3.28731059104,5.151258865634512
3.00407282731,4.6815132963994177
2.65948074806,4.2159047836690267
3.8546822405,5.9576605020133151
3.37186590392,5.2591779858683063
3.24896109467,5.1029515860167578
2.57575372274,4.147389801806912
3.00987883037,4.624776123225768
2.59522791186,4.1622358748008272
2.58047413692,4.097020809901613
3.76650340237,5.7613997361119802
3.63698470118,5.6330209031576839
3.59907281137,5.5550904848976179
3.14743916261,4.9002750837178608
3.55091099052,5.493546370836162
3.69059534129,5.6697990685597786
2.67914908065,4.269389654185046
3.52991064054,5.5532898226631549
3.23045016057,5.0667162723449426
3.54863628243,5.4270230116619613
3.58968805204,5.4977538450504122
3.71789822631,5.7821736110306983
3.25886215525,4.9941929843203248
2.8859763855,4.5693721665481437
3.6891864821,5.6161950986126072
3.66327268176,5.5172001567150666
2.62371128647,4.1764646566941757
3.64625566125,5.6653501093205767
3.08774675667,4.8494593757292739
2.93217510327,4.5749481145826225
3.09104166463,4.8260783130956835
3.46358650829,5.3560885433045176
3.51065874546,5.4039074357392192
2.776347883,4.3283521017648159
3.29122135085,5.1295228752867095
3.69583672416,5.6864988545631894
3.54074937743,5.4068141593819563
3.15930986653,4.822942437776045
3.77526632456,5.7919776361513353
2.52246936187,3.9838559177673942
3.78749210669,5.812503709768551
3.66932984519,5.662170491998002
2.96463046206,4.6071601043982513
2.95274703311,4.6316746768361661
3.09953506926,4.8538329995519325
3.35624468303,5.0998366093698282
3.03158468895,4.703233091363165
3.64780055567,5.6593119690269411
3.25245195493,5.0263682829114629
2.77363949055,4.510186887206709
2.79005641444,4.3959022294068868
2.65238871226,4.2196918551429246
2.99703912482,4.6900399364988736
2.57046671295,4.0629944827547151
2.85741582404,4.4506409369168818
3.27181997517,4.987285573259876
2.90754862418,4.5998074695179714
2.59486813552,4.1156735537838829
3.64499012602,5.5732182590504147
3.51290646348,5.4793927241547635
2.69345976362,4.2630983358024288
3.76615606164,5.7457437034411898
3.34631329617,5.1962543414032698
3.76251140962,5.7758609200111222
3.48643806116,5.3639470729618788
3.86834887183,5.9367588973277288
2.98937805151,4.7352961420927935
3.49901271928,5.4398203668382266
2.861124525,4.5244437554437198
2.76789039919,4.3571964066650857
3.07188795081,4.7755834615401556
2.87638221956,4.5640266244925529
2.94005106564,4.637270784251637
3.58722264493,5.6663957431940517
3.75172436908,5.7625546318736296
3.70785754926,5.7018434074354696
2.76127495056,4.3502157252118101
3.72838652757,5.7269295521434689
2.71623750615,4.3793403297558591
2.7055807986,4.2084893966040564
3.35474383721,5.1568619895485028
3.37312220824,5.2449458916312848
2.83572482302,4.4527930667799716
2.84872022169,4.491764223592118
2.58181595169,4.1148005539304826
2.59063297892,4.1060823100028561
3.72446051139,5.6941305519607006
3.42066185824,5.3033323678728328
3.38754049117,5.236392972043066
3.48491325886,5.3457951731148858
3.55028926941,5.5171718691008147
2.88837439968,4.5191226245161813
3.64070981896,5.6580138316052615
3.72564255817,5.6874396504861879
3.73303196073,5.7560369882922897
3.11476453893,4.9634458458443849
3.52202028535,5.4576592788317528
3.2904907252,5.089290961053119
2.86693734563,4.5413184017450243
3.50535461353,5.4961602929697957
3.85278101635,5.9610837168162085
2.77740841631,4.3661594816198557
3.56726913642,5.6076978956689167
3.0230891919,4.6517469436715428
3.61216726688,5.5910953564585846
3.56067195146,5.488603037414082
3.59809791733,5.597191278904825
3.46032119697,5.3647446647807904
2.96528276074,4.6712332849964984
3.10216356227,4.7983942724052726
3.03011226393,4.6850831237884734
3.39400181624,5.3087884689485447
2.78702828802,4.3970299879509973
3.06853282093,4.8053440982272591
3.88908072215,6.0544604090890086
2.69032159406,4.2567338159330133
2.97108322673,4.6768435227014766
2.67277826562,4.2912844910253076
3.54736144271,5.5753762681047974
3.20883227681,4.9897087644835407
3.50236011923,5.4847397056616751
3.22898098181,4.9784803622917346
3.11479050249,4.8502008040793188
2.97509428798,4.7016548816501578
3.64347337705,5.5965424998810649
3.52825544566,5.4563640454294049
2.98317428806,4.7144390626725654
3.48145192149,5.2853259800136305
3.12540041017,4.888093933787113
2.6822863867,4.2825781020744689
2.66228353368,4.2181391515868709
2.65499561192,4.1539917026566906
2.52327140953,3.9951485386989938
3.6829834723,5.6672675530395917
3.7312794104,5.7671696353934205
3.3140980229,5.13728699918431
3.51869797897,5.4193223771249528
3.83631022764,5.9348492852465258
2.54750542921,4.0840407732618624
3.34329407767,5.1795292447084318
2.59987904508,4.1762484558621598
3.88480332513,5.9656958385517251
2.66752133704,4.1703288208602736
3.74305550967,5.7777054993371193
3.38486746387,5.2031710938047198
2.51293108535,3.9679391534477002
2.63669976084,4.1742281394270178
3.86913043834,5.960053244782701
3.88161110847,6.0604847868491181
3.46952041928,5.3129721667523686
3.00755078107,4.7044410542048709
3.69618634545,5.7533111895139424
3.58757943781,5.5540754466172597
2.99853405946,4.6888199210393449
3.58476324362,5.5003603790889892
3.03785211169,4.6617736627122843
3.28099113146,5.1773602261049501
3.00209602169,4.7541196275829325
2.80501138772,4.4169509420784747
3.5018535955,5.4541732918878436
3.27774602621,5.1247924736541668
3.45982827057,5.286547274998953
3.01518334348,4.7323657770233369
2.52833148141,3.9495883698675458
3.67380533503,5.7008221732954061
3.54947329916,5.4578251774963116
3.54559020394,5.4643355499802269
3.86511186858,5.945478148810877
2.80312050105,4.3952173893317763
2.70019878217,4.2660763666781518
2.97460574453,4.6683782257743012
3.76306587244,5.7804086318645851
3.29909288466,5.0917165739746064
3.2960857935,4.9871599621727789
3.4178507998,5.2798384027280454
2.69764394179,4.2456593227169748
2.63565525353,4.1653017070532963
3.61463088431,5.5681132100851443
3.74099699593,5.8289973269664115
3.67209422584,5.6306504747385429
3.50110414441,5.3709905980427957
2.69872018178,4.2886334606402494
3.3583266143,5.2434239854630453
3.11954960367,4.8579261687078654
3.20001271567,4.9930640039695184
2.83479037928,4.4887952371559523
3.15244340041,4.9436278724168066
2.71424998577,4.2883840176752086
3.68841232391,5.7001141341084072
2.78175635253,4.32752165822341
3.64051963672,5.5917398143229553
3.17665653498,5.005102388419596
3.07460405876,4.8124050919569141
3.08895878298,4.7887644633710131
3.11420534162,4.9314666293399041
3.40084821049,5.3013714791394424
3.6974323184,5.6884531423815075
3.16271659043,4.8825179743597449
3.6458981371,5.6299715514594713
2.96833123316,4.6472137251814694
3.30921689518,5.1841558180984366
2.75664231691,4.3073073491188572
3.17019827634,5.0180577045088359
2.80936200355,4.4334084597389678
2.89878272457,4.5846449647646645
2.83347226033,4.3930417513324755
2.88300556372,4.4655740273782083
2.77113524798,4.3598291578415882
3.6165594833,5.6311652986026859
2.78732832063,4.3765088797380454
3.21249337382,5.0105277481991797
3.46017688274,5.3987557243558078
2.67771140995,4.1796248130546507
2.68634331299,4.2592172771407952
3.56058561821,5.5545053950047487
3.76138154415,5.8249872734875643
2.84966658214,4.4755536883021687
3.45211159835,5.3716173530346198
3.11979308796,4.8733600345282015
3.40832245195,5.2554203428654374
3.81909599629,5.9137866460814186
2.67063033923,4.2733263326332747
3.84508636578,6.0499464109970642
3.88942666055,5.8603098804215117
2.69512587751,4.2152703906531581
3.7989737949,5.7528422391418177
3.64944793087,5.6730705042447616
3.03327133729,4.7239689523714352
3.74954126411,5.6981345565534101
3.44459867593,5.3121011469398756
2.86286627379,4.4992961793347739
3.65141958689,5.664590326820476
3.4611845565,5.3592051265553398
2.57587368502,4.0394892517937739
3.64881881624,5.6290783016554178
3.09469666412,4.9395982472376758
3.01958291729,4.6501261331000885
2.73607224461,4.3251399706988041
3.75265935432,5.7819377865470658
3.84929066683,5.9707351708168845
3.23027027623,5.0837678282744481
3.46218585533,5.3529449075099782
2.68331389389,4.2535594948763054
3.1762264461,4.9704834231741728
2.53665089963,4.0665328506301091
3.84909761785,5.9106065304686339
3.18470106709,4.8796390834528909
2.52792582273,4.0061449919040966
3.85909258828,5.9285748129671445
3.35221536368,5.2568279979964148
3.15760513422,4.9007122597018045
2.87074321695,4.4777597964265397
2.87913145185,4.5575261865522574
3.15687164642,4.9185339820137299
3.05604575847,4.8182618320558781
3.34659082958,5.1349818824820312
3.22941700269,5.0367069364868042
3.01257920186,4.6870326777358118
3.44204668072,5.382889697677415
3.08345204397,4.8157921342167551
3.23570007105,5.0027795940276869
3.67732998003,5.7281395538478863
3.29856055025,5.0692697496392087
2.63216211905,4.144234611020936
2.68274385021,4.2556209053774436
3.80001293852,5.7569880152128894
2.61979009437,4.107777136387007
3.2491807867,5.0752638746156782
3.40892016485,5.1874649520613136
3.88875903031,5.9491096218752277
2.95305960059,4.6008103431107799
3.550290572,5.3618287687980848
3.47498467907,5.2709075615684178
3.01231512436,4.7119570582952024
2.789291786,4.3796665075650605
3.45441637287,5.3290829085073455
3.62282967546,5.5997061620350088
3.04953222886,4.7216186871721524
2.67834172558,4.249838482175444
2.74232325039,4.3136515207622139
2.95207716757,4.5189127508953844
3.04861204647,4.6894366931398306
3.25868702919,5.0945599682480669
3.69389943479,5.7474507137571775
3.69899555432,5.669955930038288
2.81332793445,4.5456589614250156
2.97675150698,4.5839713785820404
3.16572538315,4.8826473450965127
3.50195315325,5.3904491440301534
2.90902195299,4.5616370531314869
2.55484237467,4.1466940354111976
3.31834069762,5.0987726085749179
3.16013266269,4.9520432129446226
2.838589066,4.4507084888258523
2.75218355653,4.3411958049301926
3.33128383742,5.2084024613670898
3.01522067633,4.765295609562048
2.88485974185,4.5374703353501076
2.53646520864,4.0343133381721481
2.68365427255,4.2592768059197441
3.82712615623,5.8697199855247266
3.40305610314,5.2776991019676212
3.59213172064,5.5960359687729415
3.35712718335,5.1632939451219784
3.184646773,4.9752190702614216
2.84783864904,4.4940995261762229
2.88114009633,4.5333157752122233
3.05525292146,4.7306738314595274
2.7748051019,4.3950687103735815
3.20323210974,4.9785935041094458
3.64734799018,5.7301305738677257
3.50000447337,5.3872303250375655
3.45182962531,5.3544472643678933
2.83387871011,4.392227733212918
3.42749599641,5.2796568839862168
3.56169010258,5.4763480378810367
3.62264977189,5.6310437711672225
2.54020024935,4.0014541192535544
3.01847712943,4.749415779980886
3.4618818197,5.3756378373117624
2.7997713975,4.3830898442441839
3.32759030215,5.2252956472170524
2.71984789766,4.3008616594246414
2.67560550798,4.2268499659555774
3.12148935818,4.8227566778841853
2.98082466081,4.5918930310552222
3.49025126604,5.2786302782163421
2.83046274927,4.4435906651123984
3.59544159006,5.5866493826977104
3.37720456324,5.1415073426767783
3.62161146043,5.6096598004522606
3.20433330908,4.8749993333551416
2.92439989183,4.5768965482642763
3.81057170646,5.8686224887838252
3.20535855308,5.1024648379750861
3.87718157695,5.9930182741514511
3.74167993772,5.6900425486905375
3.27573372583,5.065811332353797
2.77590918076,4.2947440436970048
3.26515585882,5.0656067435199175
3.17159933464,4.9600841042302539
2.71668417539,4.2640288377745144
3.63229208047,5.618088994961747
2.97518133336,4.7144742421174293
3.47928864932,5.3432919786170308
3.00960029337,4.7145246618740249
3.51296955543,5.3922127394983219
3.71096568431,5.6620870156595284
3.04198744996,4.7328439176423238
2.6764304773,4.2665548914677842
2.690100359,4.2737253672392637
2.86500649491,4.462076125904388
3.2659349672,5.0506120527075629
3.10136368524,4.8208261907179661
3.65565010521,5.7030961302496257
3.61681468008,5.577600702404971
3.23110739121,5.0350226618582461
2.75584888387,4.3678989653069387
2.90692436094,4.5397832575289767
3.0855683702,4.8448669505178419
3.55996466046,5.5075003890531411
3.75112844181,5.7022002686448845
3.81098756558,5.881649148420486
3.70992446545,5.7035074693791463
2.74712019639,4.4321401054106913
2.87224786465,4.524460679548632
3.18699664614,4.977792149460984
3.6903181672,5.7591519891033789
3.40887562892,5.3153436022748402
2.72061832053,4.2471252254685679
2.51422189756,4.0010374684923269
3.08385621184,4.8429140456268813
3.14023824146,4.8975553057560681
3.63145577948,5.5917721691346509
2.64539348191,4.1633694875914626
2.96206736721,4.7255478017337493
3.39998093836,5.3173500438325414
3.72557426869,5.8404749739585391
3.03056867341,4.6994308956264712
3.26556878777,5.1732749468408992
3.49279193101,5.4722092273601017
3.36194519501,5.3033350731834368
3.80779273633,5.9197145014002821
3.60837193649,5.6831554221984542
3.14743849981,4.9004804285742871
3.44598219088,5.4127390895431811
3.53700653435,5.4483902198718424
3.88384178113,6.0444117494923333
3.14469522057,4.8910355327952084
3.30727474048,5.1120401190156519
3.37625100613,5.2199304201058156
3.20707311741,4.8992618149998446
2.70886462331,4.2654096420285992
3.21420164649,5.1080814881102787
3.61170783283,5.5066549717928757
2.59101920159,4.0919482915434413
3.45842357832,5.3752482701743611
3.13585420659,4.9025153951289644
3.6009147354,5.5795904776238654
3.07613632263,4.7741843460701006
3.18897245408,4.9192513676673659
3.60421295099,5.6534808799483303
3.50889460095,5.4309565137346505
2.55765105363,4.099640662700442
3.54995194513,5.5350594542634477
2.7655992908,4.3795022195212043
3.39421122875,5.2541120810920239
2.62256506761,4.1934515666720156
2.85020467798,4.4183895043868153
3.30060838011,5.1747369167081603
3.43753483246,5.2536382137705058
2.62205883809,4.2036413170366291
2.61297930643,4.2062577598975821
3.03787877748,4.7373296026367235
2.90373745375,4.587264827572147
2.55397479371,4.1102058484308506
3.1539629594,4.8956732476092721
3.72983645028,5.6275111345614972
3.3157376779,5.1411698250443685
2.68574728407,4.2406631413935356
3.1982063059,4.9474080923330677
2.88126435561,4.5570167352780189
3.73605704801,5.7151529585273861
3.38201337614,5.2203597603303296
3.15186135079,4.8782207016353816
3.8374614901,6.013250823598181
3.72919721626,5.8058801461533616
2.55868282658,4.0736827754023119
2.80141210287,4.3947954547334067
3.48059081244,5.4451767704020329
2.54518562476,4.0601261397058606
3.24966657765,5.0093818568284494
2.78194191957,4.4152890736751225
2.79475795245,4.3961689711075547
2.78376383325,4.4039339795498842
2.86845754277,4.5671424930620379
2.78836615059,4.406944288165052
3.25550054073,4.9937190636264122
3.74216900945,5.7679247951272767
3.25068832412,5.0003200959077594
3.12746265689,4.8768623951592351
2.69292978637,4.2717930784770619
3.25701190361,5.0457420131332276
3.26522557402,5.0529595503980715
3.47358478937,5.4186594027952504
2.70526157084,4.3028444605269742
2.53653455893,3.9821850215417269
2.65055854601,4.2204473285981603
3.21515389699,5.0467014639426369
3.02332336146,4.7285050677482579
3.33037130345,5.0926805326093811
2.87005626295,4.5566563190678817
2.96584592341,4.6608787967729874
2.54115795924,4.1029284187031543
3.54834038036,5.4699926788219688
3.60549271981,5.4913262218730008
3.41690719298,5.1504026911213554
3.80808225334,5.9636775746993678
3.26884267985,5.0849993686359101
2.67763030297,4.2416701818140208
3.85070427388,6.0037859072362529
3.02385337183,4.7952371439054948
3.59784465665,5.5616075887703822
3.37091615508,5.3187476166120753
2.94138077601,4.5278599654737448
2.57891606505,4.0976382544252044
3.27426097441,5.0708511021409084
3.03576357573,4.7972644593958043
3.80513998412,6.0084387798867072
3.18403556065,4.925545641938486
3.64521746107,5.6996349185443522
3.09352258652,4.8498877137400198
2.52018931094,4.0118959890374173
3.66475928474,5.67143393698107
3.56049685422,5.4856259268028804
2.88574734142,4.5672133624570108
3.01846704413,4.6630195419907574
2.64875001109,4.1561886162611446
3.5357944365,5.503689815465119
2.97525439799,4.6891417319335922
3.57835857663,5.5568751788956323
3.55657979184,5.4566794996609822
2.9681374579,4.6464410563752852
3.39714572683,5.1895217707014716
3.47601622761,5.460831010901761
2.87006618292,4.5093244466785194
3.56186842142,5.3582263096757758
3.52231461809,5.4416755293584815
3.38899559668,5.1990953678214273
2.81537063716,4.4782484762774928
3.79263061396,5.9090729718936039
3.12548779038,4.885716164708704
3.23534181979,5.0342305796022355
3.30727141553,5.1428314463472962
3.64003554803,5.5837233306789731
3.17997296896,4.9594241873547373
2.51983169593,3.9577571410295347
2.65922980345,4.2524141889540195
3.19058145109,5.0867572415253104
3.03250991196,4.6361083923583886
3.5926155299,5.4631010556567841
2.62863646877,4.1605636367679715
3.3331620415,5.2369309937741901
3.05313564045,4.7629757457768482
2.90959871612,4.5914661300419111
3.29625134581,5.0790312808968237
3.13630748928,4.9352116072239509
2.76494591111,4.3455488848935744
2.86652462064,4.5101724488727957
3.8387353418,5.8533347767331572
3.40428030796,5.3606526514879116
2.65583533784,4.2207661158261978
3.43735176752,5.2785797443576588
2.67034206589,4.1956549493139512
3.38028818801,5.2827863112859719
3.2218494181,4.9692861563474402
3.68115014371,5.6581496234062199
2.9033263801,4.5737526358141034
2.82708906961,4.4454751826548851
2.90929767436,4.5700663996857571
2.97694348545,4.6475008403852698
2.6429644127,4.2541883730668246
