k,omega
2.92645644527,4.6180071275283332
2.54359381849,4.0326021649117605
2.80410195817,4.4700712092684185
2.67267368442,4.2078527753495276
3.50712901025,5.4547168180128907
3.41884152426,5.2842253279608631
3.4873804717,5.3849638993987901
3.70527301407,5.6782234549440123
2.93668441705,4.4980675751203574
2.80031361979,4.4464976907674361
2.68175848453,4.2876960418025547
3.16063080025,4.96402352386629
3.48278224081,5.4304095405616932
2.68750288101,4.1809760517113341
3.74037911679,5.7468239977877165
3.5393520263,5.4703244626927345
3.71809818158,5.7149778455318057
3.24345487606,4.9907485090274024
3.55917748183,5.4967619267861787
2.80380016414,4.4314523278745028
3.22956494658,5.0164773206722142
2.54749556665,3.9653479063734567
3.55364358715,5.5136258637118418
3.8150362421,5.8372288651762894
3.80848430748,5.8894116455830208
2.73825161145,4.3098440586151048
2.98554613536,4.6792769729822759
3.37061651411,5.1842683246122752
3.34561757261,5.1837686320741652
3.03016884081,4.6972984334046224
3.23316884223,5.049662793799139
3.75974066388,5.6694188011863087
2.93485400849,4.5704418361529866
3.22020742644,5.0471377061498792
2.85336937281,4.5138599075756742
2.92506398119,4.5373658150010954
3.4990890805,5.3736858924096707
2.67499126835,4.1655205284068364
2.89171659324,4.5069053729331339
3.61359508499,5.5935199495133174
2.97621978417,4.6216119597643033
3.79389227857,5.7841420489340383
3.10140132887,4.7930750050674202
3.88306251456,5.9453927302457013
3.21126110933,5.0336059513558151
3.78927473273,5.8918634830883381
2.5939471957,4.0772052200976514
3.27893914048,5.1393160329292353
3.35836422305,5.1379660591242269
2.66513349378,4.1989759927457628
3.22876361895,5.0058904989409827
3.89776998628,5.9047256359792328
2.85272599699,4.3991953953486576
2.60239393826,4.0877978068077789
3.7874322776,5.8111034743421248
2.6602676459,4.1288550501889185
2.5890613031,4.082217851642179
2.912799541,4.5341753695145517
3.82673687396,5.8648446274419195
3.48730755413,5.2829110762642548
2.68070777802,4.2858189109532656
3.63436757244,5.4902478694557164
2.78897188774,4.3726685915598322
2.542938557,4.111559918602322
3.51791246411,5.470216431970826
2.84683067156,4.4776148901075361
3.26317646288,4.9735478966313131
3.71028587957,5.619394406840108
2.67885590429,4.222357424473782
2.87291121221,4.5240762471276312
2.81736165254,4.4059701255142745
3.35830366689,5.1596663272029888
2.98726091923,4.6705283294577873
2.73089156897,4.2650164911713233
3.72791562151,5.740294478152884
2.86189070763,4.4422543228722189
3.39906355524,5.2498129336451553
3.24925586402,5.023989434937338
3.5244462498,5.5208478329364823
3.87727375155,5.957042958138457
3.90215258197,5.9634258080694229
3.5491109819,5.4680461463150749
3.4272335648,5.3141643019724576
3.76945816729,5.6643067423728226
3.29767939913,5.1376520977008688
3.70686596187,5.7486193830364654
2.70134829349,4.2409379304109747
3.6984181985,5.6468773962076169
3.54016122177,5.4227040863982818
3.40230909788,5.2746984688552523
3.29848359895,5.1239392862786195
3.20020604105,4.997370398995117
2.59640931972,4.0996836323079
2.84595791245,4.5029631782939639
3.11609280393,4.8658743858333553
3.40454830191,5.2633333266139175
3.59495608966,5.523806919604823
2.80170934218,4.3948930687137135
3.48888128869,5.3596417016353106
2.97592852779,4.6524956875676002
3.25056741543,5.1022970803599383
3.28987210768,5.1288710590853652
3.55427325018,5.3730642583218566
3.26481471342,5.1082866847751083
2.98667386194,4.5606143464946651
3.25340200565,5.0861169547570917
3.07652884277,4.7303721165301384
3.57835469287,5.5262627607138999
3.8242552318,5.97128135410032
3.45459533715,5.3356767019089695
3.02035155437,4.8144230778783133
2.70075406366,4.2489469284092145
2.81160445075,4.3648964879846268
2.96703126649,4.6347723389460498
2.62074315017,4.1485999418403869
2.57229823537,4.0403449961570574
3.59328853375,5.4827831939249476
2.97837219031,4.618132090590783
3.62113412269,5.6249448308080048
3.51200044081,5.4125540609897698
3.2122601832,5.0412286853596449
2.97824371652,4.6147163354566105
2.97379601427,4.5772896132549885
3.71091155465,5.6538207231255786
3.06222319489,4.8070291975198032
2.68382640039,4.2502469325248029
3.55139632997,5.4422720500128472
2.85359635601,4.3570194611389521
2.73156719116,4.3281886113966133
3.20404914279,5.0748399873154257
3.35287619531,5.120149576325983
3.43422178033,5.321820565008065
3.00853355663,4.6719455673050945
2.59567963397,4.1042571513642976
3.07034171735,4.7925305073191486
2.75478779275,4.2189893214962995
2.69054500193,4.1908545284572218
2.68401196679,4.2219894944541432
2.69008651043,4.2394694694375525
3.16859954616,4.9062704122154059
3.75124933795,5.8866226768791927
2.65466005538,4.2594358690744967
3.71714008623,5.663692290832314
2.61498204032,4.1301079709998687
3.68853012066,5.6883560772571107
2.66604394946,4.2310345898903998
3.12319894021,4.8670404098041571
2.78827934555,4.3552529336093757
2.57854531546,4.0828706993613926
3.56948646055,5.5551040276582535
2.84964129085,4.4946844587310881
2.84276514638,4.423725388233767
2.796489176,4.4447438009231606
3.0647844582,4.7865778540722017
3.76229227135,5.8338562507783074
3.67255922657,5.6702200270344196
2.81274601027,4.4049003490140795
3.80197823646,5.8404809701549931
3.83072346108,5.8335324207039294
2.55278866704,4.0003227248709301
2.60763549771,4.0751781923744144
2.69348128849,4.2007331495039031
3.1017728282,4.825078635720887
2.76660130301,4.3795441475389509
2.71135060906,4.2929444472121183
3.57112271319,5.4665368601586115
3.83299069142,5.7455086396900699
3.48757496724,5.3951251280014514
3.41989342704,5.3473408756973217
3.71613407912,5.6302331659939382
2.74380696877,4.3136111860174227
3.70707684502,5.653671862133085
2.80335119977,4.415703812068938
3.56338265689,5.4345676747900296
3.56602678525,5.4527751166782821
3.39560719869,5.2327753436786004
3.87924423257,5.9299023025854938
3.21491354023,4.907505735208364
3.75179702844,5.7524967656750832
3.82948577538,5.8266892869140285
2.6467961001,4.1693825084002958
3.88277574004,5.8507320462125092
3.28511086773,5.0372366868937064
2.85751221742,4.5194094527418249
3.23468843282,5.0320151910993101
3.69950819004,5.633801099679367
2.93806717885,4.5990073946094912
3.45848746323,5.3234316562824082
3.482331335,5.3860981980266409
2.95028344201,4.6191442377305174
3.71758672874,5.7254535706303642
3.00979735565,4.7230751293889632
3.66430747709,5.6581098657363409
3.00357541753,4.670904563293151
2.908333636,4.6192456631519248
2.65554039483,4.1742040887820897
3.54158341246,5.4908744202093889
2.9440494814,4.6610098675109661
2.60097975794,4.1388177944024207
3.49973907943,5.3410651908415012
3.80784401911,5.828396696297399
2.64087467842,4.1516367460623984
3.74645312551,5.6643776573722855
3.62725484382,5.6491875646194245
2.73567782404,4.2569666304818421
2.80936464438,4.3235464051427615
3.18256260742,4.890376124085094
2.66850900921,4.2522024710121995
3.79318978094,5.7694345785034544
2.94540492469,4.6075656081143119
3.09268157409,4.8706648934678523
3.52319492401,5.4771183337545075
2.78180599816,4.3425900163625224
3.00341836406,4.6354021767384168
3.42010371931,5.2950293514928868
3.24536835489,4.9351125683822135
3.16075057706,4.9251820301274405
3.88219062867,6.0250419351356532
2.97293547372,4.6864369909885273
2.69456397336,4.2638228703351349
3.25187019462,5.0265142829911884
3.83978469438,5.8807792128021124
2.58117715502,4.0749780338079464
3.48158394788,5.2307157779195412
2.54953435505,3.9877229023094185
2.5295892928,3.9308265108349527
3.24408084025,5.0223038966501354
3.51789704838,5.4652892138248621
2.71504971915,4.1896497339413346
3.56678179522,5.4779042067443617
3.81106123296,5.736225320820961
3.2737207613,5.0853964990014537
3.09641866461,4.8196475994937034
3.37062705872,5.3085549501108797
3.72757366867,5.7964184107315342
2.97332189491,4.7224237761934047
3.71198683285,5.6621818461636622
3.89362333214,6.1066726019180289
3.25727082166,5.0349822250322704
2.9454359418,4.6266352568504807
3.76892950046,5.8122070245361668
2.82069601706,4.4019670097411598
3.36078344671,5.2517813415861347
3.32390522709,5.0502162544544014
3.09836971625,4.9152141469238142
3.4031634811,5.2248730664783523
2.86161938659,4.5376531241780418
3.87813916725,5.8522120733088228
3.85206713671,5.8962362061236453
2.63110062742,4.0946528901057855
3.39560290065,5.2540908426738033
3.34743596659,5.2557589505144051
2.87484149082,4.4813621811586088
3.74432686989,5.7304564141056691
3.14119869288,4.9062412171243546
3.45421323432,5.3004841210629801
3.72133485031,5.6345062606534269
3.38622554831,5.2900244396216776
3.45035856675,5.4308838002054367
3.66663352931,5.6094305692140427
2.54654187974,3.9298901516822582
2.9077115028,4.5856459859324987
2.63554871834,4.089705106118001
3.7919916763,5.7385043395920476
3.65479134502,5.5845094795404693
3.73744989069,5.758986091374668
3.55407973153,5.4989534656801204
3.55615567063,5.5219455145370642
2.75939867136,4.2600911767442478
3.25500691833,5.0556751318366144
3.1128893501,4.9242226718713153
3.73105848874,5.8023679569785065
2.66963890979,4.1918072516211931
3.76033999914,5.7619093872640894
2.8407167919,4.4391422668614089
3.60152325751,5.5469051584477835
3.61332200884,5.6283148198381721
2.55528109866,4.0901309904980376
3.65825615982,5.6071386431278469
2.97220692856,4.6209153285580715
3.51703431583,5.3726982692713143
2.98127476217,4.5797404537806639
2.72836454354,4.3054037240769878
2.95960059634,4.6598493130978529
3.7153700302,5.6793622839727727
3.01870666327,4.634457323333578
2.87183659114,4.4808686616953972
2.87595938582,4.5110843370811446
3.32430531969,5.1946042240480654
2.84588037234,4.4058036263302753
2.89519394567,4.5682726822491242
3.14613992446,4.802956870134115
3.41984333167,5.2960119887465877
3.68650760788,5.6805723384730946
3.09364156813,4.7858080665812883
2.99853115594,4.692025502167593
3.11348090703,4.7082798208335772
3.76613801087,5.8756174023700352
3.84993744596,6.0100904802375483
2.92057544525,4.575779459669377
3.73415389697,5.7396420668792132
2.97002284074,4.6613044448644336
2.81732003113,4.5063580939308725
3.20079468011,4.9758554836437598
2.74465314738,4.2830024311163983
3.0104424294,4.6895872454223122
3.60853688755,5.5790028672852081
3.82605747548,5.9363903306879919
3.06391489834,4.8020077885000125
3.8771944893,5.9093760247479441
2.61603078023,4.1132887971303083
3.79242164228,5.8350110457530713
3.42499117993,5.3112623941299271
2.596707991,4.121607959500035
3.2669406412,5.1160886437857167
3.59129228893,5.5240109242983344
3.09897640717,4.8292550453658771
2.83688082208,4.4361362670138638
2.56377809813,4.0385100827419516
3.3892438033,5.2145153962172603
3.09177954336,4.8474781807209677
2.97697534663,4.6972315085144283
2.68879716992,4.2295018397058772
3.22207074652,5.0619886256771416
2.61892299973,4.0890052990853327
3.36513500739,5.2215327029762406
2.76278355777,4.3048516136282471
3.80642404714,5.7652605734324132
2.86911712254,4.5974878760245712
2.55365421254,4.0568024418488315
3.05074571198,4.7332503803178341
3.50169424968,5.4636074353657316
3.59428670742,5.5548318732896762
2.66947976904,4.2251826372269408
2.74539830986,4.2791011528989076
3.7850410592,5.8579571517194218
3.61195180224,5.6328747598163096
2.53060327708,3.9922004588940831
3.0571694861,4.7011877142270766
3.46632099686,5.4543441545388882
3.03124698846,4.6842768489659017
3.19613765526,4.9713056150676831
3.23726542909,5.0521901084662488
3.60925777953,5.5639163899619186
3.56008453218,5.50834501910761
3.75694553645,5.7803656372256489
3.11987567107,4.89764747178479
3.33228115915,5.1823478851498566
3.2129049099,5.0322033635554888
3.47465284482,5.335704011593454
3.55469413114,5.5239750093371347
3.43719301447,5.3289880359802506
3.03122133104,4.7687168917450729
3.20521126467,4.9886368084453006
3.45201332337,5.3777417478350449
3.5736022974,5.4420383884494834
3.43377816888,5.3546939130522802
3.78844184225,5.8294848499419141
2.71939852382,4.199410027455289
3.79771377198,5.8500279073630121
3.73599838103,5.7863598150933431
2.9594862735,4.5813160317325465
3.08079978666,4.7875233457778013
2.76277160722,4.3428970224202867
3.21958146985,5.0460964305518043
2.56883994554,4.0294129573234807
3.54827615775,5.4582847741919629
3.89334276327,6.0304643440799914
3.10007907103,4.7406820029360297
2.85183980908,4.503431080763673
3.78624080153,5.8234862048037881
3.5661309806,5.574801675850634
2.53415759391,3.9388107412725128
2.8302496536,4.4338052453864361
3.37955698877,5.2299261723681916
2.59778573023,4.1108258213500344
3.07412072583,4.8075951649521853
3.83080369697,5.8792149253638222
3.04080872531,4.7168155674310714
3.86952183301,5.8914453706683432
3.81049541492,5.8265277636695476
2.89153732262,4.4975267881662644
3.34734928334,5.1354461587923357
2.849886163,4.4788309499420862
3.27989729711,5.0829581746552766
2.87845162511,4.5219939620087839
2.82499006819,4.4274060023865047
2.84586022789,4.4097231974441078
3.77840276704,5.8445151426984703
2.87815625147,4.441171038713513
3.52776576312,5.4895743399456087
2.62622943286,4.0935124078138516
3.24423267985,5.0653763196271191
3.63702285322,5.4342912341442915
3.17017069418,4.9541322157077614
3.29810842359,5.0973604658313798
2.91181824447,4.501753677985433
2.75508911328,4.3246275890411665
2.54289832778,4.0758446127191217
3.44347493085,5.1645369012283506
2.92103677428,4.4320418815200924
3.0340704701,4.7316392895876165
2.81850819792,4.4480001844556183
3.04817527555,4.7416569631407741
3.20144789496,4.9262297869045604
2.96174854846,4.6778489002917887
3.76928020735,5.8433418887152122
3.76773959434,5.6797026621273137
3.04695029487,4.7600270139370213
2.83461753092,4.518635655448251
3.88484047505,5.838859306932541
2.68131166465,4.1918466680367041
2.81908502363,4.4040360347971914
3.73094124632,5.6962736067750699
3.3725413464,5.2677513538926171
3.20462524379,4.9383945487961292
2.70590170215,4.2465364820781932
3.79952244789,5.8691906094961714
3.78995486241,5.8838064593163617
2.67581298396,4.1759221619474287
3.40276687271,5.2407578180542718
3.64873346534,5.52799291387623
2.71430243819,4.2884742917241798
3.59670056083,5.6465203648395335
3.43984153305,5.2907217351092344
3.68529826284,5.7125520040933546
2.7712683732,4.3393945120776261
2.69254011025,4.1855514494441985
3.31818630536,5.0823340784178104
3.28447617523,5.1315220502643717
3.00937681051,4.7945170464067637
3.39022359738,5.2456653309670012
2.90423432242,4.4490398048256292
2.85851521022,4.4663971851747171
3.43065863617,5.2603109742844527
2.82718910329,4.4199283987373308
3.12491804938,4.8923107528714311
3.85982782497,5.8531778663365701
3.01581860308,4.6923460715107987
3.65860117317,5.6701302330901351
3.16361985395,4.948134981231763
3.49330379454,5.4215601360519585
2.56211922978,4.0767006348601686
3.35047934164,5.2037108495493785
3.09768568714,4.8484767152216524
2.84663750652,4.4597816360906624
3.73194203355,5.7770646996111346
3.77047347345,5.8370327054874034
3.13710936401,4.8918460096128209
3.68679506017,5.670499148329994
3.73687288897,5.6996177235200891
3.49519069726,5.433874337135669
3.6168629491,5.5966248687240245
3.34305577611,5.1041940393304408
3.36616274953,5.2810791921448885
3.68379168287,5.7428848280393696
3.58086158794,5.5116460584900242
3.48826655029,5.3654636284826189
3.73556350762,5.8914110674582645
3.10403288644,4.686058303821703
2.64956376004,4.1983281055931823
2.68313174707,4.2490140726980554
3.87543746183,5.9678698536734318
3.19788570842,5.0102200749168748
3.07214457195,4.7473973039441972
3.18035308265,4.9007211090111307
2.9319501118,4.5678846965173587
2.70846332418,4.2014587263217402
3.731026277,5.7316459616961781
3.22002368807,5.0283455403713484
3.40327850324,5.233064569981309
3.14926019654,4.8998373941204383
2.79393782901,4.3817338107404389
2.93898371213,4.5367884412873449
3.37670094758,5.2598470021942179
2.72071509203,4.2839802709712629
3.2888055243,5.0849947987843471
3.49460529681,5.3816228172409311
3.87260333038,5.9109974846646391
3.75052315851,5.6987473370639776
2.65195395491,4.1504659723265469
2.60283705884,4.1118322188366561
3.6774695796,5.6881313080507807
2.90641782055,4.5715402662577427
2.90469648092,4.4851794732160819
2.65741440812,4.2204164099548009
3.04457458593,4.7741728767827043
3.2745567254,5.0305379116617033
2.86675460839,4.5373187108913591
3.47233584211,5.422851980791072
3.78035463322,5.7830975441429917
3.76485553244,5.7490857998498672
2.94891337606,4.5443350039323178
2.94628706824,4.5854628730159703
3.57310526871,5.4508941227986547
2.60767664784,4.1988244099765106
3.72236786439,5.6596104824023312
3.74042289122,5.7994874093588296
2.57132892848,4.0832835241675385
3.86560339836,5.8646529632217925
3.07292884473,4.8571395492952334
3.24796282973,4.9927958144637952
3.12702232022,4.8824810210930787
3.89903750271,5.9684503502479247
3.24505140404,4.9690216904689484
2.90414734865,4.5613767714384288
3.35750848877,5.1949114416100244
3.16580028066,4.8580949772510298
2.9590068824,4.6248934071148753
3.29404041231,5.2178685710285793
2.55966567039,4.0448537529644728
3.06264311082,4.8424103898439608
2.59256256157,4.0872934217795729
3.59175548704,5.5366335413630683
2.92820642404,4.5256241518393505
2.87054209178,4.4789487017018175
3.28543497563,5.1056176592826024
3.50500494059,5.4109952243032691
3.89886903301,5.9169326655607559
2.7199362989,4.2804998687428872
3.69727485417,5.6154515296549885
3.2577594953,5.101504250505883
3.05512423073,4.7861469350288113
2.60972006919,4.1722123532124851
3.3030434153,5.1690405855614801
3.42379986217,5.3019235200459445
3.10220071668,4.8155198357128972
3.66660572416,5.704884111267293
2.58553158498,4.1548766879694305
3.76925742056,5.6473151943265218
3.65120871378,5.6107195190356824
2.96443789086,4.5691240385517284
3.09685456007,4.8365515099306382
3.48407837176,5.3783983251910517
2.60225083957,4.1715024644617396
3.71613129974,5.736430557985071
3.79785847585,5.8047169303338979
3.07721006574,4.8307208873712808
2.65272595025,4.2367670129537132
3.11294451422,4.8071243904321124
3.59809419763,5.5293442894988134
3.22442479588,4.982448064845447
2.96945615164,4.659004150733173
3.06906754102,4.6981964510282221
3.33277247907,5.1773493429546047
3.29249333165,5.1248208637546497
2.71434089336,4.2918654494733408
3.64705911327,5.6346245191393018
3.53734331633,5.4245611427164597
3.77042157237,5.7601721532434906
3.40440685758,5.1214680145256954
2.81911108831,4.4873440110006682
3.84451101845,5.9280507398561708
3.26532199307,5.1239479943238067
2.94203122724,4.5746375507273473
3.41450986057,5.366786311417262
3.02141814528,4.6695724771286509
2.70994534207,4.3159320866485826
2.78486318141,4.4408333715649277
3.56939231784,5.4304978684668415
3.85679547225,5.9623438656073331
2.84055411276,4.5296464415660891
2.79835299445,4.3554342818871481
2.63750276927,4.1712484882347196
3.37611447855,5.2267961272841559
3.57935798803,5.4847830629678525
3.61838170853,5.5527560932093483
3.16281363071,4.8463013980729404
3.86979332677,5.9213828568155265
3.0927105762,4.8650078846011056
2.783510909,4.4029282990859047
3.57229607113,5.5461247255685917
3.37986109289,5.1284494436584893
3.73865229493,5.7946471152198873
2.86035785452,4.5253422676072503
2.67115651589,4.2148164888895039
2.89856428898,4.6505095864680381
3.23862506118,4.9941623649225013
2.69691403649,4.2177203522505913
3.51665992717,5.3598247094395139
3.67701554573,5.5031176872062133
2.52747332043,4.0803116480515325
3.01440598473,4.7206398451558895
3.88630081288,5.9965320668521622
3.02583804823,4.7419933265829997
2.89549620945,4.4641737012152527
3.24977826735,5.0816292177739388
2.58056008721,4.1127960788013569
2.94600433298,4.5787526561653022
3.90468604619,5.9436745936684057
3.85312111325,5.922837925750847
3.70654401172,5.6791119142367119
2.81038600477,4.3915589987319379
3.33679748646,5.1495616105994966
3.08775777074,4.8656115271695315
2.69559714421,4.2199564821902333
3.405239822,5.1909143631552057
3.58484972835,5.4176219283753912
2.76603510159,4.2670636553912873
3.90380257719,5.945596808307517
3.20950011353,4.9733820555866171
3.80100212841,5.8471931634271384
2.57787960084,4.0467653654186702
3.59990806134,5.6166739197729818
2.8055891127,4.4263475838837367
3.77775663008,5.8547269870508982
2.988632774,4.6201284637006292
2.96994886883,4.6451916640952113
2.69224320177,4.2238570165987799
2.93926961272,4.5444650372086457
3.4056683143,5.2028438864223476
2.79543164343,4.4076462334817759
3.26101943551,5.081783050219288
2.76461940039,4.3637481951988972
3.34034861683,5.2203625101563569
3.65550419585,5.668140288838277
2.85806964145,4.4636944334623907
3.08006403229,4.9069796070894434
3.61807077611,5.5587248297300933
3.50601035596,5.4312239787173269
3.5078606899,5.3996149773072784
2.60329686153,4.0796985054860215
3.53002499073,5.4178262771794659
3.82753435341,5.7991922277215444
2.55932367564,4.0683957951640775
2.99256188722,4.6660625871989287
3.28693051535,5.0802248999218964
3.84471136321,5.99223124781214
2.99169727676,4.6546727972117621
3.25091117951,5.1150218508847933
2.6403413985,4.1309504460907975
3.24197366002,5.0523609513193826
3.40385785612,5.2023732045260322
3.05548121641,4.7827378146371338
3.77888299462,5.8372896876818468
2.56197860986,4.0479472945224382
2.94577263778,4.5710160281507024
3.11466018422,4.8540686237025117
2.92388715333,4.5176376928978712
2.59274345253,4.1331258533604256
3.32313210868,5.1098885576420416
3.00623693593,4.5930228142396325
2.95079892597,4.6244425403130416
3.43522523234,5.2363304659869998
3.60410065769,5.6692632622373607
3.2393019015,4.9680817327620987
2.89120380363,4.4912495378798649
3.81649749132,5.7740521332839183
3.53343555299,5.4712373039002475
3.16095137445,4.8193916744220662
2.86087922703,4.4864298403893947
2.75823937034,4.2734284908073992
3.02967148095,4.6847319391494402
2.75453049737,4.2965445906592574
2.7821693823,4.3528027158884299
2.88773055905,4.507375411727943
3.32684029012,5.1185720266065005
2.83288991832,4.457084652446242
2.78132406557,4.339926794655371
3.1549803824,4.9389232170996022
2.64443091717,4.1426349880301681
3.41764035864,5.2426225127019128
2.56109705994,4.0340666350671652
3.7073484139,5.6091250106168618
3.82396095841,5.9364799829651735
2.52588445259,3.9172165837365607
3.74528972421,5.7519997026166072
3.79176946703,5.8128715705974736
2.96692123723,4.5985301757673298
3.89663368242,5.9791271861902597
2.74560678393,4.2771209537302797
3.14898059499,4.9121017406710443
3.4860334087,5.4046328567923458
3.06748005212,4.7956640234723942
3.87216159434,5.908596470285608
3.68894086436,5.7618505688513117
3.64199174855,5.5112107235768306
3.78746132448,5.7714365059415469
2.69228307717,4.223117788173802
3.35561103757,5.1350153065907946
3.61026643083,5.6323103086320119
2.67382787539,4.2102338964439054
3.52051813774,5.3931901567170462
3.07809005206,4.7742557045348724
3.21735131709,5.0933240926646244
3.0043687338,4.6558654643419954
3.23947865684,5.1415391543062015
2.98722630639,4.5901140903699433
3.37053124463,5.2019331299327227
3.04296360886,4.831184448615419
3.58548357244,5.5561577934835578
3.43808657738,5.3096224865058179
3.20679720081,5.0283699863193956
3.69140818387,5.6964173501823359
3.53963010524,5.4981957875452849
3.60331794519,5.6000881895072263
3.14709695145,4.9460292366716851
2.74459539079,4.3295844551327747
3.56812495601,5.4939849213434524
3.08002755299,4.8675814061791716
3.1223619115,4.8281214467096829
3.09871564979,4.7274896456361919
2.69811803472,4.2473846594401587
3.12716153329,4.9093468389801522
3.22988474517,5.0249110051253396
2.93720645854,4.5507718919137368
2.86516821119,4.4958197637502968
3.11954701288,4.8519961021697249
2.86051711056,4.5727839433235076
3.05463528929,4.7671902021337136
3.20260861102,4.9960121045417072
3.26913911391,5.1007720882710812
3.2518320297,4.8339938035563748
3.14556461726,4.9222290960563457
3.19383164924,4.9221187317225894
3.357463705,5.1722584485390017
2.85926546736,4.5708506524600105
3.23442589436,4.9972466153304085
3.79984618839,5.8034196101438189
3.76293316796,5.6752229660612539
3.02389520224,4.6744222519301744
2.56245871895,3.9615516370869339
2.94937491935,4.5269829481762267
2.54595346429,4.031885834916868
3.37670975051,5.1905106611598857
3.63930424262,5.6647056285228041
3.49668476027,5.388575265125545
3.49035133824,5.3930152441316386
2.87725940428,4.5537505741613664
2.84993343199,4.4973803301280526
2.66238499224,4.1309245118434017
3.32507351186,5.1935284037456455
2.55389870397,4.0359416278773104
3.76966409478,5.6908833414060522
3.70407085496,5.765536403875859
3.60936182306,5.504447839528348
2.87211678802,4.4761247247795533
3.59387884392,5.4445599489091805
3.20716262791,4.986662428447759
3.85925764106,5.9232043044822182
3.71297691069,5.6936487015808597
3.7415552371,5.6937054193113106
3.00618007569,4.6644046435803981
2.68313845379,4.2123123652046699
3.88302895938,6.0117840111358865
2.53641666928,3.9948184958490676
2.83112173062,4.4863084678445375
2.71670374104,4.1877554280229115
3.87528559196,6.0357025261717725
2.90319076662,4.5505763817425695
2.84744898525,4.4597162842951779
2.77125915179,4.3302641905886397
2.74804736859,4.2611942446884967
2.85594089741,4.4472503998813258
3.43970452817,5.3021317456023542
3.4117911288,5.3174028487586211
2.74680531822,4.2732828198097188
3.55531121737,5.4523843825363878
3.20690903902,4.984074156107245
3.59683961608,5.4737694616551993
3.16710811124,4.8705202696971037
3.48780280136,5.3816166572376209
3.52228886029,5.3670482877567931
2.67779623152,4.1874065737886053
3.49772240565,5.405935478901533
3.41253830824,5.2686352774861422
2.74210431874,4.2694036420612509
3.47342099896,5.4816101678751687
2.76038099769,4.4049615920979432
3.47313623913,5.3777337098261917
3.01515968507,4.6910305130441285
3.78573981012,5.7825022637133729
3.81687585175,5.7700327676019691
3.03083624353,4.7332194987509775
3.20762734099,4.9580936509919189
3.51493941156,5.3791863505941251
3.38102280025,5.1832766314358398
3.13632150351,4.8776516970758559
3.01649057672,4.6796197842914946
3.75787391769,5.7835877740578754
2.97670265435,4.6614840247666915
2.65469488666,4.2334503375186499
2.98803903064,4.5905627071628885
2.67070651104,4.1357948605567598
2.81777033233,4.4679588008683959
3.45503555759,5.3229182572768092
3.22400124086,5.064316610951022
3.21443084286,4.9572826301189208
3.53770854227,5.5040529209952949
3.31730060721,5.2016791642626732
3.3092955765,5.102934753742824
3.84272446619,5.8838014204141045
2.72766762811,4.3019032551167653
3.7059773572,5.7030085436408973
2.86522059511,4.5364120332925708
3.24302086421,4.9686778370549893
3.0189705014,4.7310557970912708
3.65649342613,5.6351029206645187
3.44405309528,5.3794852648011897
3.7253494064,5.668210884589457
3.25259430327,5.0430684943645883
3.24927101563,5.000760019883586
2.59944236413,4.1147912288119022
2.93209552792,4.5644677157662752
3.25869866966,5.1306667759487556
2.65283611828,4.1570079524627523
3.6549709556,5.563150589483163
2.68577526986,4.2016037365847509
2.86223874604,4.4960276229862739
3.89789919439,5.9518376476077917
2.81604533051,4.402819604109971
3.35374916189,5.1206667141710893
3.61920116163,5.5456451915685001
3.11675087541,4.8290365965295168
2.93325987321,4.6068678479577168
3.0044869033,4.7125385511422024
3.27340311822,5.0547177317268819
3.1614854949,4.8627125013352863
2.60929875794,4.1234296472109344
2.69192013668,4.2581374568775718
3.7631273719,5.8700179150175531
3.28069146483,5.0611108764892236
3.76304229677,5.7552379599934262
2.53356749191,4.0004502701388187
3.49310362579,5.3900656750549789
2.71321806203,4.2359897686651156
3.21791920594,5.000863965780006
3.83415298381,5.9177363599069608
2.76873993888,4.3511612123913288
3.08318582317,4.8311363221601642
3.05461731066,4.7717111441637821
3.05838509108,4.7778832957720434
3.39111425438,5.3208350008982084
3.54209988209,5.4595881651206071
3.77317687067,5.8086728292675307
3.39171910229,5.2957200500639274
3.24147392974,5.0824089757008393
3.49783495004,5.3412009284175932
3.02384446875,4.649427033821909
2.84710853165,4.4403011963326078
3.80741198505,5.803697375907829
3.3782082295,5.2169942745277096
3.11496126732,4.8110850069987601
2.87640660698,4.5083871729434
3.79207266119,5.8287449613696989
2.58616192652,4.1239864269151481
2.53744997544,4.0088890155692587
3.04425135251,4.7719739851802929
2.87062327352,4.4757601273666126
2.95386921597,4.6153613212065503
3.79808784111,5.9003849111983486
3.4341185699,5.2478155587266784
3.4176151949,5.2293319641402398
2.60960528403,4.1062036425665394
3.68274474858,5.707149477259378
2.58868301343,4.1049265046971586
3.55381070831,5.4132474379656683
3.7551569189,5.7434537656736131
3.06245130894,4.7860455554765213
2.93963835305,4.5806232474953879
2.85013329739,4.4643955053548572
2.79015358074,4.3786892761292018
2.71076369992,4.2343208190573272
3.03179779655,4.7152109396241162
2.61413549289,4.099208290234313
3.00188342488,4.6416172512925415
3.78826098964,5.9291022474072337
3.08801749341,4.788726186192469
3.41361124332,5.3168555566730866
3.14513378079,4.8816409418334992
2.98378400315,4.7240900047493986
2.85861498964,4.4867702874024475
3.33882700209,5.2821687149491146
3.56338753236,5.5745294851555531
2.92218155654,4.6378184246565857
2.90544627011,4.4887850554882984
2.83115395493,4.4681165339408606
3.11024010263,4.8019528068264359
3.07276332766,4.7965841479461577
2.68774856974,4.2785560096840891
3.39795388613,5.2324683986410161
3.86942052212,5.9288437087428605
2.62204603824,4.1465816075160049
3.39860540331,5.2289554095730022
2.74772346872,4.2752713615551912
2.68999213466,4.2290291358342014
3.11860875417,4.8133975136114087
2.81371161869,4.3359149209253198
3.47096712334,5.342629266593546
2.5972580337,4.1647958670499294
3.46074504037,5.3787097774532402
3.47662916286,5.3439243197209061
3.86205516869,5.9177188338755196
3.02662221986,4.799067980407953
2.95348860796,4.6653993583481199
2.97457218579,4.6275402793080573
3.34298342826,5.1750246750412519
3.18806618402,5.0016818624417656
2.76694686556,4.315194104154183
3.71515387726,5.65322760089248
2.76117036882,4.350704915471213
3.86741586465,6.0209525711509109
3.53677267304,5.4359004024296924
3.48344182862,5.3055065883094708
2.70078639577,4.2670006356201036
2.85986822593,4.4252338626032834
3.4156909808,5.2761444973926883
3.27162455849,5.0946213229001236
3.02349884891,4.6915667174413151
2.68525630063,4.2385268503161715
3.50841944771,5.4218819835038605
3.57611602786,5.5600229416444025
3.12580332315,4.8561136473793329
3.66303237396,5.581068647863729
3.35278478552,5.1976481701175601
3.78083934355,5.7471980514059657
2.6442943574,4.1700650201015925
3.38380998087,5.2932536153247609
2.63964197869,4.2059017443757609
2.83422647887,4.4189573519562648
3.11644547624,4.8241142901883487
3.51118294464,5.4611746448016705
3.51480400739,5.430757260772717
3.15484272341,4.9825420027264036
2.86172123041,4.4907907724035772
3.8302832096,5.7794960726385884
3.04451553609,4.7037693233509268
3.09662025289,4.8737188188645755
3.53035595823,5.5078752468697081
2.98690734641,4.6530886870660888
2.5815097405,4.0930647482814395
3.77155897034,5.7926049582442172
3.29163972672,5.1293140390388743
2.61122695817,4.1033352973124391
3.72196786305,5.733612439794757
3.72098834779,5.705313485133618
2.90220110096,4.5695802661805907
3.26576269426,5.1227709843340543
3.22233428428,5.044011597672049
3.84608993833,5.9724149560153528
3.27367227246,5.0429085881102917
2.85747700358,4.5283162117486757
3.64278061118,5.5458300017590334
3.31563318829,5.0948182001684588
3.73161872138,5.769167343323903
3.41624722998,5.216535539238671
3.67271091739,5.5901229763966072
3.56575458394,5.4957134591697336
2.96328515896,4.6376156913595095
3.60364609728,5.4773150923336029
2.58137551274,4.0245662412198682
2.99978960959,4.6416506452240958
2.61995897961,4.109793016732139
2.85532983952,4.4055367258519631
3.739749441,5.6918123363726671
3.54153362271,5.4376738867459586
3.43560234503,5.3246013332699533
2.80360452113,4.3862323392695428
2.69627157381,4.3035161506719026
3.20519893384,4.9495397702183155
2.61114779696,4.1077559154026284
3.62926435406,5.6158025859362466
2.65342731897,4.096609873336063
3.15818185288,4.8879871542813458
3.03779242876,4.7647215403517205
2.96260533333,4.6739345355850803
3.15642062371,4.8353966362137264
3.33286909375,5.1631028483845292
2.89577539976,4.5317854854130912
3.36643454941,5.2996161050243131
3.18220239306,4.8800691192590184
2.74210014169,4.3428189573705147
2.7698754446,4.4274505707945089
3.69009258891,5.6687913194223833
2.90795030154,4.6099263239239692
3.70110909082,5.7159199414128583
3.22879598228,5.0249747154983213
3.77816304822,5.8024554495978959
3.1167806988,4.9004796143802123
3.63921913146,5.6265527725009754
2.70661901887,4.2970357007419464
3.05805348619,4.8246353560383284
2.79922730367,4.4039062202238224
2.97988379327,4.6812349420653794
2.69897600884,4.2278009653575106
2.59586296465,4.1421668329265788
2.91315060084,4.5864058817474529
3.33289407499,5.1819254393180207
2.82707697445,4.4025177426457578
3.69673547488,5.6542385550146452
3.68189168597,5.6100170964136451
2.59764544368,4.1009057808382368
2.74918288694,4.275473476972425
3.51431707736,5.4614580259616581
2.58505090136,4.1105747642099297
2.70957287775,4.2248435524737573
2.63864413095,4.1620071948367654
3.86091608079,5.8734591052475116
3.36458023112,5.1870812011087368
3.15965310277,4.8916865853316072
2.76820053153,4.2939761430945547
3.26795796124,5.0867080184342388
3.74069241847,5.7802189310125689
3.85678113282,5.9366562868044603
3.61521439429,5.622729006155927
2.93811580089,4.5759593343184353
3.37252137546,5.1577223463242108
3.88198765096,5.9201864447099171
2.67282417932,4.1912647414311532
3.77849334197,5.9491764706972061
3.67666663841,5.7304466450468441
3.53647079526,5.5615594403085487
3.22118382014,5.0529842643344418
2.84205344136,4.4769711462062638
3.20374205461,4.9660802971590883
3.59345825337,5.4726252842358001
3.02099453253,4.6893684757339242
2.65788002498,4.2290581202140434
3.19496228805,4.9529928920514008
3.17583903014,4.9417937082071521
3.71310147165,5.6867068293483483
3.05718413632,4.7142812009123531
2.77252719415,4.3716681372847166
2.56105398628,4.0890698406714971
3.21295422528,4.9554967791610114
3.64077982296,5.5459441845123871
2.96230102199,4.5915458909200728
3.7395744242,5.7372705032528319
3.68292220301,5.6930795503577629
2.76628107531,4.3461050658211011
2.91914196705,4.5231971412609218
2.84155453415,4.507511601427109
2.96320760994,4.6023617148013027
3.42445247919,5.2283334073048371
3.39630544311,5.2024219890059316
3.4310922311,5.3462811517399764
2.63917317615,4.1906011260672056
3.21359595541,4.9475005562522583
3.44186219279,5.2903553249649597
3.16116038706,4.8318119194761469
3.14683042941,4.906338944277417
3.19570844386,4.9529514777849615
2.66236088826,4.1788709852226846
3.2584942737,4.9722551680425813
3.5363602687,5.5387763400303829
2.97380390915,4.7005281118986391
2.56728978281,4.0669457032614851
2.88651598922,4.4736972183994688
3.36085128378,5.247804916661905
2.92435357487,4.5716089956752795
2.5928763332,4.092313763128594
3.57505572831,5.4597148028205718
2.63125897271,4.1703050321916955
2.76447388133,4.4573579026004406
3.54852997817,5.4565803560004875
3.25574933385,5.0424882630036443
2.64703110133,4.194302860129353
3.88257512536,5.8862134206761469
2.80606394967,4.3661733580117508
3.88541403424,5.9554687270773092
3.48325219585,5.4064912328823604
3.69094734569,5.6902128889052541
2.68822552964,4.2678375380887958
2.65631325475,4.141630989107119
2.77875745916,4.360444709572934
2.88044972019,4.4647278789490752
3.05192876759,4.7568345573783732
3.22796047782,4.9393371714462466
3.65049923351,5.6823277535877263
3.04755329417,4.6954869134205968
3.80623861667,5.8708162457530495
3.67577018917,5.7537574235859266
3.72284037181,5.6821720975836882
3.20589494993,5.0532742887910507
3.06179472238,4.7189721422757778
3.42056137717,5.3283308559556914
3.72923923129,5.7866145263238398
3.26160474674,4.976468040876469
3.25557620295,5.0820382810479492
3.23434963419,4.9773254395635202
3.85631244354,6.0942382438671467
3.04868635403,4.7942828526340637
2.96647059679,4.6276720425786086
2.76583312983,4.2916917659089
3.08074522332,4.8230232585514754
2.55102502635,3.9438603987451941
3.8233066562,5.9231242186680575
3.03112557626,4.8463466106881761
3.19054184442,4.9910395577631634
3.62398328228,5.6400065561703165
3.55719098364,5.4119390015020521
2.66979380648,4.1821428749511611
2.9265723372,4.6130697167751267
3.04617601235,4.7380709030385004
3.54373933049,5.5171093419744528
3.56755295182,5.5242290961733742
2.99659237323,4.6342010032948657
3.30377863014,5.0314031693310408
3.54713150313,5.3528089999491115
3.75448475865,5.7254608044971622
2.92097665486,4.5011746208706658
3.75011628297,5.8266261359089855
3.68039378366,5.6190072605469696
2.95781420335,4.5859392281626628
2.87016386046,4.5434546336604642
2.7815009757,4.2399808504560319
3.90096733536,5.9135680898426539
3.74788295993,5.7565190651183586
3.71731577975,5.7850156072498766
2.68189904497,4.3154409201801762
2.54262388052,3.9805628376474047
3.79745794378,5.7805213093924337
2.66326948599,4.2090720366670249
3.88197871997,5.8681281589410492
3.57829203533,5.453529210842869
2.79100433097,4.3336903440752703
3.88701714657,5.9522583847014365
3.42765986342,5.3411905343162225
3.89008880174,5.9699862546620235
2.97868265558,4.6983174966031136
3.7546267707,5.8482424017636125
3.54499104059,5.5191060949085307
2.83650208443,4.4762343903886714
2.96074768321,4.6546120060886356
3.25127292321,5.075909591555936
3.44392474249,5.2916371252050585
3.85058718004,6.0006102719008965
3.60275526063,5.4988879519113487
3.11028210912,4.8125736253963529
2.74549810301,4.317042108306774
3.82416563983,5.9368339384494915
3.30751515678,5.1521426411112703
3.66839717087,5.5703623740247146
2.92367050712,4.668448625426783
3.68187254878,5.6855745986662765
2.69158618847,4.2163045658188052
3.5856414036,5.5522093365365448
3.08988810076,4.8000665310849842
3.24443938688,5.0759862562056766
3.14347979351,4.8154856917456739
2.61922858308,4.1149513220618825
2.76843631476,4.2938579271593182
3.37672987794,5.137752095221721
2.59877938861,4.0157760979052748
3.8980133406,5.9503337856929459
3.18014440518,5.0012102203398392
3.38715402659,5.2198202961865583
3.42657763871,5.2764375729714379
3.737803716,5.8420030830958769
2.75922426408,4.3602079913124152
3.25636322307,5.0363827628095335
3.53844845886,5.4931550040258426
3.096982531,4.835892035914628
3.26273970873,5.1439451744526421
2.93802476579,4.5935708596985059
3.70892180845,5.7831800150534445
2.59121649882,4.1302111622033175
3.05274451918,4.7588460521025624
3.44422907086,5.3173007962222316
3.65853252152,5.6173468892957326
2.70777579897,4.2973308478683201
3.64420606472,5.6148326822109027
2.94483034393,4.6905847615435921
3.84167115999,5.8237709443972978
3.78856273425,5.8932201970947009
2.62976771533,4.0646165496333673
3.12232034271,4.8028675556610487
3.73481805681,5.7979020274734117
3.15576745453,4.9113382607950946
2.67213044973,4.2223951836987306
3.72505778719,5.6427985990794065
3.55168486618,5.5258557515484057
3.56466065025,5.5650654605312502
3.46622321351,5.3423382864271094
3.74468864378,5.8729405484076027
3.64838985403,5.5902451530582535
3.77520452956,5.7284574464380764
3.47049484319,5.3479837818949294
3.06830025837,4.748847542056116
3.8104791394,5.7980298493084446
3.64243465028,5.5636329826678423
3.67249802326,5.6016940832430997
3.03929968744,4.7123863908266586
3.70651516591,5.7194454475964633
2.78279458446,4.298450366255774
2.74489394872,4.2774607565945635
3.33383451419,5.2260786226002676
2.91384470147,4.6134530068508761
3.63402410926,5.59972409397911
2.71996334246,4.2216647829792517
3.01124515409,4.7113617214232111
3.75677519581,5.6576747779122512
2.6765326782,4.2607648522324233
3.23607623676,5.1103746360962585
2.87366526395,4.5030019772061065
2.88516774624,4.525196977532179
3.13712728081,4.9161485921818393
2.83285497956,4.4406483354701303
3.35575596852,5.1535536019472277
3.82499408995,5.9659895160701817
3.28152279316,5.082872816187022
3.47222741628,5.3308493435687732
2.56438175077,4.074040857767697
2.70114948786,4.253614678903423
3.72666843612,5.8034589355416184
3.83548455149,5.8551377089157128
3.07299489954,4.7725811020498572
3.77182409494,5.7556538963889112
3.22011817629,4.9738751784679485
3.78216120808,5.8061789892438505
3.83041288766,5.8932984905860586
3.45337941637,5.3883801068913915
3.7210409865,5.7848055275667329
3.6812095243,5.6025752885934059
2.52977470994,4.042996131464041
3.00204343393,4.7010953415529491
3.65692499087,5.5667313169408263
3.5657488284,5.4605291813866774
3.22734519921,4.9494880326700752
3.26239285841,5.0111037865896897
2.73189185545,4.3441747240514266
3.6316428919,5.6102313559974144
2.54391252531,4.0695941209862045
2.94344926068,4.4993012901606662
3.82790948162,5.8749887353647718
2.65643255874,4.2265470424434328
3.75513619408,5.8382691039816832
3.43667382655,5.3363230565682196
2.5502967134,4.0299346684216939
3.52414988404,5.5102170238783961
3.25166414024,5.0419030743711595
3.23943466719,5.0263795012698136
3.29320866472,5.1168081527571978
2.6806611114,4.264420100605494
3.28884447939,5.1196079872913272
3.70049051495,5.7405833213719495
2.77650500312,4.3166884282449374
3.72160492263,5.6603971179395209
3.89464756199,5.8918171915330069
2.6944210913,4.1764377927119298
3.82912945345,5.9912274467082876
2.55762374678,3.9934796555770484
3.2987622658,5.1864993702636299
3.04109700943,4.7312011865924797
3.38039181725,5.1478765832222475
3.06025782504,4.7545539509693011
3.63994485246,5.6010499553621473
3.68083656582,5.6716154960151144
2.96918341579,4.6470357772881865
2.68853293966,4.2521846435785591
3.87567468682,6.0134696907362866
3.03025074214,4.6479620108786817
3.22487927565,4.9590536427050953
2.96616866797,4.5919745558227056
2.92064756601,4.6503923336046178
2.68166757065,4.2375483774304312
3.20195869759,5.036858750004046
3.31289415078,5.0947992723365774
3.02475868458,4.6778148514214424
3.05275465352,4.77893597243275
3.3406380718,5.0141520685466023
3.11708951411,4.8796561805904526
3.33214333649,5.2109627870927513
3.12518144418,4.9263993439181251
2.54532604217,4.028309766969139
3.87702587583,5.9334930602196279
2.68649254523,4.2109044549838961
3.24003835439,5.022069675083042
3.43701822911,5.3687194487868517
2.8405134936,4.4286277894594779
3.64729137278,5.6178236333864175
3.55787158472,5.4674930512025233
2.95745180485,4.6661771641915548
2.89459410224,4.5871277124583223
2.70209351871,4.2880461409446893
3.74307900822,5.6523655661201824
3.75393149047,5.7532335653835309
3.27956101517,4.9784188249269308
2.66828714631,4.1371105694819992
3.37518693002,5.1649298562915407
2.84143733682,4.4681348721700971
3.2958981536,5.1623066616333348
3.07716322361,4.7651245797610633
2.62337200514,4.1556696586440314
3.59787503502,5.5324609620422924
3.28834738547,5.0517066819367278
3.85288580593,5.8654861224391226
3.53021492263,5.4792383458645455
3.1388122701,4.7962775182835014
3.90225909187,6.0267210972485294
2.67916442024,4.2536651156752772
2.86870863043,4.4416864377854637
2.90029862668,4.538450686598984
3.02773191193,4.7636441637176006
2.93935527508,4.4789727963277421
2.85452957233,4.4744078888191883
3.52154978326,5.3609803973772836
2.72038656483,4.3134665089033764
3.49471312208,5.3734417926456768
2.75551143286,4.3844358536284922
3.21138226277,4.947887748257239
3.6489140839,5.6450969366715213
2.97924557376,4.6522440348836867
3.73177948584,5.7436592262679786
3.30309985038,5.1881574221309901
2.88349896751,4.5090460389780773
3.41915888811,5.3944264188150255
3.83540186512,5.815630589991251
3.2487039278,5.089743116451638
2.73531946806,4.3117036915884599
2.73222985501,4.3213251560337334
2.87303516898,4.4775259645261238
3.48193252246,5.2729073084296072
2.92946661672,4.5700678069432543
2.79668551009,4.448268098079005
3.87217746026,5.8870430682294161
2.90665193499,4.6348355899576639
2.67401761178,4.2213433008061623
3.59835396354,5.5211532615601264
2.94922999297,4.5695667805948803
2.92584542544,4.5985571216624939
3.65152814951,5.5923222563785027
2.67838515349,4.1611347441943183
3.053685472,4.7134121491156078
2.70996350694,4.2730179760063383
2.81175869654,4.5270426638933792
3.82444582989,5.8215753768550602
3.02662475973,4.7486366494497583
3.57438777696,5.5688351927516733
3.64687331509,5.6371261757086186
2.74172807876,4.2401407091420618
3.11445748205,4.8415491762097043
2.66955075572,4.1989707935597895
3.7865615561,5.9132369667791869
2.74350181896,4.4073633110524799
3.3152077697,5.0842966083028394
3.71458270661,5.7402765474688975
2.90109420812,4.5363528728229658
3.35482713051,5.194659502274682
3.56729620722,5.4678881821169663
3.04558202419,4.8338618088707133
3.47919505175,5.383684802108645
2.79772277968,4.395097087217362
3.75090544107,5.761402742213269
3.69030431368,5.6943776683584044
2.99140231672,4.6586690904363461
3.80131128753,5.8525210858328007
3.33435717527,5.2372575016367797
3.77153770252,5.7972379480747112
3.38778383835,5.2814444724198042
3.61793575411,5.5251145711401488
2.82955377365,4.4491527705453784
3.10300762506,4.7934819790109326
3.37585813554,5.2833436015422564
3.79001620693,5.8329964317450855
3.88428567287,5.9626932567947417
2.76561273036,4.2458229824408358
3.25964024729,5.082127224468703
3.48032313035,5.2926705791975719
2.5596797463,4.024999647118773
2.74070775342,4.292980520838289
3.40696539836,5.3138297429263242
3.37879929685,5.2223315911094437
3.82680277388,5.856782996696019
3.49174066348,5.3815887878203021
3.74336691143,5.7566004287588708
2.77835373998,4.3542253141384348
3.45514787453,5.3428594988608094
3.11929321218,4.8663662862366444
3.6888836114,5.6576261529678922
2.94565281379,4.5955066390564747
3.77940624458,5.8058265714280211
3.16891406254,4.8487086889981779
3.26238037889,4.9792903735274274
3.50038539839,5.2710917974270748
2.6722318139,4.2144182225572342
3.14564022156,4.8567145277668216
3.66241609933,5.6826143969562342
3.5626587263,5.5207084510343281
3.66904295025,5.5813165449154418
3.05665392505,4.8305071549802587
3.66781876207,5.6802185666775902
2.76165057945,4.354648167572388
2.86238392668,4.4423922004305361
2.69585056418,4.2154108637800585
2.9244990879,4.5560192317461032
3.81210370672,5.8375078150176316
3.67137945661,5.6637720425283149
3.53397299211,5.4655693245619847
3.03283678986,4.7989187041951533
3.87099783129,5.9073981779336862
2.54593015833,4.0302311577722403
2.76061697947,4.3067304014560159
2.58859914907,4.1035504818223707
3.08891617824,4.7825507320483949
3.47690062925,5.400394646192284
3.09821441206,4.8984135504272954
3.3857802651,5.2828760302115239
2.90673276935,4.5969377358683836
2.89152366643,4.5012510711399356
3.1856121347,4.9409957527355921
3.46464093677,5.2872639823963983
3.73111295633,5.6971341408197249
3.50344754489,5.4272684142030103
3.21551170289,4.941227894373954
3.64259034514,5.4975590916930992
2.61435981711,4.2461498627927963
3.47785105945,5.333751382495306
3.40177634164,5.2488028265919873
3.12430203256,4.9308616371847558
2.8284533584,4.4679723130187119
3.83064905371,5.8969516961498707
2.56207987197,4.0661647464992061
2.65811663635,4.2414015414259554
3.02688787794,4.7216734391218358
2.8119320749,4.4401534558926343
3.20548990747,5.0340064361184469
3.24073690341,5.1453673249822076
2.78655043518,4.3857493277239099
3.65104654949,5.5851806377076398
3.33362136706,5.2149491636753833
3.73974521467,5.826532714895496
2.86271571564,4.5287835073680069
2.68437564644,4.2413574059985182
3.86085146987,5.9481768569675255
3.51639349962,5.4591419514766777
3.14540885127,4.8710099085640906
3.01595368157,4.664467530078773
2.74711888807,4.2880236714169291
3.68974085799,5.6992187253368227
2.79896387009,4.3502475130025138
2.84094471762,4.5050343705870555
3.32886731265,5.1763070591732241
3.41942494879,5.3173828672481624
2.82775673363,4.3434548948698426
3.46276489774,5.3282213341445459
3.27307266038,5.0039455467875831
3.390536777,5.2169086311265005
3.58865971361,5.4353454214635217
2.5646989772,4.0252022013107061
2.63283842145,4.1449068111285134
2.91740756139,4.5800360877756381
3.09164504296,4.8426340290155352
3.60897167985,5.5675556373305142
3.68122085684,5.7446592503646725
3.2994745318,5.112591595445191
3.89662227884,6.0399509264601194
2.85138159108,4.3682797112228684
3.62561844199,5.5657649380516698
3.46754101395,5.3626390358018439
2.77488956171,4.3041402033455087
3.83929078546,5.9658029573371714
2.83918999882,4.5034853096669991
3.12265917316,4.8864904959345674
2.88998672326,4.575728255332093
3.40879801351,5.2269811280344065
2.89937829594,4.5002412431060206
3.14007888294,4.8860726210913228
2.98035286768,4.7004535143599968
3.2232089239,4.9770856756503878
3.90576763019,5.979196103156923
2.70074611563,4.291914772081042
2.79469579088,4.3486317835985302
2.81205179708,4.3442131677211906
3.86120751412,5.8704051124754173
3.80638974835,5.7534568745234909
3.53358607086,5.5167149040117263
2.95165472121,4.5497971893706852
3.53413089926,5.4864841379840197
3.80257613282,5.9081759644528864
3.0349289757,4.7086400835318676
3.16615500503,4.8580182451142306
3.16047480825,4.9563453231493488
2.56139607237,4.0499537728453596
3.82965448463,5.8487048266104251
3.8123647048,5.8646220022519788
3.05487486434,4.7439126081121401
3.44931715429,5.3680161420593322
3.33628539628,5.1397701169428149
3.66123193943,5.5474769260230801
2.92388360896,4.520926049159562
3.21110863087,4.9939835406255231
3.06309930596,4.7385525908925388
2.9751098589,4.7158762419084219
2.8564079972,4.485601479027137
3.24912057007,5.0946891501948288
2.65973431732,4.2142759081714729
3.84094519194,5.9211495781380235
3.65146609691,5.6941708854094779
2.57161308346,4.0457510872803919
3.36748123306,5.0925418768473421
3.39749119826,5.3430764645029027
3.57109383528,5.4209314457895879
3.14896687037,4.774711875312013
3.04180404225,4.7930712797517332
3.8632748191,5.9062727179697516
3.12365045874,4.8152540021305796
3.88229713011,5.9323262442844866
3.41381555524,5.2317755248087154
2.72853974147,4.3159147463193301
3.78920383505,5.8857730301663
3.22489044547,4.9371056767141601
2.93053736453,4.5394266050306165
3.47677121429,5.314856682488494
2.59772145719,4.0593010631079007
2.9889781386,4.7479154773879637
3.56088302306,5.4943550311084959
3.22425947081,5.0365106826831667
2.6662840635,4.1712436814216449
3.80117566969,5.8412658573159586
3.16615817896,4.9658128246727875
3.54279412601,5.3827146337328351
2.77960606574,4.3760188291467665
2.58618078883,4.0579967304775852
2.6950174118,4.2464038000031676
3.38532260246,5.2269062342935451
2.72967200264,4.2727256688582447
3.21301392105,4.9139703804183785
3.4389921897,5.3347491618818008
2.97113457036,4.6093229804392548
2.79662286198,4.3148614042944571
3.85606633728,5.7852513926936435
3.11633776815,4.9293907880276198
3.2363986361,4.9606136846937989
2.81886612118,4.3910186818130841
3.85673798965,5.858661370956912
2.98007423432,4.6998088104059628
3.48009100659,5.3860828084528309
3.80530633697,5.7872899892603842
2.92840154082,4.5809954282062142
3.5282623602,5.4270278897132247
3.3600030963,5.154003876662852
3.60895724556,5.5921887536638604
2.6946803646,4.261651599211814
2.71361438901,4.2870551077107164
3.24175194285,4.9852016261703351
3.30422627635,5.0956417939176175
2.56089149381,4.1190742326157093
3.23291810721,4.9482144929777183
2.7689422187,4.3609486132682749
2.91111792456,4.5665845100188784
3.34845282476,5.1817048419614622
3.46337975773,5.3819606137710938
2.54318129293,4.1150115610867086
3.75875129406,5.7939074888386903
2.80867371626,4.3799712344342767
3.64177329746,5.5983812266249044
2.68828212831,4.2169600701739807
2.76237611192,4.3428980641268975
3.46989332641,5.3390630244857631
3.08716450686,4.7806059474834468
2.87871890578,4.5551002607609208
2.81065332984,4.4400307538313246
3.43786553194,5.4050941107323425
2.99834473427,4.6666897962009353
3.07229286075,4.8297239894955402
2.90959632351,4.5044450722901912
3.80379989748,5.8619496278007093
2.85713998795,4.4999358535758409
3.35224446698,5.1633667962945005
3.79839335269,5.8611155635322572
3.32862999163,5.1716387257739882
3.56143176937,5.4982795493124259
2.7419957562,4.2956027032254571
3.15442561922,4.9083665014455251
3.51444384348,5.4061101906082785
3.1102824752,4.8021417044475303
3.03537534185,4.7395222076814338
3.57691150256,5.5229447206878906
3.82381077137,5.9194654514216154
2.62547285921,4.1320624597037439
2.65652997082,4.212732270943679
3.73153045501,5.800120313853899
3.57635410334,5.639127223843202
3.17395146658,4.8824445789417554
2.98282413548,4.5693274445540952
3.88433279946,6.0537549602195151
3.41871807602,5.3389184566488286
3.75407701978,5.7535724854653578
2.98127005096,4.6489987423361221
2.72488141697,4.2975206578043759
2.68164443351,4.3023314905651944
2.96040132866,4.6051744854958665
3.07663271882,4.8375069177994643
2.8791222397,4.6048292136188795
2.94237831785,4.664867270908573
3.88064201216,6.0328891840294405
2.90324002008,4.5748174519920823
3.11766644449,4.7339579621815497
3.1842255083,4.9728696772217242
3.68762574367,5.667718790320305
2.57977377388,4.0559558013251564
3.43719154048,5.2658092870775635
3.06338585103,4.7895960551113745
3.26320967151,5.1359350036470959
2.88628937711,4.5179732759044944
3.73713094042,5.6980813531897727
3.04850049681,4.8075019401392227
2.93239371135,4.5416608409857098
3.85224406059,5.8579840078423366
3.66163064369,5.6333420396488325
3.11352534368,4.8904219135068434
3.61566878304,5.5839881529464419
3.46969414383,5.3984264137404097
2.62742348382,4.1336916678520099
2.79603748423,4.3627124903536325
3.29133840207,5.0835218715064547
2.60935749852,4.152312947157367
3.18185504494,4.9485199197366638
3.35491185244,5.2481576537364525
3.72409420284,5.8434018477821645
2.82629800384,4.4679303531294607
2.58628127099,4.0807420051462104
3.90331832091,5.9488796871553538
3.50876837493,5.4821779688567185
3.23032300023,5.1038369011068117
3.55024441781,5.5018026602682788
2.70439525869,4.168739189165942
2.69279531764,4.2055942126938692
2.93906983965,4.5833134060790091
3.20019825943,5.0353269085794867
2.88840534545,4.4716150868018971
2.57960933319,4.1021530416963641
2.73552677283,4.1637493526902336
2.57133142782,3.9698702167704694
3.60162201944,5.6382701785706519
2.69339478104,4.2048360623215864
2.64454258937,4.2047360208168394
2.57854170593,4.1242810936808345
3.88626074932,6.0171105339138817
3.02190739582,4.6409590002400343
3.54612035073,5.4540756833577682
3.83679091889,5.925966045642836
2.72107267146,4.269984552333705
2.70688616409,4.3221368550684867
2.73671502115,4.3241401444571084
3.13420672839,4.8551432836704747
3.07631945344,4.7506573233482277
2.89196009112,4.5158507716323699
2.6746414959,4.2660842460132669
2.55916247018,4.0029095152859018
3.62412780537,5.5854523157670544
2.5726176285,4.1642899141419125
3.50325212801,5.267991336047344
3.34400426943,5.1762442304398064
2.83143865695,4.5165014082856487
2.88058730334,4.4732869670814317
3.75694816896,5.6574869487955795
3.07660840917,4.7962783112878551
3.55188482861,5.4679762877021449
3.50408002841,5.3596381076374167
3.17270292612,4.9990495913885544
3.52074064004,5.4568061616279104
2.78385258959,4.2670022429096299
2.59324149089,4.0919144210848275
3.33651030083,5.1618364535259111
3.35832902225,5.2412603275569412
3.64559508928,5.6230416769360465
3.29000307194,5.0423800232373184
2.69952509762,4.2503190809093754
2.90379069121,4.5123401126101843
3.45269620236,5.4203479519385116
2.684998191,4.1947759803176172
2.68846552404,4.2890467256664149
2.63295266134,4.0651725545152333
3.34892550209,5.1131994182620542
2.67230627067,4.2139283676887249
2.54333636624,4.1016063839586652
3.10752798243,4.8075495712438894
2.99719583375,4.6666522553521865
3.27209866603,5.1105813519101009
3.73482135653,5.7108447591214064
3.89253901495,6.0088909292955446
3.84718433585,5.9653197125671369
3.064961604,4.8219080668864116
2.93600116191,4.6603776107960559
2.57217869609,4.0908644498126439
3.81903588169,5.8633708999136056
3.73150660404,5.817071289401702
3.00931859034,4.7092965760730845
2.99690829537,4.6359253273301819
3.89681608467,6.0490617555922439
3.42152629577,5.2457106951630896
3.43595003631,5.3189385407198966
3.71640016324,5.7708924612114094
3.03521644328,4.5748294002293095
2.94083588946,4.6058966955984912
3.00909202737,4.6799183742557391
3.46179981276,5.3779403423935852
2.68071162225,4.1973461092938278
3.64809072895,5.6286917989368197
3.87370696366,6.0934324290019939
3.51723456708,5.4907104603711634
2.67412493415,4.2487757841756215
2.63064764418,4.14676052179784
3.68320143484,5.6243857500183223
3.38162489037,5.2898697445127372
3.71976208283,5.7505077771516904
3.65355919453,5.6357916821801677
3.64232833343,5.6236723379055968
2.60842490012,4.114969812224798
3.49746065105,5.3299926263073081
3.56639187981,5.4841535440146156
3.4957507243,5.3432640082903626
3.67262300853,5.693737665474683
3.80487223607,5.801347093813999
3.79310487803,5.8218397918160418
3.74716459226,5.7244724628168324
3.88946250254,5.96775072576159
2.65015263131,4.1862651816041083
3.684200642,5.5705513008675194
2.54728591742,3.9568882424585197
2.62811111684,4.0569718473916039
2.75503690878,4.3150794611193657
3.14090393977,4.9321452300037736
3.25505845209,5.0732234774044374
3.641565897,5.5044366593721445
2.98327412264,4.6492551102514534
3.25904724093,5.0074135094366055
3.83743327449,5.9266486734043395
3.75875233355,5.6720590218918892
3.27716889738,5.0854741086182331
2.87061825643,4.4943155864155742
2.66569747873,4.235776829909196
3.81362990768,5.8940484242675781
2.96289429853,4.6193586543724852
2.60746683419,4.080814598499507
2.71267418491,4.2270969363031323
3.8506394331,5.8371640177047039
2.93378108691,4.6131718522888425
2.56686461889,4.0650489692845397
3.24765145485,5.1390653548074718
2.69085920859,4.2574112568749385
2.71945827953,4.2543472497767159
2.81303748673,4.4100312474955343
3.54711815758,5.404518644195039
2.55315251987,4.0891529769634634
3.0524911322,4.7520107029907788
3.79562926398,5.8284953456668802
3.39855875274,5.1702136036897937
3.24853141712,5.0128922182592603
3.19443265784,5.0083249748907983
2.68230365238,4.2686344085308896
2.68989642465,4.2500363247648423
3.78779334421,5.8259419692357177
3.85816940325,6.000951961434442
3.38397765408,5.2246650778752279
2.67332121308,4.1718741217123476
3.30454907073,5.0618148537258998
3.25897169397,5.1305646277123218
2.70170933621,4.1970178005857512
3.5332440469,5.4712996846455413
3.31321675326,5.194497796810265
3.02535648695,4.7617629586999959
3.75236702448,5.7581456186497864
3.55375058433,5.4830408518159608
3.58111349865,5.4657383351467939
3.1876785444,4.9332894091699355
2.55990025083,4.0424486553642591
3.84684959125,6.0017117635269512
3.43506619161,5.282558217315235
3.15193489259,4.8844750289343475
3.35763314797,5.1361014860487044
3.60427258539,5.5291392575833251
2.9727485316,4.5852583976354673
3.12348205455,4.8271631670823814
3.39786369764,5.3024134339350537
2.69944163623,4.2396516346041846
3.30445029519,5.0458495982256713
3.67651884527,5.6076720741671418
2.5825039885,4.0563448510404987
3.32549920137,5.2089823444555323
2.79623642355,4.407341141853693
2.55014078554,4.0750655303331307
3.3112227707,5.1611080511567211
3.40523238432,5.261662351362693
2.9719205177,4.6913746075162148
3.86143575761,5.8291250353941706
3.11094551255,4.9149508998155103
2.91897815168,4.5838200469263928
2.72435493158,4.2588737149673674
2.58365811878,4.0282798028654909
2.93066388085,4.5910117602019698
2.63108873355,4.1707346328322643
3.01425974555,4.8300757609946166
3.11869357812,4.8206676543374289
3.8395714289,5.8736765184175042
3.77390656321,5.7357099174646482
3.29744746233,5.0256389741488903
3.69224819284,5.6417992898759008
3.545539531,5.4617497088180711
2.69031690195,4.1988972804808498
3.73909094225,5.8430778945647166
3.36560166164,5.1477786421416711
2.67985956353,4.2553479214285233
3.05953794718,4.6916232891646636
3.10415861644,4.8631825784670459
3.83337268304,5.8916499520163654
3.39239857796,5.210395940054628
3.30172818544,5.1820203893570582
3.52360857136,5.4531441751804657
2.98158201171,4.6615516293156283
2.64294067464,4.2410140465151622
3.3518772099,5.2374713154014731
3.57708018364,5.5348444656678355
2.92385047048,4.6030578337820014
3.59063268049,5.5238506201018929
2.83694301461,4.5647834314921285
3.20699768132,4.9842231178894769
2.65131414508,4.1006217094126427
3.08761980473,4.8933457109284406
2.75289633,4.3642685575811733
3.74461001019,5.811812555783213
2.91373138336,4.4356282822835844
2.83889612546,4.4523032372771301
2.68243830106,4.278859894812407
2.55020849463,4.0504013797048151
3.59073919194,5.4746313779079587
3.8937879682,5.987153545842486
3.18149689023,4.9639068221122766
2.72564523928,4.2410547919620827
2.76585019528,4.3866529066502116
3.01679707264,4.7089688495086408
3.28382747174,5.1004972712078773
3.54168010402,5.4876704875513234
2.54526285397,4.0265597006186145
3.34874835154,5.2124911631982167
3.75961105926,5.8072093183911822
3.81894531936,5.8587932250067887
3.34924716273,5.0642125859107514
3.39726796343,5.2081973852114558
3.21732106703,4.9868543072769578
3.07153285269,4.8120878958181645
3.72369260931,5.6022250381604088
3.27963922051,5.1226868056180148
2.94022674215,4.4909745351259058
3.19963138968,5.0385778228406597
3.7064901898,5.6562429134296419
3.39424262528,5.1437058032558101
3.27835367314,5.0447564697204292
3.83412710759,5.8819800231647488
3.83648500742,5.8120451054824223
2.81116863495,4.4512776708484623
3.71600538586,5.6452835538826784
3.44949932198,5.3569499919811641
3.55482655038,5.4082128874009543
2.61787220875,4.1413030266333717
3.71926414204,5.7683505925854872
3.63299033758,5.5253904065915904
2.94243514031,4.5998203198484342
2.7406756217,4.3123197319578006
3.5152590442,5.3789532112830623
3.86953809187,5.9710708515600848
2.97319298496,4.5819880339281056
2.97535859247,4.4691724252355742
3.66092548609,5.6834207767277505
2.7264244507,4.2554171740777935
3.38578555495,5.1617554297942574
3.20594550075,5.0126470369728127
3.81778761361,5.9003223051656111
2.9170359791,4.5842136231918307
2.54494938245,4.0165758254196122
3.74337060825,5.777486420463795
3.42894136411,5.3283735304540532
2.96407449856,4.5943675765721599
3.61499018853,5.5485233157269702
3.87048227277,5.8520298180025705
3.42276263554,5.3387210492900845
3.57268946629,5.5688134089369328
3.09896107415,4.8663313245353104
2.64662421369,4.2081855856714423
2.75198764789,4.2851715776692876
2.69765164586,4.1627492026772694
2.71046348127,4.3535561729850842
3.72311345902,5.7170090677579557
3.66773371886,5.7678287589798263
3.42886956693,5.2394709557517576
3.07792123593,4.811545342460235
3.65478372357,5.5252774218368019
3.15651506138,4.8971608267520397
3.60666431705,5.5507619826441967
3.42308735035,5.3222434057807444
2.79713801796,4.4161976408074466
3.29925430815,5.1073130430962541
3.25082835835,4.9678037107180746
3.5837272506,5.5296921087346842
2.57388614978,4.0490811728369298
2.8558170846,4.4973272907666493
2.81738845506,4.3815243875330792
2.75988071221,4.3598986674569051
2.99647441098,4.7073574718283213
3.71814440502,5.6436314882533418
3.04338667502,4.7173582566438474
3.01353442573,4.6443232492749544
3.54146232147,5.4822811048702942
3.29543598599,5.0594470803539817
3.78716140602,5.8774142941411522
2.66309176097,4.2466338747568226
3.3576550997,5.212227159678096
3.62836967113,5.5249849757730054
3.65566216063,5.6531039287346241
2.70130644116,4.3240489426020359
3.11948927514,4.8288774308158997
3.38103865285,5.2664717089008457
3.3605828982,5.1962538863324834
2.83318345995,4.4007978095492355
2.71538916368,4.1986651951163392
3.53589879291,5.5306860905741537
3.62738355391,5.6483199340795798
2.65869099677,4.1780238938101952
2.65991860074,4.2105349694039909
3.7884140114,5.7922302841258686
3.29781568832,5.0951477071114484
3.62789642307,5.6326863766922664
3.2920062489,5.012223811144934
3.37443854528,5.2551497041403135
3.22941664437,5.0165674302111984
2.92807012008,4.5983852203221396
2.68412739097,4.2674756471265578
3.43000372163,5.215200958888941
3.45656320514,5.4515559368901911
2.53789126124,4.0110125593456312
2.92320684114,4.5460398687040682
2.53409934299,4.0392942205582152
3.06305472748,4.8193457144228811
2.69392207055,4.2471983391848758
2.65286621416,4.1566457609646941
3.26896080631,5.1281040406510394
3.84567154816,5.9124820605928443
2.79419910001,4.4018997384998251
3.15846312944,4.8681195888737756
3.85525765646,5.923142758172558
3.48879435697,5.3662650384420365
3.73648504786,5.8534683950873925
3.52985740733,5.4632018655071839
3.17171735886,4.9677197275310743
3.47366264529,5.3375501918598287
2.58165732101,4.0067933256311239
3.50259110173,5.3956709959286968
2.82666689922,4.4039785899536712
3.88445824975,5.9729848114119575
2.60875400679,4.0795758367884583
3.47759600958,5.3438494889783188
2.7896674134,4.39880565947617
3.52651254284,5.5190377888569966
2.96794185377,4.5900639313133134
3.32840902996,5.1267221491686499
3.36793791818,5.2201953977257229
2.90446280114,4.4332344161675357
3.89357929715,5.9888208400978868
3.01485576009,4.7309182883784935
2.91963099384,4.5627603793405145
3.8966228604,5.9808990076057897
3.64733965395,5.6476825879270258
3.65091922025,5.7058717206177203
2.56089127832,4.0696917227639071
3.14520311328,4.985502868471932
3.5182283691,5.4015964073879097
3.4717115914,5.3659559054652641
3.64936956447,5.6925285327543733
3.41081491025,5.3386379942881685
3.19074273287,4.8684791825622655
3.21897552074,4.9830969477819362
3.41719885208,5.2269677566379169
3.00110024211,4.7640380955523325
3.77666449823,5.8809564053860113
3.0399884445,4.675052758614223
2.57963716162,4.024062718023484
3.69970662252,5.7206893495521038
3.10314802264,4.8328885834330766
3.53306862319,5.4396146873530107
3.35317945393,5.1602818948335454
2.69348340019,4.269546300026855
2.64649512981,4.1732134437546549
3.39984901012,5.2099352782182882
3.78998482014,5.774756258110779
2.65790596331,4.144167627885583
3.44349699406,5.3596987120995179
3.20126178284,4.9434057136401117
3.58067228189,5.4097287890917194
3.61960486868,5.510558358918848
3.41464014307,5.3233825228000935
3.27210579984,5.0692751689333617
3.32315762425,5.1533772921866889
3.24535561488,5.0481353392589536
3.68689725679,5.6540601096878458
3.80518895246,5.7897641654956464
2.77848890583,4.3231252814613317
2.55883134285,3.9752877512109581
3.12413999721,4.9467398193228007
2.81012990114,4.4472612517873067
2.94960860354,4.6758351909029496
2.87558138044,4.5494967490879299
2.65704788685,4.2204357925886145
3.05783950839,4.8509683742533278
3.80308765053,5.7961748668260933
2.90574478735,4.6171738231941006
2.96214879197,4.7041526401137759
2.64399727859,4.1261327607166551
3.02355321059,4.8071144903674483
3.30881963058,5.1165290712402314
3.08509274885,4.8291204890049659
3.28967998002,5.007967461603732
2.75085341761,4.3309949623318449
2.90325324049,4.5938496320729483
2.85050098411,4.4850889708297652
3.65476406488,5.5808111897187906
3.78810892999,5.7890478632983973
3.72113057863,5.7518374048079455
3.83290534582,5.8700470975880927
3.46972155283,5.3626835891216036
2.58551376198,4.1245465394843546
2.57069577121,4.0781273488363139
3.68121932294,5.7837431347071435
3.07015847635,4.7824163257523855
2.65738995215,4.1401817810166248
3.78506620864,5.8508470380726276
3.33831206649,5.2077667896029824
3.28425212565,5.0520674020070775
3.40003323012,5.3279901885698049
2.80529438383,4.3947351780972372
3.55351812461,5.5037105493776082
3.25768858619,5.1333509097587902
2.9238440527,4.5857835240342775
3.17938046282,4.9296951796233266
3.04510178136,4.6950164886885997
3.56412150041,5.5322829502773381
2.61042569838,4.166995419882344
3.43227921615,5.3414312126959178
2.64937056171,4.2042369242428519
3.19645915595,4.878194408772984
3.29530547465,5.0414370656984344
3.82144469572,5.8114371549307124
3.73391929821,5.7634218658281462
3.07090986076,4.8529315119673111
2.70378135581,4.2919734863635188
3.38093785615,5.1140596604407067
3.33651232664,5.1911527972194955
3.38655916215,5.1582521265528234
3.68584942394,5.6373122306066019
2.87133712855,4.4922423674543168
2.57030580759,4.1321646549650426
3.13186155163,4.8459006055712273
3.41629504269,5.301935328272843
2.93044341594,4.7141115688412842
3.34428349799,5.1845984274635697
2.56683449839,4.0278234416333456
3.52071688891,5.389290953551594
2.77282097306,4.3366309009864068
2.88144381501,4.5347477667937586
3.53492483572,5.4438008027548888
2.91952872713,4.550699437064039
2.7776885019,4.3265812906372769
2.7563490653,4.3314581966373016
2.74767041662,4.4194036387474869
3.72956160328,5.7697891682177271
3.48998891822,5.3863079928491659
3.24119975786,5.0489605300624101
3.27840923273,5.1395299603243441
2.64425273618,4.2456787867850725
2.89346257519,4.50702092364621
2.72557060025,4.2464451047629428
2.79674187238,4.4020910146563974
3.45739323314,5.3941561125480915
2.66759428139,4.1612198360546069
2.70161976454,4.2583293546173016
3.41487560614,5.2269863928043723
3.63785508135,5.6129697352053283
3.51868301034,5.3816274179417611
3.45476543847,5.4329270813592538
3.32925735759,5.2254261888816913
3.66748816815,5.5826765386921764
2.77370011292,4.3663614100447221
3.76679639445,5.8011837683518044
2.64407513265,4.1526672950097243
3.65419259502,5.6373947404824358
2.79562012935,4.4674820899740562
2.52999897508,4.0063780823320485
2.69420492291,4.2739389133193049
2.7389260113,4.2668456974444959
3.16401783684,4.9851876892625295
3.41215362694,5.2678408724816093
3.49739050652,5.3826547063377843
3.22631812801,5.0297426273569492
3.33821994053,5.1047441959080944
3.42908253854,5.2919410277608634
2.78098503771,4.398055337192063
3.33901075598,5.2332444630364687
2.55344380144,3.9865573859132426
3.87400117685,6.0491305926982237
3.68554636331,5.647468845186264
3.48195588242,5.3315190687132024
3.50428827052,5.4063993022393326
2.77328077011,4.3995417103065044
3.33292891385,5.1490073844932525
2.7922814854,4.4359252600369432
3.47102795165,5.3765070204447927
2.91723242436,4.5156395626052834
3.08646251494,4.739518437178206
3.21191230937,5.0170711039885507
2.65828969345,4.1349955902454303
2.77157419741,4.34582560260211
2.5839130242,4.0834526983046491
3.4950585732,5.3422429540238836
2.76155494806,4.3705349959423136
3.11685299748,4.8002442531889056
2.62686425059,4.0851238287905618
3.76976924975,5.8129052906067491
3.17933137904,4.8579431924857994
2.99580586842,4.5804904625103688
2.97419390681,4.6370474527171934
3.66358687674,5.617962926966074
3.11369493279,4.8108900511064165
3.64818347177,5.5935479734669116
2.58655330415,4.0864709316308954
2.53728900723,4.0884756971911136
2.88739532106,4.5406622753930694
3.05495777021,4.7828266529212007
2.68192568076,4.2320511450682199
3.58805270715,5.6024681067768514
3.02440996241,4.7585949379412797
3.21677497184,5.0255856193505153
3.03743557845,4.6942840087063145
3.61863383859,5.6095874605427571
3.60092477704,5.6439206980697199
2.58328323804,4.1253936825848641
3.64833675369,5.6079559388102389
3.01250039115,4.646469774959713
3.13799645498,4.8729763309858978
3.84013265328,5.8947976875690307
2.75715480793,4.3371050895203238
3.50476738085,5.4265271573169205
3.06805146292,4.8171737257343716
3.01941884447,4.6378774012012549
3.19986935214,5.0206885619529231
2.92838199532,4.581263355632978
3.69813050964,5.7270237541212596
2.57119753348,4.1021056914058907
3.28235951994,5.107968520515791
2.58370724189,4.150021816099148
3.40408174841,5.2220298131539762
3.80030903779,5.7443717748544065
2.881460608,4.5189148488827309
3.87530040532,5.9779389510904446
3.18739895289,4.9241605420406218
3.07873785925,4.8148070109554615
3.62390745484,5.7017325737963311
2.61576631533,4.0815313884000242
2.91382876327,4.5042888842566464
3.31066411093,5.1541048710234731
2.76478924794,4.3471753583168704
3.66656645893,5.6541685309078309
3.66879551833,5.6971947496110431
3.69533469223,5.6664851012114585
3.57170272583,5.5618594045250296
2.99769776197,4.6215903731774617
3.17553758355,5.0241769266145795
3.7020318315,5.7214808621707531
3.39267041148,5.2206716155491941
3.21985014988,5.0267374045567701
3.00423311658,4.699804272465145
2.7962516484,4.4262087255876077
2.6694205905,4.183190481593555
2.67793261958,4.2374125058032295
3.13675391415,4.8967594251190159
3.45165864597,5.2701674162193326
3.75776346402,5.8042616547278492
2.74341387101,4.3125494056099143
2.55013307672,4.03274297640609
3.6956964808,5.8100386346667179
3.67463408747,5.6289102510163671
3.11237915095,4.8512266308239465
3.7524118085,5.7690017293228681
3.67697266366,5.7434107551757778
2.70002883441,4.1967933068527117
3.35401642953,5.1631906924432744
2.87600467839,4.5230188007702008
3.30380828349,5.154322880911578
2.88742130495,4.5118747665251364
2.83487233774,4.5132108463308773
3.76773309642,5.7557953733864782
3.61174400054,5.5655861861036877
3.41493354305,5.2553660750189879
3.77694673236,5.9102873609587361
2.52727954051,3.993142425734701
3.06274194731,4.7544072715752188
3.00890858414,4.714425257547493
2.56839069662,4.0647785139458295
3.01938707195,4.7366756036786954
3.1135493353,4.9136590935712583
3.32116935843,5.1529185996538933
3.66294375169,5.6868594235805086
2.69654657029,4.2460152844705705
3.55563077015,5.447597839799859
3.43490368419,5.3149919249907649
3.63946598678,5.5766143708922478
3.17241865219,4.9357984963977319
3.02486883996,4.6929286412882742
2.89247632653,4.4039160821770693
2.57716391389,4.0999267139045577
2.7865402807,4.3959081658089296
2.77163509689,4.304296402436071
2.90204982534,4.5790300735596325
2.68472615059,4.2444593396729973
3.22951300816,5.0680098780282217
3.24483444067,4.9924836273501096
2.78275250919,4.3638023008557569
2.60298264938,4.1662035134193882
2.80532537557,4.4673230300387567
3.13478491052,4.8599758676674378
3.74669696892,5.7612780976143361
2.88022482233,4.5205899997423797
3.64558086755,5.7815347019610099
3.45852336932,5.3812860396498881
3.45177134821,5.2734088765819562
2.81828355195,4.3645477537530022
3.18619762011,4.92574100059832
3.33862870165,5.1641920649552526
2.96694488112,4.6393645124818939
3.09241943351,4.7425094517134179
3.18442433013,4.8692648677908705
3.00229553185,4.7029101756696274
3.16628337343,4.9883078274537542
2.73209599738,4.2952553776827322
3.84274360968,5.8880209885544801
3.11058336371,4.8318138404920861
3.61754182436,5.6471088708343347
3.38397442154,5.2761614535850363
2.87248025858,4.5268246965583412
3.00428218747,4.6261955230715186
2.63099961578,4.198218882977625
3.77540765474,5.8335739284254808
3.20784116984,5.0686317417846851
3.73004624478,5.7569319495678801
3.17601937285,4.9394534702180914
3.50173024553,5.4285203263760708
3.48212015547,5.4132903520480253
3.35644339123,5.2046010166979126
2.71548401172,4.3550760881431563
3.87769842652,5.8597627021064511
3.71977140578,5.7541121234659203
3.68700756887,5.6389240155575999
2.93962303225,4.5624603272566198
3.48545321786,5.4575349489706468
3.32468779313,5.2082796456536542
3.13618499335,4.9112747872296207
2.67551972925,4.2554645312517509
2.85562103393,4.4518873006832331
3.88256407795,5.8920451038822836
3.68064673455,5.6132184470175757
2.94677387898,4.5651391115145099
3.01749724981,4.6411469363814639
3.21228189221,4.9708877842762975
2.78046293075,4.3441712183583201
3.89973935899,6.0369261296484877
2.96357090753,4.5193930375559628
3.0116642948,4.6341616194685518
2.82486458231,4.3621760517189481
3.27665730468,5.0932258077100636
3.68310199115,5.6706495920164262
3.4393644794,5.3618346967192316
3.13726563645,4.8190875464241127
2.7417712672,4.3513767425627261
3.48865038076,5.4620532968367979
3.87279545061,6.0036936490841182
2.56363460909,4.0665057446524049
3.56688332739,5.5554325989580615
2.63609659379,4.1160612585717109
2.83081623894,4.4737502441291639
3.25963455545,5.0706883335971149
3.18836403282,4.9701521632968442
3.28770858812,5.0581430853521123
3.39013814784,5.2097612927138126
3.64851889807,5.6352195855757525
2.99673069765,4.6487681452416867
3.88810224379,5.8727668198687439
3.41646163766,5.3087821502572687
3.64823846944,5.6336035253324965
2.99114955287,4.6670111939001186
2.58829572569,4.0739454393277654
3.88499224133,5.8824214860583819
3.41357200264,5.3313175307051814
2.54556282893,3.994395609827293
2.67886278738,4.1931557259116596
2.92395392817,4.5458289150181397
3.26039419221,5.0263370971481747
3.1276308612,4.8455329359859238
2.7496148168,4.3416763890898782
2.63090069975,4.0961238229593429
3.27121258594,5.0981403660844178
2.96256218175,4.6217943226129536
2.54890298999,4.0399898538707717
3.09925825121,4.8377668302283325
3.77320859414,5.803801573057032
3.01515036348,4.6717399732351081
2.6030248996,4.1611768779837721
3.57405354763,5.5325543895400076
3.08030245328,4.7846597231984527
3.6158844511,5.6009093107652772
2.82195040524,4.4530394938262194
2.75945437963,4.3300578395888767
3.74514938629,5.6699294284587758
3.20214759702,4.9779941500772535
2.89700263802,4.4924254380806232
2.89057925199,4.551516745411508
3.01016289245,4.6722281534568184
3.16236251979,4.9883974220346863
2.66390028859,4.1941498716054255
3.66213346493,5.491495149457684
2.98542695711,4.5917257437048296
3.59435897321,5.5690748912411605
3.19632779091,4.9700385125698769
2.64129644091,4.1371282975952903
2.83216308273,4.473504772814004
3.07757946411,4.8050416759554722
3.61591634043,5.5416326557549516
3.01338439778,4.6996981685339199
3.41701699689,5.3181871584676577
2.98675606459,4.6599398438644233
2.83751820524,4.4724077242089111
3.25423380445,5.0555383723265477
3.42837601573,5.2102196206060718
2.99902167628,4.7427627382686515
3.58417985149,5.4843381982027042
3.02217115452,4.7534836221674412
3.73610017354,5.7542476353765331
2.56997574001,4.0906032772723258
3.58174043446,5.461509777897894
2.58189583461,4.035087405156716
3.62708702284,5.5390545534238944
3.58273423539,5.5507813144466693
3.19249781243,4.9186292073870348
3.30077726179,5.0000802080289324
2.75021786353,4.2827289703448388
2.71837356204,4.2964889995459439
3.68140433858,5.6574940796867184
3.58950135065,5.5243471159564352
3.12527465448,4.8888622886231277
3.42133591142,5.3127400675585346
2.64467551082,4.1452798835697982
3.47601690435,5.3635356548634467
3.54557079421,5.3739187022389849
3.74913180368,5.7515992151146706
3.34100789428,5.1959812868944386
2.85648545326,4.4415039854641813
3.70573919457,5.796244577388741
2.71621222495,4.27275646113777
3.65865962417,5.6737667288339138
3.49174931301,5.3530358648047809
3.05382592587,4.7143846661193933
2.75857043056,4.3169288148856904
2.93668925408,4.5562183716569056
3.56703102139,5.4408299499073651
3.78338032539,5.707140342131936
3.76951056873,5.8176204313373852
3.38956821461,5.2442624759311691
3.76909310934,5.8771368551817025
2.63864997809,4.1699026539763038
3.38267552279,5.3235996883292573
2.85330010814,4.5468724401627663
2.95591225448,4.6662474211655844
3.16012161479,4.9479288732897286
2.9508321292,4.5657401097453763
3.79991294668,5.8401469733169433
2.65298432786,4.2052608242016527
3.66006128054,5.6437339972901404
2.77579159872,4.4057279771116518
3.04316017718,4.7354885691516939
3.61208711858,5.5298282058634385
2.94462537268,4.5592943783764293
3.07925799795,4.8314940582216286
3.15921914451,4.9202355980783112
2.61011014446,4.1205735773589032
2.5347241196,4.0100083091231067
3.38336214124,5.2528107116364744
3.24345605903,5.0427306947777879
2.59706908651,4.1785925566182485
2.61109425812,4.1475577247197215
3.80054731671,5.9148002200858167
2.6552421013,4.233336514335666
3.04187613228,4.6519193930481846
2.72159939458,4.3486896771874504
3.82306496142,5.7945828224981053
3.6022954499,5.5093726651334221
2.76181597533,4.3229858824331986
2.84907966651,4.4145927048213167
3.89578771609,5.9915544393296116
2.75377405802,4.3709144318425066
3.72497176053,5.7471644718090822
3.68711998033,5.6366902480670218
3.10904649302,4.852335230167732
3.32914868334,5.1036916159541876
3.36400537721,5.2252371976071235
3.69510252884,5.6564734775884622
3.89561320087,5.8806664341352501
2.58112944594,4.0705109387003544
2.75351419732,4.3116771887457856
2.99630492698,4.6290737487048208
2.88188499607,4.4374342253637939
3.19349638275,4.9672194920780131
2.55399037123,4.0471071191774497
2.53758027959,3.9661017001197361
3.34776555027,5.2179126286066086
3.32097332013,5.1626861194176508
2.81192312199,4.4073523256370351
3.3354739753,5.1142599670069648
3.44762132318,5.3038512964190279
3.2441619074,5.0810813126008911
2.90813818846,4.6034520601380056
3.08179735182,4.7243964628541288
3.58361768503,5.5392136408946762
3.21356260856,5.0113394616961271
3.19525386238,4.9204268620591254
3.45439867031,5.3012684128161691
2.89830359824,4.5596043794107057
3.17853350371,4.8935217949582892
3.75319163557,5.6811204177543475
3.11128144599,4.8631784383612287
3.03896190731,4.7146127264186486
3.7490072371,5.8558392541363098
3.14996939565,4.8710819110710757
2.87359292364,4.524107099912678
3.2471884073,5.0997401974989085
3.50525573477,5.4659934940385826
2.89144566069,4.5506979509770362
3.65955167252,5.6218681255048679
3.25871850476,5.1138416533534317
2.84080227633,4.4917334084242189
3.82070562032,5.8912377867317662
3.17791563148,4.8789757444606865
3.55054370417,5.3060014238312743
2.91250200551,4.6691607032282505
2.70520969327,4.283752740967528
2.73355565892,4.2454598740972651
3.70561700748,5.6413620632710453
2.54780425165,4.0506568002717298
3.59692313673,5.5539165666201997
3.42538349328,5.3276640792531387
2.60970471658,4.0902194573766195
2.73129822654,4.356019898665485
3.57696767097,5.5494570227359912
3.10537175232,4.8170940486153571
2.75337474409,4.3244057817163135
3.58271379109,5.4095937863154155
2.99382159568,4.6098673845887994
3.46242547087,5.3248353159031927
3.42682600662,5.2903914135448593
3.29748747819,5.1379893141232049
2.53479597471,3.9700939903688028
2.53429374864,4.1071981629291709
3.0074846194,4.6002795435062076
2.72176414382,4.225208182243934
3.42970897289,5.2353010820927155
2.99333197078,4.66970359826629
2.58311755632,4.128462558495869
3.69745909215,5.7533790783649215
3.00168487971,4.625209037869551
3.67568261795,5.7086039836640792
3.31393910639,5.1694852351399634
2.90038664317,4.4795992752797735
2.90235815816,4.5251476709647331
3.33250132344,5.1553022603255663
3.62994832338,5.645314500201807
3.02415443458,4.719111685271022
3.62709343792,5.5494762925519838
3.65740533608,5.6461135966779192
3.46626019085,5.3420232707004667
3.28523564133,5.1621455032401062
2.82903861671,4.4891248796273029
2.68554999185,4.1888129754108689
2.68776940968,4.2179751611883693
3.14313067878,4.9850356786881829
3.8799994225,6.0185533768478567
3.1057928193,4.82179976628532
3.5093974733,5.4696275120050464
3.58509833067,5.6482476297822313
2.9954921357,4.6488503604216858
2.54171189552,4.0172068129111187
3.25417863944,4.9531907895418383
3.23341255483,5.0087925699987768
2.53859647218,3.9762679525337603
3.72577888998,5.7912999133514322
3.89300927519,5.9653743143114148
3.53307629447,5.3581489873662633
3.23015770401,5.0562892173809315
3.2285778945,5.0000963187107201
3.83990750125,5.8922720159199597
2.93592823385,4.6186306443730061
3.12331735635,4.8214990134296682
2.75881653089,4.3684958111045349
3.34964652549,5.1790765345879084
3.40735096716,5.2764400347638594
2.84262957053,4.4384473203640713
2.64339255064,4.1583607145135151
3.40915408472,5.2414356394263679
2.89494586354,4.5926466842281739
2.92512872945,4.4792684766934228
3.38696007681,5.2707994531385189
3.62293530839,5.5815946853835836
2.99012514148,4.7441991608323981
3.88902300089,5.9889618631359287
2.60595730585,4.096722976678576
2.85837274709,4.4501577683246865
3.63503397084,5.6732444373135751
2.71515060026,4.1946882058514534
3.38581347698,5.2216192694446999
3.40080760901,5.2418702609353538
3.34304914382,5.2498419990328928
2.54352302876,4.0098622748179542
2.77879182776,4.3687896115785874
3.42347230672,5.2321955287596769
3.05886969185,4.7702897510823723
3.33315655834,5.1773025701580275
3.32740908951,5.1542793437598666
2.98368021754,4.6643010939665119
3.55042045748,5.4358871680072198
2.84040809936,4.3631258118926413
3.76458554567,5.7262478181057777
3.50459907261,5.4705607900835753
3.15203829185,4.8504270860825205
2.52634195192,3.9451154993304791
3.58265014063,5.5350020773307351
3.86007172146,5.9882603051120586
3.39103733649,5.2879103449932261
3.1904451739,5.0259725966951265
2.98534134328,4.6323204820062216
3.6412267907,5.5296871883688468
3.73848560586,5.7839676801280797
3.37777980673,5.201604384755008
2.62420321647,4.1636393131755343
3.63675475756,5.5600762168262037
2.85825065706,4.4442894421784809
2.72033644248,4.2796139150058599
3.65304778984,5.6954708447544906
2.54090929057,3.9869192541160858
2.97776916766,4.6082590345006693
2.64079565187,4.1527588780906175
3.48583384808,5.3294061507784516
3.8353720593,5.8450025008843376
2.57569526755,4.040093056857228
2.568657704,4.0448223412565421
3.65395585485,5.6953984546772931
3.3117188577,5.0848349615573865
3.05193440799,4.7825526406005556
2.70965939177,4.2284715268677866
3.16754747531,4.8241592452201179
2.99372267494,4.658293201846762
3.68810117337,5.6672840694057447
3.90721688689,5.9916420088269664
3.75401295491,5.7271198058312685
2.77138490691,4.3096385037131828
3.02804908132,4.6764126356037021
2.92160892249,4.6262534134013737
3.19692262347,5.0533357251438016
2.71681400105,4.2414349152572495
3.4430237534,5.3283464824574542
2.92642075868,4.5664570167628744
3.84925000914,5.9814016130020082
2.83009553299,4.3776357069186789
3.33210747531,5.1847697596337801
3.75401877925,5.8081266721258009
3.82019396811,5.8527416049666643
2.74367303771,4.2493737469388115
3.05615918247,4.7100777977822528
3.14670952091,4.9023751780418205
2.5648241523,4.0774509425626135
3.6162781251,5.6096460851876468
3.87236315101,5.9718404399537777
3.00876406997,4.7001162566033399
3.18039906441,4.8794338500548555
2.85121355637,4.4182164909733519
3.8096508092,5.8349699086246147
2.70813193961,4.1922554176886893
3.75520556733,5.7702743709832571
2.71154286908,4.279865060119616
2.86508652906,4.5215339140901181
2.97633964901,4.6327199724380597
3.10156633231,4.9317717138310853
2.83689468258,4.4359958697260193
3.07933760246,4.7985360650127031
3.16094978964,4.8874937016667062
2.93338501582,4.4512778060690383
3.59699607101,5.5233258314641089
3.52532933552,5.3641736683945238
3.55413746961,5.5034081727596744
3.28294662951,5.1602198475532361
2.91152972568,4.5762043651268849
3.02920944007,4.704928924356909
3.30526445525,5.1781699651490731
2.93502183833,4.607507810889012
3.09058864009,4.7428560968126572
3.18537750163,4.9624395850595766
3.18836606407,4.9253985761005676
2.96501980686,4.6276627712041982
2.60056876663,4.1081708697639234
3.25456676021,5.0805830497115396
2.78306396321,4.2983091545551293
2.56392424428,4.1094391022266992
3.53695097505,5.465193738880191
3.53149840521,5.5141871818335391
3.84120390218,5.9647171892088426
3.26217171536,5.028714970149391
2.75555664962,4.307140786013421
2.85155330825,4.4547854408466101
3.05045583302,4.6710091094959534
3.14850085546,4.8745577110772693
3.84306386918,5.7855885761666777
3.82157754392,5.8745787682462502
2.6935071048,4.2393651668163237
2.75819363839,4.3001587458872086
2.63147662103,4.1861746678736358
2.67920479117,4.3119535958718673
3.32533986695,5.1790188346479757
3.41603283185,5.2715112105694804
2.79547271574,4.3789022205488379
2.76045402777,4.3625196965393513
3.11958861446,4.8566756764254722
3.04504826904,4.7334282172197906
3.50916572102,5.3319546462622034
3.03031806161,4.7317598764344808
3.02820829648,4.6537946222823461
3.02550495542,4.6804555087319679
2.97583519515,4.6522776201471201
3.03422634437,4.7788754955094523
2.80703213588,4.3714765237709496
2.89814975977,4.5735777333520744
3.59680192317,5.634055113615493
3.44948420902,5.2713109711370105
3.6422003826,5.5704327271331309
2.94262851505,4.5554844038966147
2.78566347094,4.3906000863697425
3.61760294562,5.5438340794294776
3.45877203524,5.3270720752241196
2.68627025076,4.1660852679139539
3.05293253171,4.7449361034361246
3.39205394014,5.3299671055380466
3.264324979,5.1490100854068697
3.04734483081,4.6997199533627203
3.28973202274,5.0966156274462904
3.43168039719,5.3083438066420712
2.60636046899,4.0910380603485939
2.89372759635,4.5048763904869409
3.44111814157,5.3340540672770667
3.26654889094,5.1742761978027367
2.62690654969,4.1144154689305568
2.57852138489,4.0743172086130599
3.23716495262,4.9550709119541319
3.90055009394,5.9413452680671117
3.27307997684,5.06539957458887
3.88266807932,5.9407600081529592
2.91601469884,4.5806451871833538
3.27149649317,5.0358151130381232
3.19996861581,4.9412918671074983
3.54927024041,5.4209422213534237
2.54060447619,4.0867350340319204
3.26434300672,5.0674119379095481
3.65278224043,5.5834647972985367
2.83381363689,4.474514220681562
3.80569033788,5.9172160584346667
2.90790406904,4.5311426590219419
3.00452292626,4.7094444480610349
2.84319737914,4.4869209878123364
2.68893905106,4.2020792942356699
3.44284032475,5.4199862790959932
3.30670062823,5.1627279373737416
3.58976078253,5.5485591079995347
2.91754785451,4.5309830308904271
3.34582592733,5.2096706651507318
2.68405098847,4.2226795307442586
3.75617169948,5.8815954594043163
3.71953903479,5.7393400976328994
3.6253676503,5.5996987196862413
3.08892582953,4.8097384465431583
3.60908443385,5.5951358017941848
3.10134665424,4.8252717081728083
3.8564103993,5.9545413230906536
2.94281560728,4.5803867087057171
3.69618988952,5.7713802535326497
2.57202087596,4.1341066940936999
3.04127950095,4.7459172926767073
2.84824784995,4.4504456571620006
3.26045768926,5.0695187891453735
3.31103244668,5.1644499725572279
3.35432894797,5.2183312637377597
2.85359691617,4.4514639843360015
3.87354554889,5.9358425880452046
3.26796033773,4.9974704168134538
2.64947186435,4.1615693555843913
3.342127507,5.140694742503487
2.85955714208,4.4367392960869694
2.91664274003,4.5441449390753625
3.50626926637,5.4170167809974661
2.88576218741,4.5122288918302109
3.12535279321,4.8461394753550335
3.30205281323,5.1167360520247414
3.5988018256,5.527172830986717
3.81070107852,5.9204418138542287
2.55498268019,4.0590251349342035
3.06559686494,4.8099785553854186
3.36904052916,5.2521358639975464
3.51181949084,5.4833447584431809
2.77712139572,4.2927017071321583
3.40500651196,5.3664767092843206
2.80213506878,4.4484602393064643
3.07549709804,4.6592432408559112
3.52896282227,5.4282798485373256
2.86840178749,4.5284839790165705
2.77983518457,4.3683169991680852
2.54132410461,4.0356866758530439
2.74604614483,4.2570735096970376
3.57619829808,5.5119875448629037
3.12671677064,4.8498169410338843
2.65967835105,4.1774945349386083
3.47336329741,5.3129137630623537
2.67680469919,4.1370281514204938
3.03675432763,4.7599968878376089
3.21608345807,4.9501903283745277
3.37759448951,5.2425769965514739
3.09753594506,4.7675692590997478
2.6539646847,4.2140940875620814
2.55906888798,4.0486735313666085
2.63758975645,4.1587852351220436
2.71474447388,4.2685205757472087
3.86832601753,5.9547991860210656
3.74153526459,5.7974817553760678
3.81406428248,5.9377087352996831
3.54512654846,5.4470282181092315
3.25565571442,4.989052672023794
3.52277554931,5.4890406760600303
2.80564408835,4.3759148244228294
2.68615949841,4.1987327894769972
3.33918963133,5.1373932322112301
3.56388075068,5.5359898631658115
2.66004141892,4.1370327158822411
3.24470651257,5.0520195972874689
2.62872417037,4.1840458247646941
2.62515573181,4.0659380951423021
3.61550042365,5.5973869555341249
3.1816166465,4.8916667412827035
3.76976253795,5.7827338596418922
2.66080966826,4.1741368893894313
3.48068132613,5.3348215034195263
2.70144705804,4.1939126639793196
3.46258185055,5.396498370889077
2.65997808898,4.2032844033869257
3.86294033651,5.9910258011702116
3.28213021686,5.1043866907344393
2.58558681177,4.0557141507281305
2.88213165482,4.3983904315735201
3.48092132329,5.339542497953115
3.78189444666,5.7522741901269541
3.33648295626,5.2100911499151685
2.93619137452,4.6110752990744137
3.48813391291,5.4262859343929097
3.13032785554,4.8219532198656356
3.02849436517,4.7016872377716155
3.46467083583,5.3293810419785137
3.62455991924,5.6587021657769743
3.41495909327,5.2854505069797924
2.80854186355,4.3917516590479293
3.68635152468,5.7121930391448217
3.38849398535,5.205464990820623
2.92082612428,4.5720051572007261
2.97470169505,4.6760206641538238
3.53720601773,5.41516418193563
2.76526547038,4.3428347419278053
3.45941959651,5.3179757061023913
2.8845165244,4.5760975544025575
3.10036191278,4.8673211864695451
3.50230736996,5.4233716209835032
2.59466094572,4.1240923663874902
2.7876321238,4.3350448237833472
3.01040061924,4.5996591231410546
3.41797914261,5.3288719533806459
2.72251882921,4.2660957212418911
3.62563683209,5.6861782686461
2.84882852022,4.5868210389898243
3.42022754862,5.294820705473418
3.57080276621,5.4873599962016089
3.34930795311,5.2113857133754875
2.60881703425,4.1130163151500554
3.39686527689,5.231781014599826
2.8704773736,4.4815349219243252
3.57625031654,5.551893483164541
3.78793304587,5.7981400934640934
3.80286031873,5.8965522906926262
3.6694962876,5.5838358095863443
3.04492884521,4.7962670581492475
3.82207195831,5.7652143047575581
2.84469435491,4.4072924547695917
3.48066723714,5.376245432753449
3.49354793381,5.3365413212638284
3.01800394994,4.6757434651743264
3.84869594866,5.8278118175966522
3.81696658369,5.9215397626793136
3.64995012562,5.717096306841543
3.53822815919,5.3596639224194957
3.40903517967,5.2523652187455561
2.70969448661,4.2511840915225525
3.64882000499,5.6095119781342548
2.87915505563,4.4739254268758177
2.85421996579,4.456679521548697
3.6917013766,5.7161022177148357
3.39752581608,5.3142821388777923
3.79527608775,5.8039972435176495
2.99295426444,4.6326052739831312
3.84526170956,5.8567858562198252
2.594136808,4.0681268303210381
2.92906829736,4.5252595979575103
3.46537144337,5.3487030922335084
2.75926877147,4.3765436021141211
3.67872240291,5.7844045936278983
3.19693388712,5.021379378590817
2.60905179561,4.1167092523234547
3.40381080575,5.2446544413031129
3.18915099196,4.9727418310648446
2.77614607881,4.3974427653777983
2.77983513681,4.3639149394959764
3.55872754032,5.4605111666825712
2.68145691572,4.2252843042740764
3.29815594137,5.1385124369910189
2.6548459367,4.2066574666417509
3.38322008096,5.2788744524235556
3.75999386307,5.6872061563062086
3.06905228188,4.7924581302814842
3.64394687605,5.5766390104039436
3.23496858794,4.9847082950048769
2.99375939436,4.711287509574122
3.4005764395,5.2175597161609124
2.66974240548,4.1636683396295995
3.51262979689,5.4841245152451377
2.96125781,4.6224644620821049
3.41062874092,5.3318306065265455
2.76718749178,4.3133266801012793
3.40177998636,5.3093130337530541
3.82089965944,5.7133914822102057
2.77053081089,4.3353580265413996
2.60221568651,4.1108828559562287
3.37592989245,5.2340292714553698
2.54824023547,4.0526553391804505
2.63169404614,4.244715954298341
2.99585480292,4.5845620867264971
3.80793369819,5.8597973945322677
2.90758698682,4.4570734021477056
3.77094609382,5.8416270311950047
3.71257910214,5.6690626771056554
3.38829387454,5.2523806052067323
2.79067903403,4.387172479653846
2.88134184594,4.4280068340153331
2.64828987191,4.1201165942209999
3.20340914009,5.0357787790500659
3.14139884874,4.9155889700047677
2.63648983785,4.1205065470980236
2.91974247916,4.5115762703721867
3.24918133449,5.0182049281774654
3.89975200224,6.0169192537851899
3.49938912802,5.4284234020180842
2.53147891286,4.0072381450368946
3.24478383452,5.014261703316448
3.38006105025,5.2040083510427042
2.90873666899,4.5428865814088804
2.54146039322,3.9912009286183703
2.92643523448,4.4961028289990894
2.63738805062,4.1651547955572692
3.09947064239,4.7639762161952302
3.23160717835,5.0546651618950511
2.91434382571,4.5170319497029459
3.60025811922,5.5027035867278791
2.86391173318,4.5222948687312732
3.67855114932,5.6931478905972899
3.48984846765,5.37956132128412
2.8507709802,4.4604561317502727
3.13235017897,4.8263397669295172
3.54398267427,5.4616453695036729
3.0536523348,4.7380894575887051
3.22830419143,4.9827065485592392
2.74462219006,4.3036109457798446
2.88881882627,4.5134592594021683
3.06298143978,4.714840339659375
3.18893647481,4.9218706151357754
2.88239588138,4.4777015784757053
3.04111815311,4.7424451764780917
3.71612886525,5.7999370380748472
3.50204997271,5.3324396973363273
3.62762047324,5.5330113028690651
2.68491867256,4.16382176944719
3.58592604497,5.4623775874709883
3.36220561886,5.10000191840839
3.77875074035,5.7954582789313855
2.71219845136,4.1881752137908421
3.67472584176,5.6644064180188236
3.80972826055,5.8337726572258424
2.8787580869,4.4869896735742349
2.88555309277,4.4851635424435061
3.6451444239,5.7146657379447259
2.86263768858,4.5032726083555206
2.6215405544,4.1718418077631059
3.81902005906,5.8126007469743239
3.67005516144,5.6649231996704703
3.64918819166,5.6033803898810106
3.15766475083,4.9223023271752657
3.66814122326,5.6965795230197447
3.6668243203,5.644319510282604
3.82236997706,5.9095764263297088
2.70676595261,4.2859054151847564
3.01925720586,4.6637105895787654
3.60931814932,5.5934119666688664
3.28983461098,5.1525430656822007
2.88162516136,4.4051332993700569
3.79391331753,5.8431503513486858
3.33623454234,5.2494809397365092
2.70830475753,4.2333368136106451
3.83018734308,5.9323686054373814
2.56563987983,4.0615427794714405
3.58041455354,5.4878570982625572
3.6649554165,5.7401985270042033
3.38733791316,5.2753281560292997
3.87292302357,5.9900505517445675
3.58855555126,5.5808230285609977
2.78230750545,4.3846165621763848
3.67321231993,5.6952233592089998
2.7500052092,4.2805262088675313
3.02885079758,4.6397170856403136
3.53347697916,5.4738700362226211
2.56105376261,4.0879408757345681
2.88217135998,4.5422774484889921
3.15702683717,4.8918133479441384
3.87284506442,5.8714605839130023
2.58119306637,4.1025294251244508
2.9941415543,4.7992013890333469
2.59783805385,4.0688511150459181
3.36942045253,5.1815083862486908
3.40849359387,5.2813813947759787
2.94580514682,4.66353545907746
3.35163510252,5.1493190615780762
3.4479632594,5.2713139300536715
3.3787166566,5.2545760430888953
2.53762803258,4.0065264783147638
3.57938392984,5.4995221818293061
3.88632344923,5.9271779919154808
2.8616832569,4.4880484749384451
2.82882326025,4.4842315194322699
3.23843110699,5.0141218045194149
3.01366217116,4.6116538830900273
2.76046448565,4.3677695937588901
3.49102157426,5.5124429643442259
3.74629002375,5.7986211317056275
2.54004704967,4.058735755961246
3.05371605215,4.7480671791416995
3.68360862791,5.7284623242135
2.74015738938,4.3141440790203687
3.70222150505,5.7225375619639181
2.99954427403,4.6253267865795635
3.62629192483,5.5331499922627074
3.66555358109,5.6192941192537589
2.58975472929,4.1384597512095844
3.16437587302,4.9117008572423044
2.97165976638,4.626587935423367
3.08308482502,4.725381093738509
3.10092239171,4.8839744451233589
3.84445705747,5.9000204478022171
3.71559682967,5.7638536844693204
3.38940871743,5.3618528587062713
2.73486823034,4.2243826192105738
3.45966860686,5.348093048697395
2.75345127529,4.4114052034604105
2.79908494902,4.4081203803378521
3.30735474997,5.1879895438833135
2.82341340657,4.3981998116367764
3.32627268781,5.1639231799797027
3.6328239819,5.5690825754920503
2.79180507699,4.374409994089751
2.97988971504,4.6006693671370673
2.94075918156,4.5240814975061925
3.09680121925,4.8675627242069588
2.58240577246,4.0926341068271102
2.59907163717,4.1229038003281886
3.13533473084,4.8505035346210459
2.79112621194,4.4117016117689545
2.54167971667,3.9752811222851783
3.00119867278,4.6713336478118563
3.78771741748,5.8930480307339073
3.86681087569,6.0509996222821769
3.15159397549,4.8916730761125162
2.84860909758,4.5065108570484291
3.4791687555,5.4059387821742106
2.85565532193,4.5075175156839595
3.77753768258,5.9576584912257857
3.25509911243,5.1166327793754123
3.58743681549,5.5256101273917029
3.65625376079,5.5928521489750462
3.66670991139,5.6257454037433012
2.58349898722,4.0493726154590926
2.64210108823,4.1545014149721284
3.74536565845,5.780826209268711
3.5707894876,5.5545216070417798
2.92898165243,4.5957424985294688
3.17676867824,4.9129701492435336
3.753814311,5.8600647868759692
3.40129087864,5.2415219737441907
3.10175902472,4.7498822519420401
3.74226380396,5.6730378780523134
3.14017848136,4.8860563519435853
2.68509495763,4.3494964374728973
3.78594206166,5.8527362913863046
3.79930184148,5.9340455917465196
3.04918695356,4.7538017619689121
3.37934469824,5.2141501404872095
3.55548328624,5.4655703606315038
3.86631536289,5.941580952365566
3.01741018251,4.7463206827866014
3.24864051209,5.0700785217332038
3.89540959301,5.9298633248254173
3.63488138678,5.6164373001349031
2.80096556507,4.3786472866631811
3.4925633517,5.3660990545674618
3.35090087028,5.1961227204139355
3.60109699662,5.4054082219850503
2.84857457426,4.3880469988567761
3.48086940841,5.381891858082267
3.81335609724,5.833061930287232
3.03868073651,4.7660442817194495
3.45867132108,5.293781922274718
3.15485208396,4.9556387639023605
3.82167478099,5.8414027251858434
3.40285297177,5.2159027638788373
2.75680815293,4.285219579799258
2.92416055954,4.5745533788921708
2.53242776772,4.0116177567092297
2.79110280076,4.444646697866693
2.84104909006,4.4795730595694847
2.74013677108,4.3432502344956641
2.86774682996,4.5309523515365298
3.14051720278,4.9319398981156084
2.94707936605,4.5885680091455647
2.77467530429,4.4206492861917308
2.87891550832,4.4928132808337189
2.93805381289,4.6196624150931855
3.38949691457,5.1743163981205411
3.87741977658,5.8248889614183543
2.73117983594,4.2664397251388575
3.70915173857,5.7244514243428268
2.94764095298,4.5537219640391751
3.45576440463,5.4151340570744519
3.4502615593,5.3264646838365364
2.76297002748,4.3833821814595622
2.96490869403,4.6596004023503115
3.17061239528,4.8700582422017087
3.59440891912,5.5444876650017569
3.22819097686,5.003693057377034
3.21204975245,5.0223859943099249
3.42928338569,5.3377143122495001
3.60701643552,5.5848442407988577
2.97892443211,4.6534883120149644
3.21278592613,4.9746318209961586
3.44529174004,5.3130814049206236
3.36494560802,5.1698473763459853
3.7278887404,5.7908382177631044
3.17706510726,4.8916760509532686
3.34578320292,5.2027434303795648
2.97551386079,4.6457092617237992
2.69723542309,4.2714568851769537
2.59050650167,4.1510561162927875
2.7877994728,4.4266183045566736
3.63488011892,5.6183771114375451
3.70154946229,5.6095154622123671
2.59492239379,4.088155736530477
2.73363023817,4.2475323372718785
3.81667666798,5.8197815745187746
3.33427970793,5.178159584774372
3.22374314949,5.1154578365697532
2.5582452325,4.0492421231679021
3.85389042363,5.9519113056486006
3.21996754009,5.0201125341261168
3.85355838877,5.8552729082179926
3.64967986793,5.684936778470866
3.23537957755,5.0363134612938678
3.43061863029,5.3743276033677292
2.80635427028,4.4433828399950528
2.77805309531,4.3264711664953719
3.67087972067,5.7144362490953435
3.2097607141,5.0558400110172315
2.961579985,4.626285735335494
3.85887081418,5.9170017860626976
2.67399358566,4.1907138010818219
2.86425687445,4.4675037913871529
3.79652982419,5.802919083990961
2.59636581074,4.0830467047674945
3.73793336038,5.7712014567513004
3.28086783428,5.0760152644981851
2.5807791044,4.0305929262767517
3.78974290113,5.7939522591894201
2.7519422919,4.3144746160899228
2.56613999536,4.0159767035228517
3.06406872494,4.7850602562316178
2.63782230879,4.1180445266612651
3.70044266202,5.634244964228424
3.35842468948,5.222239824996457
3.84185350124,5.8546778137461741
3.44749692575,5.2909707092112095
2.6063129106,4.0376912577835089
3.64914818276,5.7060178120478069
3.33179348072,5.163912839588602
3.70257443414,5.7084192428444771
2.94431384814,4.5681995256450136
3.08419186048,4.8940981907152405
3.53379816991,5.4682482265518377
3.28851269763,5.1442796702002465
3.06800905453,4.8427432223296902
3.86558851254,5.9585283404385319
3.24146675793,5.052957992611284
3.24995721646,5.0303130663818214
2.95754511288,4.6197375832504761
2.66537867847,4.1935349378171027
2.70904214786,4.2572332075391834
3.68487450181,5.6131020123241688
3.14396760653,4.8562688795026032
2.98323647842,4.6205886551737034
3.61218864287,5.4883655066150663
3.68392996201,5.6820748537568191
2.59382611389,4.1190919188862392
2.66370784709,4.2389542284403845
3.38265574154,5.3449868724677776
3.20412432216,4.9501946526595626
2.58066786017,4.0636276861210732
2.81041397085,4.4040611036187878
2.63175724882,4.1763681158487689
3.39008968804,5.1174694863386279
3.86569679442,6.00287159505171
3.27002648121,5.0317356554815698
3.9031321794,6.0591180736984596
3.7204919729,5.7116457432221344
3.36298274178,5.2164246517549673
2.92466140647,4.5483039507817571
3.10524276418,4.8228127781797561
2.56279871308,3.9910243255495508
3.12230173996,4.7919781028463966
2.5905219357,4.1026211207788785
2.99965663117,4.6284711602037492
3.62297206573,5.5205173885058443
3.36617987399,5.1970639665290372
3.6556668507,5.5065126727954503
3.68356192573,5.6848119748385049
2.79823827627,4.34023242700842
3.12630158593,4.8809294511812658
2.52704798163,3.9983837004427096
3.55336745403,5.4444626953036916
2.77245011761,4.384364171744795
3.58000413323,5.524018738550077
3.43997997639,5.2778403137876531
2.97278508364,4.5648787573312077
3.63552457582,5.6795587271827062
2.98791181208,4.6576826128107927
3.58730190035,5.5355322634148134
3.24477094011,4.996017959780688
3.64280928299,5.6910865758569535
3.79697099709,5.8556834485621065
3.80563714391,5.9092980609110954
3.70498786578,5.7215243952142076
2.5530173447,4.0233168410856504
2.9047139367,4.5948305357870156
2.8250125897,4.460365778679801
3.4256331871,5.2915034559980656
3.13394577163,4.842931400468534
3.11710266585,4.8955666863332681
3.29724154532,5.1054283642741192
2.78748644221,4.3488482114480123
2.96587286523,4.5914776132111941
2.70029799008,4.3005968951607416
3.71823504859,5.7017504074912626
3.76154234037,5.7972476526680197
3.39926345763,5.3549635889709526
2.69767357482,4.24989259018494
3.67269665357,5.6228630471443442
3.60047373228,5.5715249574927874
2.97484365585,4.7263332081755127
2.9608643933,4.7094514467113555
2.72484873141,4.2956516953416877
3.13372646954,4.844107533481167
3.33160034658,5.1014366285563417
2.96744392295,4.5939725673043421
2.95775066305,4.7019804700004784
3.11433786378,4.8791615626502098
3.3437760218,5.155617970079363
3.74306885655,5.8091028899595631
3.00303739944,4.6756326641101724
3.67298156411,5.5792418839833875
3.27513622805,5.0817647448457279
3.25863192766,5.0042266169251102
3.23339183507,5.096270113487483
3.43308477505,5.2814597492948891
3.21714636665,4.9509789041069121
3.20727354732,4.9808567960223948
3.35975955511,5.1174417676224762
3.17118545203,4.8195013429451992
2.63199630915,4.181323328417724
3.7597952537,5.7698189322805629
2.95354639014,4.5616526674378886
3.40997316482,5.2755000449688394
2.82346481018,4.4733400826312364
3.14659351938,4.9358129340896513
2.74098260404,4.2776705194093454
3.67949809622,5.7477630969067759
3.42255837066,5.3139493390501897
2.54942944551,4.0695055805930247
3.64842912964,5.6408759996631783
3.58899210055,5.4394356568929192
3.1240248005,4.759130864167969
2.60549149275,4.1130650643192297
3.0672886218,4.7770953363053188
3.75009965568,5.7055384751505747
3.58395583529,5.5197865462467757
2.91948199897,4.4849424893425045
3.40189143687,5.2796750937846806
3.45766147614,5.4094521345635806
2.70263674252,4.2422231158765262
3.76241095932,5.8251858678587167
3.01922531509,4.6822884140990624
3.14490709863,4.876540478681159
2.56910174214,4.0408995672337484
3.70499132258,5.7674228383272679
2.68738573444,4.2819874636857902
2.77505481911,4.3579399986250484
3.09525447679,4.7819120948625571
2.58994836219,4.1137642659590892
2.96808916311,4.6406949288705395
3.77340138166,5.7300031950496821
3.33346565101,5.1766436639839277
3.21761867039,5.0545984510345106
2.85088108938,4.4566268690421413
3.3906025167,5.2857262418484678
3.77442561504,5.8182371090779279
3.2331642549,5.0840417204349757
3.51021429164,5.3612083118469949
2.55234383074,4.0309859713603506
3.78756071487,5.7622434768608919
3.11555407247,4.7980818450072773
3.25936012113,5.0983577617569313
3.55394057465,5.4361434976686525
3.58467691748,5.5081948048076992
2.70983118578,4.3008815866547714
3.07160878642,4.7912201535268517
3.8687269183,5.8888104473821006
3.59594426742,5.6141469794430305
3.17695840184,4.947200039861233
3.42984560888,5.3251205857949877
3.19836593441,4.8829036438803923
3.14467922678,4.8846812098352643
2.71618153175,4.2725267276455314
2.70435081518,4.1974579116954773
3.46720532803,5.404588846033108
2.64234440444,4.2455820623559708
3.13859437991,4.9108013248009383
2.7139630833,4.279472322906317
3.26650718063,5.00622456649252
2.66074986091,4.2577719895265176
3.09653669186,4.8152952773586106
3.14664689655,4.9335823140067072
2.70788000448,4.2529527001892529
3.12086488727,4.9099108249373868
3.13280684988,4.8814875788829379
3.36885393393,5.2334784369057568
2.75502755108,4.3549079076592934
2.6787476942,4.2280673906503834
3.30246171955,5.1643417425918008
2.55116751636,4.1018115209557955
2.76072073842,4.3790186836081748
2.57154150179,4.0559007783437888
3.03879863614,4.7611562412810011
3.55457888739,5.4716865967454122
3.25482503665,5.1206067673676641
2.66957168965,4.2173027930122853
2.68956997106,4.2928881969212807
3.6251131443,5.5613251935005916
3.90175694622,6.0147237433511975
3.26729419664,5.0680866547347394
3.65100352266,5.5935035577996137
2.82794106024,4.4100305023225292
3.2246577995,5.0140396489763415
2.68879188772,4.2151448258510964
3.03990835961,4.7024953960055287
3.54174913553,5.3191623805990007
3.41760042084,5.2694013693357693
3.85858702059,5.9611766039267007
2.81294246209,4.4061002453458116
2.61244221525,4.120040755399855
3.72654350283,5.6919233369435842
3.06757834783,4.7919402847915737
3.88581087939,5.9605698467227226
3.20373354581,5.048858683208735
2.61010991425,4.1450390415292029
2.77944020894,4.3311953610167597
2.64115115777,4.2147611441561423
2.93412381076,4.6144397766826604
2.61001126545,4.1324701574438585
3.77975793129,5.7694754769847894
3.19949119411,4.9520210915804572
3.80300122928,5.860361137943487
3.53335850024,5.4889177765420865
3.076927189,4.81967445964563
2.52907173229,4.0678548154728009
3.61502602733,5.6201332201665481
2.71540762847,4.2259987139478632
3.73518583005,5.7713231350331613
3.07728342345,4.7579178529255719
2.99424975863,4.6804716581995951
3.85105612957,5.9019066595189971
3.25874837901,5.0638103394099856
3.54637251083,5.4903873910611205
3.2928523062,5.1047856824176252
3.59731185687,5.5246130080396316
3.8944802084,5.9332206117718806
3.50254002682,5.3978100957252977
2.73385698338,4.2431225460588839
2.82550582781,4.3334939625984088
2.93732527594,4.571385540853119
2.7544140331,4.3774844096900551
3.28066680999,5.106104124141944
3.70385766473,5.6502652716093946
3.78858018647,5.8731210653360444
3.68584482128,5.6482856642896104
2.87636142644,4.4871138007355018
3.16550166031,4.8778725364701883
2.96680724345,4.6644190851836962
3.77426976233,5.7082403295879889
3.06369488868,4.7906656318008132
3.84304714419,5.9045398668667302
3.5030245058,5.4890677954366147
3.40166061137,5.3380422622918013
3.07043075227,4.7972917601863019
3.02551040818,4.6976036871186331
2.56437890246,3.9855015014706945
3.22193169482,5.0021543401304056
3.09361830184,4.7687451913627621
3.7082731408,5.5975412423747617
3.33221473835,5.1676806272106095
3.54524053643,5.459198184361747
3.67393193016,5.7177703250716112
3.27469183643,5.0882239242919374
3.75896862502,5.8668558576801928
3.65865742635,5.6774075375429209
3.71844761332,5.7299035722082898
3.56656998402,5.5867867364926038
3.69690949755,5.675389083914955
3.13243210499,4.8885938799094131
3.70436524225,5.6848586815291053
3.67097039036,5.6614879042536579
3.09337695355,4.8387385766759925
3.44473763479,5.336795896182343
2.75811311903,4.3844669965315237
3.25725043873,5.0557189656940889
3.75185408132,5.8698870428704621
2.55021579973,4.1088203692307594
3.79652522523,5.8465491070987641
3.46319671241,5.3771324678304575
3.87747671483,5.8606957728217441
3.35028193536,5.1832005990020491
3.60287378459,5.538120402655232
3.45194050886,5.4053188131220642
3.37141112181,5.1989639063498512
3.24417882708,5.0222076889475504
2.54437288183,3.9344344706906651
3.56132058641,5.4797848078557347
2.5971209278,4.1053146241857288
3.26376798335,5.1046065633745199
3.60466250351,5.503519320301808
2.93484470734,4.6171851167944302
2.6756091188,4.1765984956695901
3.53443862094,5.4559066357995958
3.59458890865,5.6171095567009584
3.13860152211,4.8232331979799259
3.36674956524,5.1423307168544694
2.93214933938,4.5574752509056431
3.3456680814,5.0937265421056503
2.89689975292,4.4934599122223773
3.66781792174,5.608732640338336
3.28050813552,5.0207315819149398
2.69985069088,4.1914574453037883
3.87401259387,5.9750819053622832
3.12867832597,4.9221162849164992
3.57559644982,5.5822109941848064
2.78076888993,4.3688375384958809
3.53248490603,5.4833260455225163
3.39711710305,5.2515596819524397
3.67924830265,5.5849233760092565
3.75600145406,5.7942137580821784
3.63456838595,5.7081840032805671
3.32823763905,5.1859056401589925
2.74594795432,4.3593928578687944
3.16968253668,4.9562246595655965
3.26915776187,5.0924560596528048
3.05969393957,4.7899573757670204
2.91958701338,4.6314912713789349
2.59744375757,4.0601802778296179
3.6079642991,5.5420384546124977
3.07833406437,4.7947528577799678
3.468077784,5.3337238126584925
3.53894365111,5.4447006727588612
3.09927027786,4.8476133358695233
2.72417351049,4.2742965429232216
3.39489740669,5.297603658778371
2.58194304689,3.9866088267715818
2.56826500437,4.1424092968092134
2.87192886611,4.4615106792585486
2.68071948654,4.2062539765854661
2.77228528192,4.3266221424787394
3.81146082859,5.8009815031727747
3.68654743887,5.684473110010261
3.85352387431,5.9864583092472392
2.68655206522,4.1810521419166271
2.64413867971,4.1739423937398294
2.60843131553,4.1087066501309932
2.72252727692,4.2721770429310562
3.55626386259,5.4968077871395549
3.53985172107,5.5286747734968262
3.23647621086,5.0113386757892808
2.57422292778,4.0792551059447657
3.35630052546,5.1707969029332759
3.67460253839,5.6727523445900827
3.28865642903,5.1225309193165796
3.4911725496,5.3909132123366019
3.52251818962,5.4439364942213029
3.53827292884,5.4606825152199345
2.62758471477,4.0979209873960283
3.14875380882,4.8791581578074057
2.95617924346,4.67869481985504
3.46759688984,5.3935319520117346
3.17767307216,5.0153732514305238
3.87179205258,5.7731122384337734
3.16639411812,4.9343561679073984
2.66838661334,4.1984855654439128
3.19410074634,4.967568409089087
3.82411216683,5.9088846512685542
2.98616955319,4.6443661055278822
3.8332994776,5.8979711970670321
2.87758901626,4.4970589671942314
3.50384485526,5.48389298514837
3.8723399358,5.9686875517509721
2.73288039067,4.3718948863573779
3.37352749688,5.1966984986993925
3.40712726792,5.2317178253964087
3.8096836168,5.9305801987021303
3.41020300603,5.3328788966543277
2.64617601877,4.1783851781508901
3.19775324616,5.0073251007553887
2.90229787013,4.5412894324854625
3.37342686658,5.2465179290087818
2.71863315438,4.2352799552381715
2.88653288073,4.4670723439317666
2.79534661164,4.4266597137530814
2.6199917691,4.1109364938815203
3.28463089959,5.1758164582344026
2.91723537364,4.5144898895319558
3.33935419036,5.1935359957910388
3.47104300251,5.3343087314527375
3.17735626644,4.7993437240899652
3.04922643293,4.7876295005770393
3.55622438035,5.467348671674098
2.59174727129,4.0462650554576403
3.72327038697,5.7160308016882864
3.37244824848,5.2590207528381416
3.43379060706,5.2840926381061228
2.94844492542,4.5521726210814286
2.63287844988,4.182586153192613
3.54444717795,5.3852331518224501
2.88172217955,4.4895819851208527
2.60282389332,4.0892638024196195
2.91221294007,4.6275284393867144
3.04325819453,4.7826342128567632
2.55900574922,3.9638206115076411
3.28676604754,5.1193705096005919
3.51252194483,5.4288253282296282
2.92607112255,4.498224229897037
3.31878291493,5.0908647539388205
3.54725554008,5.5367242341142253
3.50334263827,5.4049592168224692
2.61382035581,4.1421948361536796
2.59566800676,4.1310387888445463
2.9796335148,4.6458735302971892
3.24031652554,5.0939121362359119
2.55136353649,3.9805951789337657
3.49361023831,5.4203875884068884
2.78738012994,4.3296698347181239
3.01704374428,4.810551636038487
3.89044575062,5.9486655407153179
3.39444208113,5.1732182774036675
3.52135802155,5.4289990407799023
3.89944329267,6.0296473519471805
3.38190799814,5.2077378007752095
2.82519330879,4.4345774353592109
3.78128198001,5.8287547192086624
3.87335505124,5.9640618212551662
2.98744564073,4.5991444192942392
3.00713741079,4.6818645772468184
2.9460154038,4.4906839951201114
3.08178081167,4.7989388782955809
3.21631340148,4.9916429402147857
3.64872094716,5.7963484134322654
2.8571260198,4.4846865146541361
3.48956096142,5.4053413390536198
3.55983965446,5.5090406851765792
3.0222226991,4.6999260593981242
2.73978333278,4.2985383877413224
3.74867220973,5.730294217062017
3.62023430764,5.543754223845955
3.25227813061,5.0959843907036815
2.75334127921,4.3010223278129853
3.61106709891,5.5753668828635661
3.76743520317,5.7244737948118143
3.48733245856,5.36215272410187
3.76967233006,5.9022694629585528
3.74657720426,5.7509565530762883
2.59442599128,4.1564415641874843
2.72529530652,4.3318877446648578
3.81051968255,5.9970203433368896
2.83288188081,4.4818112404167305
2.61896830186,4.1137350278309341
3.83391081464,5.8187129319419908
2.76954535857,4.4212775056213536
3.61470150931,5.5199895818831752
3.70248705075,5.6750008918131494
2.67860398875,4.2347587584837081
2.98314425987,4.693942877309623
3.80412301206,5.7882648820827569
3.76453650127,5.721589422615442
2.5433720252,4.0633856201020535
2.65273903226,4.1245134091831899
2.70184861305,4.2412820070219945
3.22246266894,4.9642359580212174
3.35730830729,5.2327429502564105
2.72843529202,4.2881337335300467
2.74204471124,4.3797097534694158
3.56123635132,5.5342791705390528
2.68922027273,4.281726318597844
3.81128138238,5.7897197585511959
3.78945683364,5.941206618255352
3.76714734801,5.8454651118367753
2.68542341625,4.2192835240449984
3.66920323639,5.5933743079995031
3.81583897799,5.832471755750575
3.50194331795,5.4692819943980817
2.89476848588,4.5694976371940355
3.45198923044,5.2823217750095335
3.30308187636,5.1783391351677857
2.82028044318,4.4060916697309409
3.39777205295,5.2500950991433433
3.68582812545,5.7283991569984662
2.77843872853,4.3692385382770338
3.462727764,5.3353559197198157
3.49167289576,5.4428402842101278
3.48508408329,5.4130872785644479
3.02324173826,4.713515363024988
3.46786521199,5.3006039938170098
3.51995429871,5.4356769376506993
3.22815632482,5.0448442881386821
2.6107752151,4.1520039493016228
2.84864827552,4.4754827098865988
2.95293708434,4.6184959453933248
3.60296774802,5.539220463262299
3.5975593362,5.6325304179780105
3.10140925728,4.8119393089097713
3.00930096614,4.6242705048890063
3.69853877632,5.5366784157999547
3.35886350493,5.1725806475928664
3.33328776212,5.2154942601051015
3.84275202442,5.9262905221444333
3.23881093351,5.0919105287975723
2.62327903861,4.0635898541572137
3.78660905188,5.8558323147094145
2.94921574722,4.6017650427618335
3.44252409257,5.2325901211301398
3.38221225536,5.1922414931228094
3.49461127903,5.4760483799351602
2.97567621736,4.6563104577113901
2.75333985693,4.3175601004169497
3.43066804032,5.2799852478770388
2.75742105974,4.3173706847616424
3.57023542847,5.5324425953910703
2.82501500847,4.4381528741451595
2.86425668027,4.4299960427806626
3.14235517137,4.9199734393558661
3.26514449821,5.0785227268978099
3.54095487196,5.4112778563846859
3.15323357205,4.8817265411634434
3.36237458264,5.1550779995229696
3.27964954749,5.0074954547939381
2.9251651828,4.5315479882521865
3.56642043659,5.4844468829178243
3.19084544416,4.9242982240726683
2.7472592242,4.3597286893900611
2.79584788042,4.3986657257036867
3.53754107513,5.4864898123489008
2.65755638348,4.1610529663872597
3.90691769584,5.9467359291064161
3.10703956184,4.8426383427718793
2.5397988771,3.9747999058850647
3.47399875644,5.2889882080262298
2.71730553496,4.2057567209540263
3.56737006439,5.6513090429368251
3.25166096213,5.1173373947279694
3.61968080797,5.628204661227155
2.79332631815,4.354884001484848
2.78528864512,4.4110131316645012
3.84731895279,5.8162266401733387
3.70219756715,5.7249019715040079
3.64231429197,5.6071088354999432
2.99302375573,4.6951896230919017
2.93395011198,4.5732029334021007
3.83012771018,5.8961000346676515
3.40072447117,5.2631926971071161
2.96810926483,4.5465125850052512
3.25238027024,5.0720297849774418
2.63837986342,4.1184940508150234
3.83636502938,5.8342441769108291
3.06794911779,4.7927609129244528
2.65472907281,4.0570933312164215
2.93809880708,4.5629883857489775
3.82164265846,5.8454104100402864
3.36222491409,5.1704848411942042
2.82047466957,4.3582050688549918
2.99726739801,4.72605974761799
2.81211260716,4.3790318986381624
3.24933665362,5.0653557833257148
2.67013228772,4.1876057918065612
3.61535935133,5.5831134014029837
3.64147545317,5.5601880576022467
3.19563467212,4.9632868988411438
2.6473420009,4.2124549660105783
3.89651087357,5.9027210500045388
3.89192008251,6.030834401315885
3.28271245637,5.0767647636673354
3.39604253624,5.3012486070015212
3.60433487558,5.5093151916108836
2.78883124042,4.3209683704903536
3.10865620342,4.860671251569852
3.18217718079,4.9403503360097796
2.61747852629,4.216744956112052
3.17124600238,4.9045658981050551
3.49586832713,5.3822353772831066
2.56429983711,4.0391947096614436
2.72606707388,4.2289921890009108
3.73499869318,5.7366300200219582
3.86315803154,5.878477780361866
3.1458625539,4.9252573596682012
3.22460476341,4.9896157103831351
3.77502662773,5.7421846470564804
3.55627568073,5.5746778885326211
3.39370012096,5.2171979586066328
2.53962356355,3.9684791957325189
3.68893280417,5.6672229233976648
3.75859649122,5.806397961459643
3.26935367458,5.0405508480497527
2.61968311819,4.1718073589277731
3.58820303,5.5603054858498613
3.89731510893,5.9609141306438662
3.25705386051,5.0000837554463002
3.78410236396,5.8866801605450485
3.18484233595,4.9469413839792749
3.44911482898,5.2388031751708048
3.53739280582,5.4659676491232458
2.84977252855,4.4685083607552389
3.11125847756,4.8146447981751734
3.05813106077,4.7916767134021816
3.77288743996,5.8108928674443181
3.10642263009,4.795503345003751
2.53760696324,3.9775222096827085
3.66853120844,5.5864789582902832
3.80599948597,5.905086943589164
2.70114463432,4.2804583884350276
3.51161091304,5.4132123459062989
2.53585464595,3.9939509960111588
2.8153627959,4.4191751595206936
3.80404695387,5.8520940134949928
3.40015835298,5.2446716191415392
3.54159487041,5.4305368224519297
3.8008500245,5.8196788761167006
3.07003619241,4.8367724634666818
3.19595229019,4.9660680163229571
2.67897902182,4.2250634228541246
3.70394586822,5.6146857737013187
3.68446617884,5.6452467728750797
3.41571687907,5.2574846258612755
2.65075161909,4.1471903894341571
3.23986073213,5.058434505335315
2.61242425823,4.1439278237897703
3.15912572545,4.7841216389174814
3.85503227567,5.9071372964851676
3.29122611135,5.1336804089275265
2.74922582441,4.2596456060356784
2.90097880624,4.5098122404257968
2.59047025687,4.1145354516454473
3.61386767596,5.5977953733388768
2.61347999282,4.1109931286981514
3.71398691276,5.6611772081966079
2.65689295582,4.1857949207618104
3.5456574283,5.5916606432388898
3.45236402318,5.3518815286979331
3.84520640061,5.9863866677496107
3.62683165786,5.6405868914025463
3.89599327877,5.945943720479919
3.69353580257,5.6743186681414963
2.85656739722,4.4083290784276308
3.01842747715,4.7241457564764575
3.07918951949,4.8488358988301297
3.35074371106,5.1986343417546435
3.33339153136,5.1133079679020152
2.78498467759,4.3983614617937752
3.27667921175,5.1108447891472428
3.0398746413,4.7707929435095116
2.94946761046,4.6710197990373912
3.80038274116,5.8606055108726958
3.38126793118,5.2208418230912086
3.8907285857,5.9515658803039955
2.85532995362,4.5716824838034595
2.66784287154,4.2320765109801064
3.53670326651,5.5012606935718313
2.60963065192,4.1050613222122863
3.15093679736,4.8423663124395615
2.57854290068,4.1001644790927845
3.19655371149,4.9039113588780952
2.60790676957,4.1508837620029917
3.07840520933,4.7690577081832481
2.64245471503,4.1451396465195973
3.28180301714,5.0163116987377414
3.00503056267,4.6855946683209684
3.55219711867,5.4011564582660858
3.75343083183,5.8124144145102132
3.4910195901,5.4103674764658729
2.85926264455,4.4563016355698783
3.30738697505,5.2146979599099614
3.12732234986,4.9206774057158116
2.60492270026,4.0701607548073557
2.84744079906,4.4425750111883424
2.89660768433,4.4756376272735432
3.89413713431,6.0033610262934749
2.55622163025,4.0386956474064704
3.79484283605,5.8379577673436804
2.78568347834,4.3712794271461837
3.80648338399,5.7795173285961097
2.77391051648,4.3658418470944129
3.14925340147,4.9842825735185823
3.81267585449,5.9691757058865242
3.15589770265,4.9107951197539164
3.20206097013,4.9646992481773244
3.81326639536,6.0305360350372519
3.35227477784,5.2370061201460407
2.71569999749,4.2222292014322971
2.74293016356,4.3300990320021455
2.72711207503,4.2803844175744317
3.34886885095,5.1171532105703088
3.50137013453,5.4547768984374478
3.61869951255,5.5667546142330906
2.90993705537,4.6035850711083937
3.85296483524,5.8921322834175802
3.44187399501,5.2509981591718997
3.48191793658,5.341683804504429
3.37458206584,5.2331295890265412
2.89661487663,4.495297747419535
3.72520239751,5.7987511174780098
3.04610046659,4.7936277315708642
2.61027476059,4.1392383782263318
2.65114810511,4.1710109126954285
2.9939236758,4.6182215013757375
2.775190443,4.3951961541675706
2.80828887776,4.3167207776520566
2.93403032872,4.607526205627658
3.66876603265,5.6014114946734095
3.22018399149,5.0054409749679669
3.4575319177,5.2769897825125245
2.55651664952,4.0337248904346232
3.1537881045,4.8879485732366978
3.76027577506,5.7296558078073501
3.61943366133,5.5792958665436911
3.53457255181,5.3566643722364651
3.62089470305,5.6542316965477335
3.12422838206,4.9042601077416359
3.72632569497,5.6483460255076015
3.45889775309,5.3555257172045039
3.61341801873,5.5641418466846835
2.99953027881,4.6985481119420704
2.87400310506,4.4723596754976302
3.00683630168,4.8190475509496942
2.84201784049,4.4543904286043441
3.23896081393,5.11877060979202
2.76959923134,4.3506459602644973
3.85694790247,5.9591347061976681
3.26548047623,5.0820325705240474
3.54967618899,5.5039413122313183
2.90527053086,4.5108720251389283
3.35656131681,5.1452672537006974
3.10888168451,4.8942462880803292
3.22062813038,5.1029898926987434
3.73909251762,5.8356090647381702
3.8293378987,5.9128714288456505
2.94595295295,4.48545540123256
2.93538309028,4.5642804979268643
3.88083717862,5.9763506826734707
2.99477056112,4.7332293755401684
3.00242256649,4.6762277107573906
3.25534382326,5.1046318103341726
2.91305587888,4.55697269245581
2.84662205191,4.4510085576546965
3.81571457429,5.7916871837823667
2.5396966139,4.0528038374642428
2.54176787918,3.9514074749361967
3.88780343101,5.9267863812315644
2.93423358156,4.5407618190060326
2.97996129107,4.6284265797693322
3.7038497656,5.6748833446793752
2.53219440324,4.0447132914936308
3.37236650789,5.217848940432134
2.7054745659,4.2385216993967143
3.46657708372,5.3894555145865013
2.87063818607,4.488805498310497
2.55556544761,3.9781434683883408
2.88411660868,4.5516644569668214
2.70619452714,4.3384362735476909
3.48721326834,5.4111517961180304
3.0084169322,4.6931812726965374
2.58003477713,4.1686439157721944
3.12346156466,4.8867975827165147
3.7303313812,5.7409180425774631
3.56736153877,5.393458405599878
3.16366413108,4.8994274828758373
2.71330375144,4.2923170627181602
2.99620618123,4.6271945660355982
3.65905872632,5.7764213055319082
3.44425133916,5.3424495314807032
3.35410729449,5.1731354649805814
3.74159185933,5.7302682700068566
2.72763017801,4.2320998055283097
3.49580284506,5.3549254413006473
3.3556817652,5.1992367605529415
2.64379547918,4.1958494049880981
2.59747810037,4.1779072040969858
2.70804551782,4.2595191652162976
2.8281274546,4.4642573189547043
3.25281787913,4.983541815198838
3.45847245146,5.4041222015814734
3.27278387162,5.1138273603732944
3.88520693159,6.0457013722198427
3.08371893625,4.8268890783344602
3.90224135673,5.9332054042233171
3.23910201119,4.9813462801528265
3.6608501794,5.6578679216375898
3.30939086272,5.2304297553910146
3.32972600643,5.1634419137558076
3.82566448055,5.8719353467721831
3.4239685465,5.2539109724220605
3.85416640888,5.9408881026326723
3.55279455019,5.435025987070909
3.8841081127,5.8474951359616734
3.60854396521,5.554437726901754
3.00082652565,4.7103496168271155
2.92443932869,4.5554939430265167
3.16594513577,5.0118520852781572
3.30115103863,5.1321360940329335
3.03252392581,4.7014196973730451
2.6141376694,4.1706495772993426
2.83895320222,4.4820804729458033
3.60945854627,5.5797261373398568
3.31247344604,5.1290332544739465
3.86970368336,5.8963742619261543
3.37496925649,5.2484256552497603
2.95240847687,4.5771355619777703
3.56126113577,5.4293191313222069
3.16395882041,4.9361137852497414
3.65129901334,5.6504674928029797
3.65922855949,5.6519578645003268
2.66679309328,4.2027247538059944
2.58048231375,4.0999749229661226
3.66954032436,5.630358510932238
3.111080276,4.8299295401481057
2.59635605584,4.1365125147305006
2.80506572687,4.4825077014365204
3.29665410144,5.1412196096401539
2.57277791288,4.1247645709532206
3.8734285897,6.0052693629694183
3.70628540503,5.8216724129965218
2.80266219579,4.3160621564464678
3.27677051601,5.1306508458447766
3.70297383315,5.7862791551810098
2.84380107369,4.4700679281192359
2.89642364369,4.5494317166016076
2.99217534579,4.6226271987705845
2.95894134411,4.5645095608449289
2.64436607644,4.1697621960602689
3.83359250306,5.9836543139031813
2.61650389824,4.0313782653483985
3.48760010542,5.3570515848218232
3.76677474263,5.8087268815619142
3.63553295266,5.584398645520162
3.36467146752,5.1116427675076359
2.89433571944,4.5304987834810051
3.16404002822,4.8387933403983867
2.95898448453,4.6120231124331417
3.33412615375,5.1492941400720191
3.36069346217,5.2400895701580392
3.17549504201,4.9975773533336971
3.05294815774,4.7745897717358048
3.11428473811,4.8725340639714991
2.73641953405,4.279432664176924
3.25083586839,5.0042380987940778
2.56215998306,4.0804940487690473
3.09462797593,4.8314177057859435
3.56602714744,5.4275704714100943
2.74683309719,4.3613850028838659
3.82448394559,5.8984749333135023
3.21403426483,4.9910255692313159
3.79659035594,5.8544671136978872
3.28760854807,5.09384182428869
3.12954344239,4.8591123165345484
2.57598775745,4.0842470468574241
3.76662601723,5.8297948425862662
3.80338001875,5.8560602585081254
3.35701943485,5.1480086602456536
2.74809528137,4.3477205091537989
3.65589914778,5.6021769811869673
2.82151317487,4.4557682838161821
2.65058,4.1006594606487798
3.45342480332,5.3178521202183173
3.44628043892,5.3023470371541421
3.01342873762,4.6902582878978878
3.50948596503,5.3690545077595724
3.4602993621,5.2833802449406937
3.48400633753,5.3460663667410833
3.67142984945,5.6792197639572377
2.56007533159,4.1211854354431345
2.67334176888,4.1511329183580568
3.86670760397,5.9192629394085721
2.71868365826,4.2077590328923868
3.38330744523,5.2320995835792887
2.6084859842,4.0347589130985275
3.3091768911,5.1630530554188514
3.81627329664,5.9088413541316447
2.84820587523,4.4161354200208596
3.39081700305,5.237514150448014
2.57173823157,4.0118239243602378
2.68548680095,4.2759729434301477
3.23211120778,5.022529140492737
3.84123119916,5.9591467084027929
3.3231175815,5.2059570455226583
2.85860265057,4.4986798002932025
3.50766721613,5.5002460620042974
3.71474678758,5.7711786564741363
2.99286751349,4.6890412554934287
3.41294520898,5.3864012765035838
2.85369663973,4.4130201946113896
3.89064356453,5.9392568996217543
2.88830634266,4.4664026323121346
3.28550560219,5.108861135533977
2.79484983947,4.3256430518867877
3.00428913026,4.6163233943511139
3.645222597,5.5503006902073819
3.51417010894,5.4177101563850716
3.85482389078,5.9388862301420176
3.45592950743,5.4043327210751819
3.13714869959,4.9036539230709675
3.01566154116,4.7369311618414436
3.00001053351,4.5995613097149297
3.61819846228,5.6569902774187373
2.78087973696,4.3439043423178934
3.04739946681,4.7175691138970004
3.02313684518,4.7068443866614293
3.063014831,4.90214065191691
3.1595052453,4.83054516686793
3.0744088219,4.8438222248133291
2.5983693958,4.1035844237165762
2.79060863368,4.3736475239133394
3.03063601979,4.7291964342079824
2.70671046678,4.2336268197336198
2.92296640992,4.5084646611886745
3.54398523791,5.3810111820437232
3.16278003623,5.0102820657520404
3.29721384758,5.1333129917357265
2.80297337995,4.3418732433650806
2.71227644014,4.2184710687990394
3.0566737599,4.7687345404766344
3.15842421871,4.9566687793654713
3.02380946255,4.7577393812024864
3.86982430329,5.9623881109987353
3.60091606182,5.5474226813346368
3.06911712242,4.803446376260708
3.05989128872,4.6912739965853367
2.70562148152,4.2250070496981884
3.58275402463,5.4869141345822454
2.53000494662,3.9960538150334721
3.76342827077,5.8732824617662409
3.00497441879,4.7076437307625234
3.83903043999,5.8586377440850503
3.24705107529,4.9557513855087896
2.8491454253,4.4719558217733102
2.93168688218,4.5542654415567494
2.68514356627,4.2433313913374429
3.69160818658,5.757165843800796
3.60360534198,5.52989706438846
3.71731973502,5.7328998039458225
3.77125042341,5.8108218011845008
3.8002125121,5.7689902753527216
2.90940828861,4.557968724622059
3.08691340559,4.7921759977600367
3.83970215945,5.8416317141290337
3.14284073685,4.9271500664604382
2.81173718369,4.3523374093403344
3.66794879512,5.7280046170121786
3.48179889224,5.4305569087408099
3.74357683099,5.8093270428970927
3.50914045938,5.4509674929419347
3.76801994886,5.8497107231716363
2.89745637525,4.6103877814283942
3.47971867765,5.3626548735503494
3.0433038563,4.7677954048636488
2.71329543393,4.2796063667560604
3.44504733084,5.3748826661204143
2.69932668697,4.2646044018552436
3.89067928065,5.9225823987314588
3.55391864679,5.5967134462913508
3.66343376832,5.6885351691805637
2.64515347003,4.1372640070445783
3.39669884471,5.2601200234857686
3.08151280935,4.7432500357785337
3.58644618604,5.6676557985368152
2.85127449744,4.3737355706666916
2.67176444256,4.1876182046909056
3.10190552444,4.8459729003331082
2.86961552581,4.4954913086633441
2.54105981706,3.9831229158435253
3.28955571795,5.1888377836082364
3.62362515967,5.6040195539135818
3.79505072018,5.750435074678089
3.14336383624,4.8641435190520452
3.62680656868,5.5788495364071293
3.37125675131,5.0769264766785067
3.62669840503,5.6263413177487118
3.63709869857,5.6733245651501916
3.72687811303,5.7241468394987844
3.34597431362,5.1353708325423169
2.5820974384,4.0745896805648734
3.09508265501,4.7914912581624751
3.34082505513,5.231047519071228
3.59142200444,5.4642321731023218
3.3933782047,5.2331122010738591
3.0663924216,4.717812803536817
2.66405239651,4.1535670924504355
2.78076247519,4.4740753783570195
3.56112788208,5.4605461478868902
3.51592535381,5.4797533878791755
3.89060272138,6.0570400067509889
3.18662245328,4.8872068606323458
2.62347785519,4.1528720880797216
3.82111819562,5.9050451496467877
3.3349214778,5.280125326704006
3.87777430236,5.909849772549812
3.82079468716,5.8335871160462247
3.74714647031,5.8411933188304799
3.04927162748,4.7581185060665465
3.31276982978,5.190647996774528
3.58252977673,5.4586860423379973
3.13721095849,4.8308285217779394
3.68422596201,5.6620739632892612
3.89709377978,5.9767190518425606
3.40874754286,5.3284395997125094
2.89346493452,4.5140200647851199
2.93052964023,4.5563552801086979
3.81358448271,5.8651414050602444
3.23705962851,5.0058847284226795
3.88558751446,5.9591863446744409
3.22781928859,4.9790679800040998
3.58779676995,5.5713718804881562
3.73657704926,5.6973722395382698
3.72587683072,5.8139029736241508
3.05787316008,4.7063916467390525
3.38047668918,5.19122864304933
3.61763872648,5.4833663635106813
2.87775143058,4.4445774796515067
3.48056145132,5.3906996851539466
3.49380507686,5.4563503540930354
2.58737072877,4.0663534655968609
3.01166048412,4.729835785379966
3.87090839584,5.9451067141703993
3.05843999985,4.8440147489172247
2.54255311806,4.0608388747224593
3.81362003124,5.7965256905070186
3.15073589756,4.9354121668552562
3.24520926689,5.0164317648844206
3.23940795297,5.0743887336693048
3.63233597957,5.5550453864066096
3.17571645954,4.9152831857260928
3.18250828892,4.9557677105273958
3.28490990924,5.1615303339730714
3.55325230729,5.5023950497593983
3.57687767083,5.5004775422811898
2.84795423711,4.4661034880923305
3.85319841947,5.948396999880436
3.36312403346,5.020196762473911
2.9682435925,4.6690905348791558
2.79109757806,4.4281849667094972
3.5121862106,5.3130375166670776
3.66795444015,5.6344193101228752
3.31950401752,5.1381276088501098
3.03923411336,4.6562467077224836
3.00926964704,4.6928110593893324
3.62572038138,5.5898909633791991
3.85598677752,5.9231692409901919
2.93689858792,4.6096157622088221
2.93063556049,4.5521746212586738
3.0681085524,4.7215973209235882
2.52611629096,4.0126544359664491
2.95341755188,4.6277536349118886
3.29569216839,5.1344520727818237
3.45810290722,5.4070603757563669
3.75062802044,5.8090921368236614
3.54637538139,5.4577774604392877
3.54698950253,5.550804478170579
3.65996131098,5.6275515749391385
3.54928700657,5.492078055799186
3.46100372667,5.3341978090078905
3.42569726546,5.3287515270145134
2.87559749368,4.4828575540306614
3.38204621365,5.2240069949575449
2.69480386208,4.2434408914541475
2.60820608745,4.0569149130542348
3.42193934943,5.3673371874158118
3.17918482498,5.0364602095543969
3.06318250007,4.7585935881850423
3.17677933996,4.9511143521899683
2.66000284502,4.1166007404581606
2.63317911118,4.1518626009055009
3.10586541844,4.8021934535589352
3.62344060945,5.5882358519695545
3.2644070495,4.9944788782200353
2.59110785403,4.0738552094536553
3.17619748156,4.8594010552411753
2.86852231671,4.5091162682986843
3.13461354071,4.9274088057886205
3.02099928319,4.6890395252049855
3.40408322788,5.2350244854403458
3.47911908148,5.2855414887754115
3.59639907396,5.5594756347930456
3.65783580594,5.5606646938346609
3.83656745043,5.9013187564017544
3.6067469239,5.5558679143527057
3.31548553027,5.0901039937237043
3.53020162384,5.4251236482801595
2.8810864218,4.614143941450024
3.15760185941,4.8375169172982337
2.9637044989,4.6568827674875539
2.6874066874,4.1796529557097912
3.02180385284,4.7757456996200496
2.86227938026,4.5079161650564421
3.81839198391,5.9433511143563278
2.93415093536,4.613715972408472
2.73978223282,4.2790889727825867
2.87508182537,4.5349486986331558
2.76376408357,4.3364320610489013
3.05323587032,4.6828960644164219
3.83845454696,5.9117197368941286
3.04717436563,4.7229725990016753
3.16589377952,4.8828806395418525
2.59003568811,4.1329112052425518
2.65314550589,4.1117976038270898
2.99210679843,4.7358402948537544
3.20165910343,4.9813877051694915
3.33530983111,5.1636544150062562
3.52103393114,5.4518501275018192
3.31515589129,5.2231738506263108
2.60842757584,4.1529022606945603
3.57447768973,5.4105016166282054
3.35855220795,5.1585215126594175
2.73369499503,4.2664203803579568
3.6463703449,5.6451873769694911
3.73478635313,5.7963680974975986
2.63039695862,4.140445718587844
2.7065765052,4.2558643675134702
3.12971249854,4.9485320985805794
3.14076022575,4.8428386828055991
2.53831361345,4.0543110782932104
2.56479896751,4.0233417978793691
3.08411736549,4.8160592001480964
2.73837301695,4.3218913491430957
2.83556376084,4.5178402271636431
2.88990495377,4.5980909534871062
2.71229816514,4.2801374738711653
2.97286893204,4.6119174494997548
3.02490704033,4.722575993534365
3.07806349148,4.7997034076372334
3.34455250589,5.1119783783616901
2.6465386392,4.2203210595200726
3.39938811571,5.271538723412359
2.54895316627,3.9736574192183007
2.72348420205,4.2815734264688707
2.84129555474,4.5078997556412768
3.6108307531,5.4894396852173646
2.74998817677,4.3157134608457524
3.76790355135,5.8376968545408001
2.59919754485,4.0612779135352763
2.7697471124,4.3924453607624372
3.6619184208,5.5368350521122824
3.80926410902,5.8729609354839143
3.40170206487,5.2800834052431576
3.3875132357,5.2865197941785969
3.71258542956,5.6454938991993853
3.72664880833,5.703713517167313
3.55364051702,5.5283638889572675
2.62918908244,4.1503858586654614
2.729995624,4.2281531990875481
2.56314096973,4.0042386476120244
3.47026043654,5.2741032492778048
3.36976159014,5.2333352017938548
3.00581088382,4.6830830893133699
3.37348903211,5.2701014680869083
2.99829638284,4.7070332520470588
3.33763313419,5.1853629297642128
3.25284933973,5.066186300602932
3.00178452894,4.6487045385921517
3.89582879402,6.002076967965098
2.81650057984,4.4284485886261304
3.43565279568,5.3458009907154764
2.99276838221,4.6429062572155422
2.9371178541,4.6330944327912666
3.04165784865,4.6669650589919103
3.30326835897,5.1242589856605107
3.12019192154,4.8438850785312209
3.41734504008,5.2261214917908152
3.00880218772,4.6967193905540956
3.81699539694,5.9361679199551425
2.90286368786,4.5402536411961583
2.80331703826,4.3376544631830436
3.48604700432,5.3992860733848893
3.59762090172,5.5716707316081235
2.53299366448,4.023739161157966
3.10396748982,4.8247736724869128
3.0287555278,4.7262236146585961
2.56204653068,4.0555640846241552
3.47570713076,5.3550839127196177
2.7204928455,4.2645715656020267
2.64288140607,4.1794966358038739
3.76860864669,5.725702928891768
3.89931912754,5.9070905498083857
3.37295235564,5.2513483712798426
2.59924615937,4.1381666944779179
2.85653958365,4.4558892073827572
2.59570783732,4.0956019027917199
3.09887681735,4.8032425951468225
2.96627726287,4.5896566477041869
2.60196423033,4.0817640126743298
3.30027912088,5.0836564706376945
3.1148329582,4.9009640846401989
3.41059814043,5.2564892460736035
3.40347422816,5.2124787204968559
2.94138675429,4.5610287364644329
3.17068909719,4.9518350334391235
2.87314398812,4.3793232593804889
3.81755764684,5.8924432657951904
3.56492898134,5.5146454905196123
3.68748164569,5.6343015460845134
3.40228280045,5.3019001530701129
3.71394402396,5.7175820596693958
3.40706648296,5.2506081286472979
2.75817893129,4.2884898065448942
3.78929269672,5.8227271275848818
2.65545574082,4.1543635109632282
3.36502309333,5.0515163923535482
2.70326194514,4.3301269293378351
3.88675518022,6.0758305399648398
3.08426279447,4.7293033720698796
2.92836272656,4.5488690334751318
3.03872255773,4.7317696963198976
2.99978989378,4.607535291027812
3.30102613699,5.1220450584746775
3.74152190911,5.8038534646791646
3.04388904847,4.730734540470622
3.29672942073,5.1036601640937382
3.32808619282,5.1228542544265148
3.80409995351,5.89969127985285
3.37393497535,5.1795775845697127
2.74705482141,4.2910353548954374
2.80932543657,4.3830414656691659
2.70656695556,4.2737301668712382
3.27748161894,5.057022358367365
3.54485112724,5.5588378365024491
2.67043410511,4.2295114673356586
3.660861112,5.643478973117638
2.71491214499,4.2067938805759093
2.56519321124,4.0665178649661025
3.74319815072,5.7511014444500104
3.63921567751,5.6127659465198496
2.74724572498,4.3277933646394606
3.07609605434,4.7866741316218153
3.57807525199,5.4620555577328833
2.69175133448,4.2523990274074066
3.10487948921,4.8162233414561246
3.61074935519,5.613111690062663
3.87418632874,5.8869248044561173
3.78857137434,5.9063082449253921
3.57637178164,5.4814536388349211
3.72398630273,5.7418888520360474
3.47971689144,5.4039879349670192
3.26622940772,5.0005698773309932
2.81895146757,4.3831224886019138
3.09352280106,4.8773146067492155
2.87887161454,4.483605377965163
2.69664663601,4.3289111427692379
2.91990193484,4.4885540155241532
2.9367515457,4.5786261983740486
3.01094054217,4.6938656839170187
3.56900684691,5.5507286322617642
3.80097003128,5.9249419392422293
3.34880261125,5.0247719038012093
2.97452278391,4.6621185510914103
2.67608902094,4.1920358764179264
3.23875227161,5.0197277051759226
3.26987573,5.0281164164614385
3.2783927969,4.9970298435276534
2.89663916453,4.5526069005854195
2.52848770797,3.9272848770923092
3.58735704465,5.4756893541891216
3.33844956501,5.1015288833272701
3.39554266285,5.2413534674427726
2.58243088959,4.1230761580405302
2.66232052156,4.2338902221347539
3.52882868354,5.5116501711828594
3.34310112973,5.1320971158386115
2.79138045822,4.416545550718423
3.27925201296,5.1369042486430789
3.19634377127,5.0181102262229604
3.4322621787,5.3324464458224172
3.11628621021,4.8189482165921156
2.74666304298,4.3211598453373519
3.73861474102,5.7664408666413918
3.33428851378,5.1395895762063546
3.34426823462,5.1472156482329865
3.79417894992,5.7727042240243334
3.58966131649,5.5520889952965611
3.01537311835,4.7922935141222087
2.59607064019,4.0227678753333684
3.54909204026,5.4786788973680904
3.58316114439,5.5177204578116932
3.82281746329,5.8315712490835647
2.8804175928,4.5003983323815788
3.02058433237,4.714200817510168
2.87220127614,4.476025108856768
3.12330000527,4.882739749255145
3.21467386829,5.0404385889517034
3.49155491436,5.4073514643529688
2.64691037489,4.2030473553697574
3.18709311177,4.9606864427861641
2.63029772322,4.0779348259355341
3.23859894897,5.0606389798328753
3.6245480177,5.5418981815059727
3.05943639584,4.7397606321884753
3.09227702177,4.7889214646743987
3.8289074988,5.946436671267584
3.30013714691,5.1031207362648958
3.52882408264,5.5000049635460764
3.03143424558,4.6845177442265857
2.93450885757,4.5477696087022403
3.29788103073,5.1298205089387263
3.24604820459,5.0608118751918614
3.38594237036,5.2427865594819432
3.76961795693,5.8905823317567894
3.38831865376,5.2456643463766834
3.15184971445,4.9140336114088026
2.74686575462,4.3090641530688973
3.71745521145,5.7269682323152926
3.54423494274,5.5151469853585802
3.53849527201,5.423346680383947
3.23158136757,5.0342772475753508
2.91982768775,4.5618206386221809
3.48362746296,5.487906609472442
3.3926876683,5.2367888971333993
3.04479075809,4.7043025979630295
2.6786299244,4.1780325135097449
3.48166272436,5.4469096773764818
3.03852177353,4.7200944518483761
2.78475193844,4.3889136403725653
3.25583107984,5.0273932864692732
2.84917612475,4.4506146165336027
2.82148307798,4.3398965728204777
3.18199989364,4.9315804785467625
3.18875018669,4.9937437284597337
3.35385518085,5.1985841839158518
3.4896676434,5.3611463683100036
2.91186447126,4.468355486732599
3.19134765896,5.0044442751660068
3.34155811767,5.1021616258574651
2.60891622105,4.160397962986826
3.86505826329,5.8839418370087841
3.13585901023,4.7839280003566653
2.88327702799,4.4801296312760917
3.57779452692,5.5829245964535401
2.59864427712,4.0954752206515943
2.95343701517,4.627256402236271
2.92290350211,4.6381070852783433
2.97533726811,4.6826899135392752
2.66199509469,4.1789084881551322
3.37314684952,5.1360828714216709
3.1046097452,4.8044493560030057
3.88527224849,5.9392641456042936
2.71770023036,4.3348882253172798
3.76096833246,5.7399141659522623
2.52938062395,4.0364784617252809
3.70364337294,5.7491550625083923
3.47340722181,5.385814311532533
3.62695999055,5.5734517186961243
3.61869284877,5.4586478876481452
2.73252462693,4.2850025199704627
3.4659518773,5.3710351009921169
2.94632613117,4.6696398475424905
2.71570611567,4.24781932233034
3.67420219539,5.6330418047223834
3.68268518792,5.7640379004125171
3.86319415483,6.0304556482393412
3.33359081862,5.1998158535193246
3.85799272488,6.0061495621999059
3.44619772075,5.2756053805397176
2.86646011438,4.4736427761371376
3.89108542466,5.9355281064709704
3.21704160437,5.042487858616604
3.88435831865,6.0251032716499351
3.38028712953,5.3306124553141201
3.6067496534,5.4902018290863861
2.56836949205,4.0583480908653211
2.54298826454,3.9841278478263913
3.2401531042,5.0361752407911409
2.95894360728,4.6528954629850281
2.76186461197,4.3827009965231207
3.28175936936,5.0259197982442902
3.78124812649,5.8365260590642487
2.95569702687,4.6964968568029253
3.33876849509,5.1906983445588804
2.62017613676,4.1440193443694691
3.06614987997,4.768520671404576
3.86007216354,5.998673560496302
3.20086282086,5.0032486367834528
2.76149180837,4.3174667734543934
3.06015178783,4.866995300239001
2.91445200655,4.6007546132553827
3.40126509527,5.2381118516208911
3.53988944563,5.5323301512351009
2.99049827436,4.6043626165165108
3.01656606155,4.692498676702912
3.77644920172,5.8530540617864908
3.43922454408,5.4252447071468168
2.80000543209,4.458673515737372
2.61580557166,4.1196165204336452
3.70148450958,5.7127017760002516
3.49890627404,5.3867720287413308
2.87721192594,4.4625420806759273
2.54692523136,4.0317275497246907
3.2600524823,5.0431860301291787
3.59885248506,5.5820390338230679
3.53819679816,5.5208412290551934
3.21241905456,4.9548449154825445
3.45209558701,5.3508310162622541
3.67634280788,5.7601737306593348
3.46419520044,5.3312543530059919
3.19517188339,5.0197818575886481
2.89297481179,4.5620983229294572
3.90297990582,5.9995009389322762
2.56683791873,4.1046947132533971
3.87955752321,5.9062162009364148
2.61024308441,4.1025139546305356
2.5530686116,4.0364282346099971
2.88035998847,4.5564553606024019
3.11305565091,4.8402708535939354
3.76483073815,5.7671791118874323
2.88351754152,4.4044409099154933
3.39707023751,5.2501326087342672
3.83533318488,5.9050000487590237
3.71217494834,5.8212257666990412
2.55530055635,4.0590977494048115
2.88333302788,4.5559911007244649
3.15773955374,4.9345583545588729
3.24678354277,5.072232802015157
2.9758800228,4.6127803462000649
3.88140108376,5.9159142716816548
3.14907509552,4.8518171615178751
2.6860613599,4.2127775382668684
2.79736482542,4.4497939122638854
3.33036495494,5.0899522962535739
3.43343580559,5.3224311368062125
2.73499723239,4.3239000672013859
2.65279346393,4.127540995723666
3.54540725392,5.4950308450770731
2.82675493778,4.4285303398124407
3.70414970075,5.7721774158031698
3.20760874149,5.0315042789708908
3.73083774006,5.6933012893344559
3.34642149336,5.2388065443697149
3.37474699237,5.2079224437941329
3.77783486695,5.8020095195125565
3.7302111218,5.7027407750975634
3.10278107025,4.8094500839524121
2.77146799513,4.3054511892377993
2.70447796603,4.2630439809355183
3.28815856295,5.1293325455849406
2.82811678054,4.4092363870810294
3.80254463114,5.8183977318561073
3.10244686298,4.8178728385705938
2.53489831346,3.9948163392923703
2.93654767923,4.6616653850726735
2.70259018879,4.3336374499316568
2.7545608083,4.3019321279569516
3.61232628765,5.6011896365524558
3.16535526629,4.9047027743677214
3.77361016282,5.8729484904291587
3.70413692556,5.7089515196144243
3.1258224217,4.9103435130760582
2.68269405004,4.2181069353249043
3.30584782844,5.0658093052536737
3.63369179243,5.653023331864226
3.47341923863,5.4232372431388871
3.77669311057,5.7194725610854062
2.59200650007,4.1374989688568258
3.29157889986,5.0969100226674007
3.78510172449,5.7760248647724852
3.32743647437,5.0712789119580997
3.16399066621,4.9600829232563841
3.19315479129,4.9837830231315916
2.78438004256,4.319875515023897
3.06715283063,4.8835739765302852
2.68423781855,4.2221105875819527
2.88629816469,4.5132192237779112
3.21691771909,5.0535667335685828
2.72598743207,4.2571617506949879
3.61370555133,5.5356635406624317
3.41901972411,5.3175075469251132
3.79855586595,5.8671951290874187
3.73918688132,5.726466230535908
3.72855481408,5.7954523614278664
2.55531723633,4.0506217730000555
3.76268317919,5.875581662600041
3.34675231012,5.1151475038027954
3.1785782921,4.9271484765426523
3.63292349103,5.5410125765278888
2.60216208465,4.1072985507540798
2.80124577826,4.3609841264904299
3.8568546121,5.9502967908462567
3.28116252568,5.1071791027868674
3.08998079402,4.8028356422744274
3.82849048023,5.9197843671577655
3.78532266925,5.7876088314891918
3.66801762148,5.6255226359078554
2.5670814059,4.1087041357996785
3.10480716784,4.8951502561535056
3.35087655274,5.1645251604701823
3.28439885582,5.1054869897684396
2.6390608478,4.2549636895713343
3.80707429075,5.7919470580280548
2.95636461902,4.6156160797010521
2.76563876976,4.3687436067378078
3.45535887351,5.3662624307740856
2.78552622823,4.4706668890640691
2.60409843353,4.0665933285539415
2.55524022566,4.0753768009378231
2.86469581428,4.5185677685616934
3.59410247474,5.5338032233448988
2.97964382185,4.4985405149571829
3.39802175235,5.2672768594959534
2.8990875157,4.4997091508395641
3.43523168028,5.2853709761360994
3.75814338889,5.7476524085669745
3.90114480439,5.9845196642319349
3.04473767074,4.6110169315189857
3.50560118082,5.4145694629407277
3.43712692356,5.3617334094976323
3.26477398827,5.1431527622584747
3.80419154048,5.7828521486425535
3.74055157708,5.8423364969718818
3.75928393666,5.7159425445939611
2.53718057892,4.0016833910052201
2.79321154573,4.5009668179922526
3.49320669154,5.3280672734089469
3.85715535197,5.8468093890651121
2.85254465063,4.4678485393751028
3.54754431148,5.3800439654002696
3.03901234408,4.7503636113472618
2.78521553235,4.3606475999991172
3.13265913594,4.7943283222080275
3.89895146207,6.0069129081377479
3.31180196062,5.0708959528733777
3.82262711592,5.9270004670988792
3.47066695965,5.2821440799426718
2.65027160913,4.1681690550769135
2.61175585399,4.0843435153810157
3.35891848508,5.1875729565153224
3.32823679151,5.1462461797375747
3.4825168268,5.3762875312141469
2.72519684186,4.2599242451253723
3.55994174033,5.4928840554327181
3.88007806406,5.9762922242045171
2.82283983383,4.4620373001414375
3.30606126581,5.1041314874095773
2.5711726485,4.0599009053646169
3.33935067746,5.1189689056064873
3.29874600759,5.183247712417332
2.67187665265,4.2135303490646239
3.15078697981,4.9473251171431425
3.83227041097,5.8093340049101343
2.72190603921,4.3281029726264411
2.74547026223,4.2363626156777832
3.2681521494,5.102175146100933
2.94142753364,4.5640985375455871
2.90124723254,4.5375252732283888
3.90146358962,5.9986942977560371
2.95089187125,4.6333892726023898
3.38738556252,5.2346262994051846
2.97078996907,4.5759224441184179
3.24299883509,5.0463808984406038
3.38427837285,5.2958403996647467
3.28107117109,5.0666111481247045
2.69939018053,4.2276839429741191
3.60907871978,5.6029724263755964
3.79981787951,5.7822607639333583
3.47021273306,5.3552003955072855
2.71134305091,4.2868703066168186
3.56031378996,5.493043610399865
2.9898254251,4.6430107169494415
2.8315908893,4.4663054627780836
2.61025582547,4.1843707395782967
3.39977207294,5.262637861392613
3.8479560832,5.8510746581296109
3.74078486086,5.7693660236367057
2.76813790972,4.3622243109864165
3.82081446826,5.9305222177358496
3.370517345,5.1981693909416622
2.59508799531,4.1409161192666613
2.59671563957,4.1629164997409234
3.73752069537,5.7079478224799427
3.46763610651,5.4381993522583549
2.88085243624,4.4970276523921022
3.79631161611,5.8597648424036537
2.79096813674,4.3493019283644196
2.63852406774,4.2143617044905755
3.64710709845,5.6071847125564256
3.25275732094,5.0364305922268295
3.10174926184,4.8054299765416744
2.93684827261,4.593832102599877
3.62706930578,5.5699687140456309
3.18051932999,4.8762477858315805
3.32858931296,5.1141012023245755
3.29033907012,5.1244149582228653
3.19990697106,4.990642649970165
3.50849776289,5.4096224030855735
3.65184506051,5.6558614151139084
3.86811807757,5.8911900666274626
3.26221114037,5.0082700706792904
3.4016207833,5.2435436226109777
3.57189470575,5.5040468935329834
3.78025337332,5.780939113497519
3.51511069192,5.4225368309550275
3.49221214863,5.3673432330063271
3.3784104669,5.2089182376114822
2.64482669284,4.1332452251108815
3.86490383285,5.9770651533757881
2.86531623246,4.4715458050224894
3.69837934996,5.7355890840652206
3.20484632779,4.9796729954075865
2.60328476011,4.0318049783014587
3.83161159771,5.9015981450593511
3.5659622756,5.51671681733567
2.89200020313,4.5276524973081802
3.603484537,5.5768733924766574
2.81100813324,4.4078116555908711
3.8745834384,6.0051089261957085
2.97731126323,4.6840430039474388
3.5681731772,5.5308229149722967
3.89087997292,5.937377123665792
3.2656034116,5.0671239235045533
2.58119011455,4.0590473476306377
3.55119307384,5.4787965672639567
3.61875749574,5.6487581027984177
2.86211452808,4.3976142909163869
3.52707873829,5.4406800296357343
3.77517300402,5.7660735475760472
3.23617749332,5.0422470603099478
2.6109359019,4.1172162502262157
3.61460286668,5.6114254053738861
3.11265457745,4.8807719049225096
2.58407419036,4.1018159250643054
2.95711048276,4.6612092769321301
3.68725243999,5.6983792640893123
3.15641395153,4.9918087897826817
2.90484263747,4.5087345270687988
3.6196659973,5.6334139298885901
3.60977105746,5.5767604240307485
2.73182728467,4.2591849312660379
3.72839058461,5.8564726076663236
3.26219674885,5.1168689971938672
3.83980794679,5.8206650406943119
3.33916515819,5.121217324887315
2.59782638059,4.0902030033694103
2.78099259593,4.3142424640388866
3.84964397288,5.9915882997519674
2.54932502931,4.0180017473092056
3.7776734228,5.8389971573914492
3.2374519766,4.9565340605898074
3.44524392342,5.3931006117590998
3.74762104237,5.7386184671638638
3.44781516605,5.3146814460443395
3.54435049312,5.4206930795024642
2.53172210538,4.0476155150194213
3.05576708799,4.8078148926841209
2.92848202731,4.6207839771829899
2.9086673279,4.5191950591338603
2.88513652122,4.5479930206677528
3.12096406211,4.8174026014316373
3.78877079337,5.8465749040823409
2.8560496923,4.3979464392019594
3.26926384083,5.091885268105524
3.03485131768,4.7830483286285599
3.11639104283,4.8548837918214511
3.03530941582,4.6979938819506826
2.915497814,4.5052469506422819
2.90057219688,4.5606179408142218
3.5649868777,5.4961068133471072
2.87156891974,4.5024771632225535
3.15219997419,4.9207347641019563
3.76955737371,5.8383282174734275
3.81834562082,5.7992822663915851
3.41452740898,5.2997530224536336
3.45394356664,5.3712288570267548
3.86796887781,5.9403123870122494
2.92876949363,4.6537212275202942
2.81074589696,4.3850306784324982
2.81117823365,4.4330560681019504
3.39981281426,5.299614613707246
3.26825773103,5.0007321073293802
2.77144018034,4.3212059539037329
2.56017274773,4.097736257233854
3.46091677164,5.3480798551990585
2.62812957372,4.1575302644540626
2.89239073358,4.5477757493938133
3.57075600984,5.596477322140327
2.79974122223,4.4306668564264395
3.51340659164,5.3873749588573521
3.77004245304,5.8190334515983198
3.38069081238,5.2388848247795403
3.56086956421,5.4577834196971278
3.02559840044,4.8223636833466692
2.53169856066,4.0296050592120913
3.63444462214,5.5657273764149462
3.42657765687,5.2686447710188462
3.75064926514,5.8054783508347256
3.03607367915,4.7668103001132245
2.79010989776,4.4337198172507737
3.41030828481,5.3819954054677703
3.16119655935,4.8824438726819492
3.40022030359,5.2289937896576362
3.85135101722,5.9237591982049524
3.38477488658,5.3509166073116354
3.36083535265,5.1906551260714613
2.86385788953,4.4196936303808121
3.3924153481,5.2979493810892473
3.85377832903,5.8410983541579595
2.68987521939,4.2047067291909634
2.65129290974,4.140962483460231
2.56739156368,4.0793880459130554
3.01008437348,4.7020362928429345
3.00917659666,4.6659002690824387
2.55837781325,3.9437692953505445
3.49381033975,5.3818561031142522
3.15509846031,4.8228038734638528
3.52165665972,5.4501759629901665
3.37785634943,5.2060956860891512
3.10858386336,4.8365584198917517
3.23943721827,5.0656011467615576
2.8395003785,4.409561339371427
2.66486740974,4.1748956343690748
2.92822936208,4.5694172027660551
3.1910221848,4.9561221677329339
2.65956350899,4.1491869726714583
3.57438496415,5.6243477679444727
2.73439518997,4.2787826678785432
3.77310296675,5.767999145024767
2.91510789475,4.5960893188316767
3.54788907633,5.498374091892658
3.75631799832,5.8611699893851821
3.18706111865,4.9286622883293996
3.05466521212,4.7582079986039156
3.86819107146,5.8801663564808972
3.22394459057,4.9518858527930414
2.68421828964,4.2351761047168326
3.21401105204,5.0188890573576197
3.72953121104,5.6670038947177748
3.82099619073,5.7840949269256825
3.79332760527,5.8241682420406802
2.59704889872,4.1980259132499533
3.29150155114,5.1622437496663727
2.53551671775,3.9914897857165617
2.89276164581,4.4606671494605914
2.70123110991,4.2854940649830384
3.65469124514,5.6604577292368212
2.96176550516,4.6235553054548886
3.87648914689,6.0161931497490873
3.33981409683,5.0732681486558189
2.67646319041,4.2255372478144828
3.55828600859,5.5686581846370773
2.95920502194,4.5808919807533739
2.70180747107,4.2151036652673062
3.89811056472,5.9393421811223881
3.81810557726,5.9476783661002735
3.28260368598,5.0350951460077953
3.1359792494,4.9216753748669619
3.01463478424,4.680098979951298
3.38396412641,5.2547863492259808
2.92935329976,4.5543445062518977
3.14730745118,4.8444421051230613
3.66535203655,5.6282189149299144
2.7960124534,4.4364928200293114
2.9440505244,4.5333634422948466
3.42062175851,5.2833901642377237
3.38593441341,5.2666843996145003
2.64179017485,4.1676803014584802
3.31295375969,5.1874734670465745
3.3448379013,5.1546306528531325
2.79698693209,4.4347464308857045
3.41558318756,5.2865634476755279
2.92738598914,4.5841600342378062
2.92845014919,4.563199928964595
3.58066190967,5.4564591043534874
3.85496945888,6.0316727165893713
2.79833425255,4.4163805013324824
2.9689685944,4.6645325439743504
2.6200427937,4.1379141310619794
3.71090738671,5.7384063188724443
3.12214208947,4.879450890495729
3.67486915548,5.5956255276232696
2.69742610029,4.2451080094249036
3.74114421669,5.6501567223535449
2.65210757123,4.2057948082680383
3.17658188855,4.8548203700563919
2.67138163332,4.1829045478907432
3.40108105933,5.1521191590675102
2.55296235891,3.9923381967856475
2.98930621251,4.640122584444951
2.73371566787,4.2446506328607363
3.53183212856,5.4277861043797708
3.21850100954,4.9888579824968877
3.72216789063,5.5961841002900528
3.41882783708,5.2369994587958013
3.10353069387,4.8373721249074553
2.98023539647,4.605488131768122
2.8448174751,4.43981430314689
3.6772987487,5.6607828230222763
3.17766399591,4.9491704439371835
3.82129780248,5.8934808732110939
3.65346721251,5.5706544435096861
3.45588267887,5.2739083207307527
3.66554099915,5.7209356537251939
3.61260661578,5.5602369204661581
2.9071897104,4.5908207536878542
3.74530949545,5.808861207174707
3.67009222827,5.6965317052715267
3.10963466441,4.8459793865938199
3.4048323068,5.2105878822804241
3.59090551644,5.6243014890549956
3.1557436447,4.8964942824311146
3.19468687857,4.9683938391944444
3.17377873795,5.0229579595593536
3.21115802352,4.8976254213023056
3.15781472836,4.9261918595015306
2.80012801405,4.4766581260073393
2.91012931748,4.5813419834540117
3.33122607301,5.1553282598605845
3.26992032522,5.0435274754232697
2.63289240646,4.1553626647947777
3.26257762733,5.0479166848446191
2.82316813941,4.3674559393400196
3.69548126211,5.7232878081047378
3.59449377647,5.5349553404125027
3.43153455778,5.3485265564106541
3.89394665129,5.8602863527693616
3.47015434142,5.403243308360322
2.66987040024,4.3008860129672417
2.8122881962,4.4395381635986819
3.00727782436,4.696922746037262
3.59866337155,5.5078224289833431
3.28776351509,4.9779942613717303
3.56512129453,5.5379312979620492
3.85823215677,5.8696834633567105
3.34094649177,5.1918518333300492
3.10206987293,4.8424847575954821
2.675646853,4.232539960467733
3.13600005406,4.8301658564068148
2.70512471595,4.2605890156885398
3.11245807016,4.8863963351875759
3.42675126137,5.2759527217187525
2.71007960715,4.2433240241687784
2.91030651954,4.5516909212006276
3.0492206272,4.73896215346236
3.85234439191,5.8813677091907772
3.45954266074,5.2563125348456099
3.63522165402,5.5598374679478164
3.75455222464,5.7382356177790204
2.71489390662,4.2702507876434144
3.40262925341,5.2273475608936373
2.53888482413,4.0272704774761081
2.5514122845,4.0645065719759774
2.60300958706,4.1041119406570026
2.68282184948,4.2121332816220711
3.81207533848,5.7427241430333709
2.57443410616,4.0126848401057185
3.74205475716,5.8173769209290471
2.96382043234,4.6670776421201365
2.78855752096,4.3713093570711541
3.08561018945,4.7936158992616535
3.18352452509,4.9677020874960736
3.50620932194,5.3562489475247146
3.87783211299,5.9809113767820703
3.70903219847,5.7235399656265624
3.83798542787,5.9519620874874315
3.81664157313,5.8405809902044341
3.03379548425,4.6912057074720872
2.61293486373,4.1235680117292137
3.07085926735,4.8088362713127957
3.41588998244,5.185833677042087
2.65069260312,4.1553697188400749
3.88742348863,5.8910096866782471
3.71363684954,5.7841243941714184
3.78552499345,5.8094129399401151
2.75328762737,4.3779086100008326
2.90258841817,4.5736876798528536
2.70245441341,4.2923489979795999
2.87124497808,4.4560213195357798
3.29739075146,5.0895600719212712
2.76377582016,4.338069171892819
3.08890535213,4.8304564360141873
3.65028332935,5.618749920902534
3.33436149989,5.0918494067123508
3.20598160274,4.9736358814653254
2.93803496137,4.5676003548584792
2.8351417593,4.3690850924680342
2.87105770431,4.4785812277445451
2.68682186029,4.281637623025059
3.77524225524,5.7308035284849694
2.93371499768,4.5351150166690095
3.74720207125,5.822538827719951
3.00225144489,4.6964597390631466
2.57961390941,4.0726424503552305
3.09633565955,4.7900497086367624
3.61593108794,5.5074033217834382
3.44211965652,5.3227697124409339
3.63188587894,5.6579663767237047
2.73661793002,4.3258232647090074
2.53853971448,3.9836761338521103
2.96650135347,4.5862500455468176
3.88868228359,5.8039153085140391
3.17255556514,4.981846922043573
2.89808786861,4.4326127108684465
3.83526477178,5.8681395098795708
3.759254749,5.8358182108670071
3.34017014797,5.0797433076252654
3.14503253762,4.9039437631391696
3.58331862379,5.4595732774168946
3.57929598673,5.4264828908380336
2.59573440859,4.0734628947615787
2.55607717115,4.0766435769264184
2.5347553115,4.0426070536716843
2.95014293621,4.5836556646067654
3.59134478672,5.5534224710472095
2.72376002711,4.2194261435538909
3.65070610102,5.6268482862196878
2.55328691656,4.0332948734704006
3.52095608776,5.435381559550482
3.24358793626,5.0535080130477272
3.15848207427,4.9404618066175603
2.73107179882,4.2579180607007006
3.28159685507,5.1105152652193819
2.61997178481,4.1491196666598134
3.41012905729,5.2717299015580581
3.8849294502,5.8854812830736556
3.83833294777,5.8657186068027185
3.20719593597,5.0288730727895512
3.11838113654,4.8580408673960642
2.55191100185,4.0369528047726142
3.3168404379,5.1222371418584682
3.19358577815,5.0183908836606879
3.81843445713,5.8065923107065256
3.44118047071,5.2746645137477142
2.74639119505,4.3261243558300437
3.37864043935,5.3201405962571737
3.65154945105,5.5785887223086252
3.20656953431,4.9965595945230641
3.90580049474,5.9309832632396304
3.7470605904,5.8298653966510603
2.70052276407,4.2294723401661134
3.18099574802,4.9219478609292189
2.84373646665,4.4045800106969963
3.51685723719,5.4025129785822603
3.73705660747,5.6576859492230263
2.78614590457,4.3841658769670744
3.86243742426,5.9519086120505698
2.6314377555,4.208979729151638
3.56169707567,5.524420870812901
2.54416564643,4.0217637411890221
3.67369991214,5.6291037857276427
3.15133065599,4.8757022089481339
2.73280895398,4.3859785012765995
